insult_true,insult_pred,insult_score,hate_speech_true,hate_speech_pred,hate_speech_score,threat_true,threat_pred,threat_score,harassment_true,harassment_pred,harassment_score,sexual_true,sexual_pred,sexual_score,spam_true,spam_pred,spam_score,text
0,0,0.0007,0,0,0.0001,0,0,0.0001,0,0,0.0001,0,0,0.0001,0,0,0.0001,chén kiểu cho cho coi cái chen kieu cho cho coi cai
1,1,0.6388,1,0,0.3127,0,0,0.0001,0,0,0.0,0,0,0.0001,0,0,0.0001,tài bọn ranh con riết cứ như armu chán ghê ccc tai bon ranh con riet cu nhu armu chan ghe ccc
1,0,0.0008,1,0,0.0002,0,0,0.0001,0,0,0.0001,0,0,0.0,0,0,0.0001,có tiền vay ko đi giải phẫu cho thành con gái đi ròi nc ngừoi đàn bà có cây cà rem g giữa kkk co tien vay ko i giai phau cho thanh con gai i roi nc nguoi an ba co cay ca rem g giua kkk
0,0,0.0005,0,0,0.0002,0,0,0.0001,0,0,0.0001,0,0,0.0001,0,0,0.0001,thảo mai cccccc thao mai cccccc
0,0,0.0006,0,0,0.0002,0,0,0.0001,0,0,0.0001,0,0,0.0001,0,0,0.0001,cực kỳ thuyết phục con cac cuc ky thuyet phuc con cac
0,1,0.9771,0,0,0.0902,0,0,0.0002,0,0,0.0001,0,0,0.0001,0,0,0.0002,nguyễn bình thì fan thích thì gọi v t cũng có gọi st là chủ tịch đéo đâu cơ mà fan ngta thích thì sao cấm đc nguyen binh thi fan thich thi goi v t cung co goi st la chu tich eo au co ma fan ngta thich thi sao cam c
0,0,0.0006,0,0,0.0001,0,0,0.0001,0,0,0.0001,0,0,0.0001,0,0,0.0001,số it với số ea haiz so it voi so ea haiz
1,1,0.9722,0,0,0.465,0,0,0.0001,0,0,0.0001,0,0,0.0001,0,0,0.0001,vậy chứ đại gia nó cũng quất láng lảm nhãm làm ji cũng đéo có tiền mua đâu vay chu ai gia no cung quat lang lam nham lam ji cung eo co tien mua au
0,0,0.0007,0,0,0.0002,0,0,0.0001,0,0,0.0001,0,0,0.0001,0,0,0.0001,đây là liên quân chứ nhỉ ay la lien quan chu nhi
0,0,0.0005,0,0,0.0002,0,0,0.0001,0,0,0.0001,0,0,0.0001,0,0,0.0001,vào fb này mà cập nhật nè vao fb nay ma cap nhat ne
1,1,0.9917,1,1,0.826,0,0,0.0002,0,0,0.0002,0,0,0.0002,0,0,0.0002,ngu còn sủa cho lớn lúc đầu cũng mê việt kiều ngu con sua cho lon luc au cung me viet kieu
1,0,0.0138,1,0,0.0012,0,0,0.0,0,0,0.0,0,0,0.0,0,0,0.0,tưởng k có tuổi vs vong ba gà tuong k co tuoi vs vong ba ga
0,0,0.3957,0,0,0.049,0,0,0.0001,0,0,0.0,0,0,0.0,0,0,0.0001,bộ hạ bo ha
0,0,0.0008,0,0,0.0002,0,0,0.0001,0,0,0.0001,0,0,0.0,0,0,0.0001,nghe ns chuyến này thầy đánh cko skt nghe ns chuyen nay thay anh cko skt
0,0,0.0007,0,0,0.0002,0,0,0.0001,0,0,0.0001,0,0,0.0001,0,0,0.0001,vậy rồi có chết ko vay roi co chet ko
0,0,0.0006,0,0,0.0002,0,0,0.0001,0,0,0.0001,0,0,0.0001,0,0,0.0001,kêu vậy là thầy giận keu vay la thay gian
0,0,0.0006,0,0,0.0002,0,0,0.0001,0,0,0.0001,0,0,0.0001,0,0,0.0001,mới ngủ thức dậy ln moi ngu thuc day ln
0,0,0.0046,0,0,0.0005,0,0,0.0,0,0,0.0,0,0,0.0,0,0,0.0,an vao là ko sống đc tôi iootuoi đâu nhé an vao la ko song c toi iootuoi au nhe
0,0,0.0005,0,0,0.0002,0,0,0.0001,0,0,0.0001,0,0,0.0001,0,0,0.0001,hoang vo hay hoang vo hay
1,1,0.9818,0,0,0.3707,0,0,0.0001,0,0,0.0001,0,0,0.0001,0,0,0.0001,mvp con cac gì tầm này ccc mvp con cac gi tam nay ccc
0,0,0.0006,0,0,0.0002,0,0,0.0001,0,0,0.0001,0,0,0.0001,0,0,0.0001,tết này chắc không có nồi thịt heo kho rồi tet nay chac khong co noi thit heo kho roi
1,1,0.9946,1,1,0.9649,0,0,0.0004,0,0,0.0003,0,0,0.0004,0,0,0.0003,cái địt cụ nhà chúng nó việt nam nhiều giáo sư tiến sỹ nhất thế giới mà chẳng thằng lon nào hiểu chất độc nó là cái gì bọn bu lon ăn tục nói phét thôi cai it cu nha chung no viet nam nhieu giao su tien sy nhat the gioi ma chang thang lon nao hieu chat oc no la cai gi bon bu lon an tuc noi phet thoi
0,0,0.0006,0,0,0.0002,0,0,0.0001,0,0,0.0001,0,0,0.0001,0,0,0.0001,vậy có đi tù ko vay co i tu ko
0,0,0.0005,0,0,0.0002,0,0,0.0001,0,0,0.0001,0,0,0.0001,0,0,0.0001,định nghĩa ko cần làm vẫn có lương inh nghia ko can lam van co luong
0,0,0.0005,0,0,0.0002,0,0,0.0001,0,0,0.0001,0,0,0.0001,0,0,0.0001,liên oanh xem lip này chăk bả cười ỉa lien oanh xem lip nay chak ba cuoi ia
1,1,0.9955,1,1,0.9387,0,0,0.0003,0,0,0.0003,0,0,0.0003,0,0,0.0003,có con cac nè em c co con cac ne em c
0,0,0.0006,0,0,0.0002,0,0,0.0001,0,0,0.0001,0,0,0.0001,0,0,0.0001,có khi trầm cảm mất ấy nhỉ co khi tram cam mat ay nhi
0,0,0.0006,0,0,0.0002,0,0,0.0001,0,0,0.0001,0,0,0.0001,0,0,0.0001,nhưng ở việt nam nó lại thâm thuý vô cùng nhung o viet nam no lai tham thuy vo cung
0,0,0.0005,0,0,0.0002,0,0,0.0001,0,0,0.0001,0,0,0.0001,0,0,0.0001,vũ ngọc huệ vu ngoc hue
1,0,0.0765,1,0,0.0134,0,0,0.0001,0,0,0.0,0,0,0.0,0,0,0.0001,nè ní m sai m cố chấp jo m xl à đào đất ngủ đi r nhận sự tha thứ ne ni m sai m co chap jo m xl a ao at ngu i r nhan su tha thu
0,0,0.0005,0,0,0.0002,0,0,0.0001,0,0,0.0001,0,0,0.0001,0,0,0.0001,thiếu đoạn đi bar cakdilac nữa tộc trưởng ơi thieu oan i bar cakdilac nua toc truong oi
0,0,0.0006,0,0,0.0002,0,0,0.0001,0,0,0.0001,0,0,0.0001,0,0,0.0001,đưa a độ về bắt ít gà tày làm khô gà bán cho các ông đấy ua a o ve bat it ga tay lam kho ga ban cho cac ong ay
0,0,0.0006,0,0,0.0002,0,0,0.0001,0,0,0.0001,0,0,0.0001,0,0,0.0001,ngta lên gần ao máy rồi mấy anh chị hai t bình thuận nè đi thêm mớ nữa rồi chưa cập nhật thôi ngta len gan ao may roi may anh chi hai t binh thuan ne i them mo nua roi chua cap nhat thoi
0,0,0.14,0,0,0.0084,0,0,0.0001,0,0,0.0,0,0,0.0001,0,0,0.0001,cái việc này làm cho mn bị tối cổ quá nhanh quá nguy hiểm cai viec nay lam cho mn bi toi co qua nhanh qua nguy hiem
0,0,0.0004,0,0,0.0002,0,0,0.0001,0,0,0.0001,0,0,0.0001,0,0,0.0001,em lại va cơm men chi làm nhiều video nữa nha mà nhớ cho e xem nha chị em lai va com men chi lam nhieu video nua nha ma nho cho e xem nha chi
0,0,0.0004,0,0,0.0002,0,0,0.0001,0,0,0.0001,0,0,0.0001,0,0,0.0001,em tới đây khoe huy hiệu anh ơi ccc em toi ay khoe huy hieu anh oi ccc
0,0,0.0011,0,0,0.0002,0,0,0.0001,0,0,0.0001,0,0,0.0,0,0,0.0001,sin sin
0,0,0.0007,0,0,0.0002,0,0,0.0001,0,0,0.0001,0,0,0.0,0,0,0.0001,có đứa nào muốn như anh độ k làm tí với t i mũi tên trúng z đích luôn co ua nao muon nhu anh o k lam ti voi t i mui ten trung z ich luon
1,1,0.9897,1,1,0.8877,0,0,0.0002,0,0,0.0002,0,0,0.0002,0,0,0.0001,sông cửu long thì bọn cẩu nó ngăn nước đầu nguồn giờ miền trung thì xả chất độc c chả có cái gì bọn cẩu này ko làm đc song cuu long thi bon cau no ngan nuoc au nguon gio mien trung thi xa chat oc c cha co cai gi bon cau nay ko lam c
0,0,0.3578,0,0,0.0851,0,0,0.0001,0,0,0.0,0,0,0.0,0,0,0.0001,a ha chào cụ tiên sư trần mần hay mình khoái nghe hài của cụ coi chừng cụ nhé em ncov nó quặc vô là cụ đi đấy còn giờ này cụ chỉ có dương vật teo chứ sao mà cúm dơi cúm mèo đc a ha chao cu tien su tran man hay minh khoai nghe hai cua cu coi chung cu nhe em ncov no quac vo la cu i ay con gio nay cu chi co duong vat teo chu sao ma cum doi cum meo c
0,0,0.0039,0,0,0.0003,0,0,0.0,0,0,0.0,0,0,0.0,0,0,0.0001,ít hôm nữa có nghị quyết cho đẻ thoải mái để giảm nợ công trên đầu người ha ha it hom nua co nghi quyet cho e thoai mai e giam no cong tren au nguoi ha ha
0,0,0.0005,0,0,0.0002,0,0,0.0001,0,0,0.0001,0,0,0.0001,0,0,0.0001,đức thịnh zô a ơi uc thinh zo a oi
0,0,0.0006,0,0,0.0002,0,0,0.0001,0,0,0.0001,0,0,0.0001,0,0,0.0001,sao thầy kh múa quạt nhỉ ccc sao thay kh mua quat nhi ccc
0,0,0.0005,0,0,0.0002,0,0,0.0001,0,0,0.0001,0,0,0.0001,0,0,0.0001,tôi cũng vây nói ko với tân hiệp phát toi cung vay noi ko voi tan hiep phat
1,1,0.9949,1,1,0.9617,0,0,0.0004,0,0,0.0004,0,0,0.0004,0,0,0.0003,phúc báo dịch thì sát đít mà đi du lịch như đéo có chuyện gì rồi mang về việt nam đéo hiểu mấy đĩ nhà giàu này phuc bao dich thi sat it ma i du lich nhu eo co chuyen gi roi mang ve viet nam eo hieu may i nha giau nay
0,0,0.0006,0,0,0.0002,0,0,0.0001,0,0,0.0001,0,0,0.0001,0,0,0.0001,đứng đầu mẫu nghi thiên hạ ung au mau nghi thien ha
1,0,0.0008,1,0,0.0002,0,0,0.0001,0,0,0.0001,0,0,0.0,0,0,0.0001,moá quái thai moa quai thai
0,1,0.677,0,0,0.0581,0,0,0.0001,0,0,0.0001,0,0,0.0001,0,0,0.0001,hỏi ngu xíu tiền môi trường làm sao cản đc uv từ mặt trời chiếu xuống e ko biết thậti e chấp nhận nge chửi để khôn ra d hoi ngu xiu tien moi truong lam sao can c uv tu mat troi chieu xuong e ko biet thati e chap nhan nge chui e khon ra d
0,0,0.0008,0,0,0.0001,0,0,0.0001,0,0,0.0001,0,0,0.0,0,0,0.0001,comment dạo để đc fan cứng comment dao e c fan cung
0,0,0.0005,0,0,0.0002,0,0,0.0001,0,0,0.0001,0,0,0.0001,0,0,0.0001,qá dễ thương qa de thuong
0,0,0.0164,0,0,0.003,0,0,0.0,0,0,0.0,0,0,0.0,0,0,0.0,ông già nhà thằng tùng đi đâu r để tk con ở nhà chơi một mih z v ong gia nha thang tung i au r e tk con o nha choi mot mih z v
0,0,0.0005,0,0,0.0002,0,0,0.0001,0,0,0.0001,0,0,0.0001,0,0,0.0001,cười từ đầu đến cuối toát mồ hôi lách cuoi tu au en cuoi toat mo hoi lach
0,0,0.0005,0,0,0.0002,0,0,0.0001,0,0,0.0001,0,0,0.0001,0,0,0.0001,cố lên ae sbtc vô đối co len ae sbtc vo oi
1,1,0.9717,1,1,0.8485,0,0,0.0001,0,0,0.0001,0,0,0.0001,0,0,0.0001,ông ấy không có mưu đồ chính trị ji đâu nói xàm xàm cho vui ấy mà với lại người ta cũng già rồi ông ấy khác bọn việt tân ong ay khong co muu o chinh tri ji au noi xam xam cho vui ay ma voi lai nguoi ta cung gia roi ong ay khac bon viet tan
0,0,0.0005,0,0,0.0002,0,0,0.0001,0,0,0.0001,0,0,0.0001,0,0,0.0001,nguyễn trọng hiệp có cần cho mượn con bmw tgoli ko con cac nguyen trong hiep co can cho muon con bmw tgoli ko con cac
0,0,0.0012,0,0,0.0002,0,0,0.0,0,0,0.0001,0,0,0.0,0,0,0.0001,con gà tại sao không phải là anh ba mà là pét len con cac con ga tai sao khong phai la anh ba ma la pet len con cac
0,0,0.002,0,0,0.0003,0,0,0.0,0,0,0.0,0,0,0.0,0,0,0.0001,các thanh niên đang bật chế độ tự động hay k thì k biết nhưng đang nói về vụ ngập mặn sông cửu long lại sọ sang boxit tây nguyên với chả nhà nước hỏi ý kiến dân cac thanh nien ang bat che o tu ong hay k thi k biet nhung ang noi ve vu ngap man song cuu long lai so sang boxit tay nguyen voi cha nha nuoc hoi y kien dan
1,1,0.5376,0,0,0.0487,0,0,0.0001,0,0,0.0,0,0,0.0001,0,0,0.0001,aakat akat ổng ko đồng ý thì kệ mẹ ổng thích thì lấy hình ra chế giễu kêu ổng về kiện đi aakat akat ong ko ong y thi ke me ong thich thi lay hinh ra che gieu keu ong ve kien i
1,0,0.0004,1,0,0.0002,0,0,0.0001,0,0,0.0001,0,0,0.0001,0,0,0.0001,ba dung toi bac ky la ba toi so rui nhe ba dung toi bac ky la ba toi so rui nhe
0,0,0.0006,0,0,0.0002,0,0,0.0001,0,0,0.0001,0,0,0.0001,0,0,0.0001,nghe thì có vẻ vô lí nhưng lại cực kì hợp lí và thuyết phục con cac nghe thi co ve vo li nhung lai cuc ki hop li va thuyet phuc con cac
0,0,0.0004,0,0,0.0002,0,0,0.0001,0,0,0.0001,0,0,0.0001,0,0,0.0001,ngồi nghe r tự mỉm cười tự hào ngoi nghe r tu mim cuoi tu hao
0,0,0.0006,0,0,0.0001,0,0,0.0001,0,0,0.0001,0,0,0.0001,0,0,0.0001,cực kì thiếu thuyết phục cuc ki thieu thuyet phuc
0,0,0.0009,0,0,0.0002,0,0,0.0001,0,0,0.0001,0,0,0.0,0,0,0.0001,nhớ chuyển đổi giới tính cho nhím mvp nha anh con cac nho chuyen oi gioi tinh cho nhim mvp nha anh con cac
0,0,0.0005,0,0,0.0002,0,0,0.0001,0,0,0.0001,0,0,0.0001,0,0,0.0001,bố yêu dz lắm tym tym bo yeu dz lam tym tym
0,0,0.0007,0,0,0.0002,0,0,0.0001,0,0,0.0001,0,0,0.0001,0,0,0.0001,khi k con vb khi k con vb
0,0,0.0005,0,0,0.0002,0,0,0.0001,0,0,0.0001,0,0,0.0001,0,0,0.0001,lương tháng chỉ có t btr nên chúng mày thông cảm trước anh độ bảo có nhận quảng cáo nào đâu sau đợt bắn giải đầu tư hết tiền nên phải chạy mấy cái quảng cáo để lấy tiền ăn cua hoàng đế với tôm alaska luong thang chi co t btr nen chung may thong cam truoc anh o bao co nhan quang cao nao au sau ot ban giai au tu het tien nen phai chay may cai quang cao e lay tien an cua hoang e voi tom alaska
0,0,0.0051,0,0,0.0003,0,0,0.0,0,0,0.0,0,0,0.0,0,0,0.0001,chậm thôi con cac cham thoi con cac
0,0,0.3305,0,0,0.0238,0,0,0.0001,0,0,0.0,0,0,0.0,0,0,0.0001,julia trần chắc do mỗi ng mỗi cảm nhận á bạni mình với bạn mình đợt cũng tò mò kiu thử i con ăn thử chút xíu ám ảnh mùi bọ xít xong bỏ nguyên con luôni ớn từ đó về sau k bao giờ ăn con ấy luôn julia tran chac do moi ng moi cam nhan a bani minh voi ban minh ot cung to mo kiu thu i con an thu chut xiu am anh mui bo xit xong bo nguyen con luoni on tu o ve sau k bao gio an con ay luon
0,0,0.0009,0,0,0.0002,0,0,0.0001,0,0,0.0001,0,0,0.0,0,0,0.0001,đúng ung
0,0,0.0005,0,0,0.0002,0,0,0.0001,0,0,0.0001,0,0,0.0001,0,0,0.0001,trần long ẩn lê cung hai đứa mầy mở mắt ra xem thiên hạ chửi tran long an le cung hai ua may mo mat ra xem thien ha chui
0,0,0.0005,0,0,0.0002,0,0,0.0001,0,0,0.0001,0,0,0.0001,0,0,0.0001,khổ thân anh tôi ko có tiền phải mua tôm alaska để ăn qua ngày kho than anh toi ko co tien phai mua tom alaska e an qua ngay
0,0,0.001,0,0,0.0002,0,0,0.0001,0,0,0.0001,0,0,0.0,0,0,0.0001,nguyễn hoàng đan phương tự nhiên lại nghĩ đến m ccc nguyen hoang an phuong tu nhien lai nghi en m ccc
0,0,0.0006,0,0,0.0002,0,0,0.0001,0,0,0.0001,0,0,0.0001,0,0,0.0001,cát thịnh idol đú trend quá chậm con cac cat thinh idol u trend qua cham con cac
1,1,0.9864,0,0,0.0266,0,0,0.0005,0,0,0.0004,0,0,0.0004,0,0,0.0005,vai ca lon vai ca lon
0,0,0.0005,0,0,0.0002,0,0,0.0001,0,0,0.0001,0,0,0.0001,0,0,0.0001,cô thanh niên xp độ mixi co thanh nien xp o mixi
0,1,0.518,0,0,0.0564,0,0,0.0001,0,0,0.0001,0,0,0.0001,0,0,0.0001,người nhiều tiền thiệt khó hiểu nguoi nhieu tien thiet kho hieu
0,0,0.3875,0,0,0.1579,0,0,0.0001,0,0,0.0,0,0,0.0001,0,0,0.0001,abe dạo này nóng quá à hoong quạo nha abe số abe nó mở ra zị thôi chửi con cac nè abe abe dao nay nong qua a hoong quao nha abe so abe no mo ra zi thoi chui con cac ne abe
0,0,0.0006,0,0,0.0002,0,0,0.0001,0,0,0.0001,0,0,0.0001,0,0,0.0001,hên quá cuộc đời tui ko ăn hải sản d hen qua cuoc oi tui ko an hai san d
0,0,0.003,0,0,0.0003,0,0,0.0,0,0,0.0,0,0,0.0,0,0,0.0001,thay thay
1,0,0.0008,1,0,0.0002,0,0,0.0001,0,0,0.0001,0,0,0.0,0,0,0.0001,k icm ca sĩ concac à k icm ca si concac a
0,0,0.0004,0,0,0.0002,0,0,0.0001,0,0,0.0001,0,0,0.0001,0,0,0.0001,mai ánh thi có nha em ơi ibx nha mai anh thi co nha em oi ibx nha
0,0,0.0005,0,0,0.0002,0,0,0.0001,0,0,0.0001,0,0,0.0001,0,0,0.0001,ok các cháu ok cac chau
0,0,0.0005,0,0,0.0002,0,0,0.0001,0,0,0.0001,0,0,0.0001,0,0,0.0001,ae cho phím i đuổi abe để cô dolce quay trở lại nào ae cho phim i uoi abe e co dolce quay tro lai nao
1,1,0.9726,0,0,0.0238,0,0,0.0003,0,0,0.0002,0,0,0.0002,0,0,0.0003,yêu cai lon gì nhà bao việc yeu cai lon gi nha bao viec
0,0,0.0005,0,0,0.0002,0,0,0.0001,0,0,0.0001,0,0,0.0001,0,0,0.0001,tùy gu nghe nhạc của mỗi người thôi với lại có lẽ b đã quen với phong cách âm nhạc hồi trước của jack nên bh jack kết hợp với người khác và theo phong cách âm nhạc khác nên có vẻ hơi lạ với người mới nghe tuy gu nghe nhac cua moi nguoi thoi voi lai co le b a quen voi phong cach am nhac hoi truoc cua jack nen bh jack ket hop voi nguoi khac va theo phong cach am nhac khac nen co ve hoi la voi nguoi moi nghe
0,0,0.0006,0,0,0.0002,0,0,0.0001,0,0,0.0001,0,0,0.0001,0,0,0.0001,lúc đi không có màu lúc về có màu luc i khong co mau luc ve co mau
0,0,0.0007,0,0,0.0002,0,0,0.0001,0,0,0.0001,0,0,0.0001,0,0,0.0001,phúc nhưng phối nhạc hợp với j phuc nhung phoi nhac hop voi j
0,0,0.0005,0,0,0.0002,0,0,0.0001,0,0,0.0001,0,0,0.0001,0,0,0.0001,đẹp trai ghê chưa ep trai ghe chua
0,0,0.0005,0,0,0.0002,0,0,0.0001,0,0,0.0001,0,0,0.0001,0,0,0.0001,công nhận mình không thích jack toàn fan ùa theo là chính cong nhan minh khong thich jack toan fan ua theo la chinh
0,0,0.0869,0,0,0.0041,0,0,0.0001,0,0,0.0001,0,0,0.0001,0,0,0.0001,quả này thì vãi l quá v qua nay thi vai l qua v
0,0,0.0005,0,0,0.0002,0,0,0.0001,0,0,0.0001,0,0,0.0001,0,0,0.0001,chú đợt này xuống sắc chu ot nay xuong sac
0,0,0.0005,0,0,0.0002,0,0,0.0001,0,0,0.0001,0,0,0.0001,0,0,0.0001,nguyễn nhung cân nhắc công việc mới nè nguyen nhung can nhac cong viec moi ne
0,0,0.0006,0,0,0.0002,0,0,0.0001,0,0,0.0001,0,0,0.0001,0,0,0.0001,coi cười bệnh luôn coi cuoi benh luon
0,0,0.0129,0,0,0.0008,0,0,0.0,0,0,0.0,0,0,0.0,0,0,0.0001,phương nam i hộp sook bán ko phuong nam i hop sook ban ko
0,0,0.0004,0,0,0.0002,0,0,0.0001,0,0,0.0001,0,0,0.0001,0,0,0.0001,ch minh hiếu nói ch rất dễ thương thật ch minh hieu noi ch rat de thuong that
1,0,0.3899,0,0,0.0217,0,0,0.0001,0,0,0.0001,0,0,0.0001,0,0,0.0001,khựa nhé cccc khua nhe cccc
0,1,0.9901,0,1,0.636,0,0,0.0002,0,0,0.0002,0,0,0.0002,0,0,0.0002,cơ mà có vẻ sỉ nhục con cá vàng quá ad e co ma co ve si nhuc con ca vang qua ad e
0,0,0.0005,0,0,0.0002,0,0,0.0001,0,0,0.0001,0,0,0.0001,0,0,0.0001,thầy có nhận đệ tử ko thầy thay co nhan e tu ko thay
0,0,0.0005,0,0,0.0002,0,0,0.0001,0,0,0.0001,0,0,0.0001,0,0,0.0001,threecardo threecardo
1,0,0.0011,1,0,0.0002,0,0,0.0001,0,0,0.0001,0,0,0.0,0,0,0.0001,m im đi add m im i add
0,0,0.0005,0,0,0.0002,0,0,0.0001,0,0,0.0001,0,0,0.0001,0,0,0.0001,thùy promise nghe hư trúc nhưng lại rất mộ dung phục à emmm thuy promise nghe hu truc nhung lai rat mo dung phuc a emmm
0,0,0.0005,0,0,0.0002,0,0,0.0001,0,0,0.0001,0,0,0.0001,0,0,0.0001,anh có thể nói sai được ko anh co the noi sai uoc ko
0,1,0.529,0,0,0.056,0,0,0.0001,0,0,0.0001,0,0,0.0001,0,0,0.0001,lời nói thật là daus hiệu của kẻ sắp chết người sắp chết thường hay nói thật ii ngày nữa hối hânn quá muộn chăn loi noi that la daus hieu cua ke sap chet nguoi sap chet thuong hay noi that ii ngay nua hoi hann qua muon chan
0,1,0.8849,0,0,0.4796,0,0,0.0001,0,0,0.0001,0,0,0.0001,0,0,0.0001,vì cuộc sống của gia đình dân hết đường sống mới biểu tình phản động đây mà khổ quá miền trung vi cuoc song cua gia inh dan het uong song moi bieu tinh phan ong ay ma kho qua mien trung
0,0,0.0004,0,0,0.0002,0,0,0.0001,0,0,0.0001,0,0,0.0001,0,0,0.0001,khúc cuối anh cười cảm động thực sự khuc cuoi anh cuoi cam ong thuc su
0,0,0.0009,0,0,0.0002,0,0,0.0001,0,0,0.0001,0,0,0.0,0,0,0.0001,cà khịa pew ca khia pew
0,0,0.0006,0,0,0.0002,0,0,0.0001,0,0,0.0001,0,0,0.0001,0,0,0.0001,tô ngọc cầm game liên minh huyền thoại mobi của riot sắp ra mắt ccc nên nó phải mạnh mẽ chứ ccc sợ bị lật ngôii đó mà to ngoc cam game lien minh huyen thoai mobi cua riot sap ra mat ccc nen no phai manh me chu ccc so bi lat ngoii o ma
0,0,0.0005,0,0,0.0002,0,0,0.0001,0,0,0.0001,0,0,0.0001,0,0,0.0001,aduong thùy sao ấy aduong thuy sao ay
0,0,0.112,0,0,0.0054,0,0,0.0001,0,0,0.0,0,0,0.0001,0,0,0.0001,nghĩ mà chán hazzz nghi ma chan hazzz
0,0,0.0005,0,0,0.0002,0,0,0.0001,0,0,0.0001,0,0,0.0001,0,0,0.0001,nguyễn hoạt bác giỏi thật nguyen hoat bac gioi that
0,0,0.0005,0,0,0.0002,0,0,0.0001,0,0,0.0001,0,0,0.0001,0,0,0.0001,ok anh ưi ok anh ui
0,0,0.0005,0,0,0.0002,0,0,0.0001,0,0,0.0001,0,0,0.0001,0,0,0.0001,bamtp chạy ngay ddi con cac bamtp chay ngay ddi con cac
0,0,0.0027,0,0,0.0003,0,0,0.0,0,0,0.0,0,0,0.0,0,0,0.0001,nhạc gì mà khó nghe tiếng nhac gi ma kho nghe tieng
1,1,0.9865,1,1,0.8953,0,0,0.0002,0,0,0.0001,0,0,0.0002,0,0,0.0001,thằng cha tập qua đây dân mìh nó xem như choá ccccc thang cha tap qua ay dan mih no xem nhu choa ccccc
0,0,0.0841,0,0,0.0113,0,0,0.0,0,0,0.0,0,0,0.0,0,0,0.0001,atrà my đr atra my r
0,0,0.0005,0,0,0.0002,0,0,0.0001,0,0,0.0001,0,0,0.0001,0,0,0.0001,nguyễn hữu thái ib a nguyen huu thai ib a
0,0,0.0014,0,0,0.0002,0,0,0.0,0,0,0.0001,0,0,0.0,0,0,0.0001,tiên tri dũ chụ mau khoẻ con cac tien tri du chu mau khoe con cac
1,1,0.9945,1,1,0.9446,0,0,0.0003,0,0,0.0003,0,0,0.0003,0,0,0.0002,chơi fb đi con chó để ng dân thấy bản mặt thật của mày thằng chó choi fb i con cho e ng dan thay ban mat that cua may thang cho
0,0,0.0005,0,0,0.0002,0,0,0.0001,0,0,0.0001,0,0,0.0001,0,0,0.0001,rất thuyết phục rat thuyet phuc
0,0,0.0005,0,0,0.0001,0,0,0.0001,0,0,0.0001,0,0,0.0001,0,0,0.0001,đc a ưi c a ui
1,1,0.9719,0,0,0.3569,0,0,0.0001,0,0,0.0001,0,0,0.0001,0,0,0.0001,a vẫn chăm chỉ nayd a vẫn cố găng cho đến khi lỗ đít của a bị mọc đinh kiểu vừa đấm vừa xoa rap fofun vc a van cham chi nayd a van co gang cho en khi lo it cua a bi moc inh kieu vua am vua xoa rap fofun vc
0,0,0.0005,0,0,0.0002,0,0,0.0001,0,0,0.0001,0,0,0.0001,0,0,0.0001,na tô thạch cô miền quê mà biết dì đâu na to thach co mien que ma biet di au
0,0,0.0016,0,0,0.0002,0,0,0.0,0,0,0.0,0,0,0.0,0,0,0.0001,da chua cô ba oi da chua co ba oi
0,0,0.0005,0,0,0.0002,0,0,0.0001,0,0,0.0001,0,0,0.0001,0,0,0.0001,chị này nc thật thà quá chi nay nc that tha qua
1,1,0.9883,0,0,0.0322,0,0,0.0005,0,0,0.0004,0,0,0.0004,0,0,0.0005,đéo eo
0,0,0.0007,0,0,0.0002,0,0,0.0001,0,0,0.0001,0,0,0.0,0,0,0.0001,tuy z ma i no do tuy z ma i no do
0,1,0.9915,0,1,0.8309,0,0,0.0002,0,0,0.0002,0,0,0.0002,0,0,0.0002,iss mở nắp quan tài iss mo nap quan tai
0,0,0.0004,0,0,0.0002,0,0,0.0001,0,0,0.0001,0,0,0.0001,0,0,0.0001,cho em xin inf anh nằm cạnh c kim con cac cho em xin inf anh nam canh c kim con cac
0,0,0.0417,0,0,0.006,0,0,0.0,0,0,0.0,0,0,0.0,0,0,0.0,thu ha con chó bằng bưởi là của bố bạn à cccccccc thu ha con cho bang buoi la cua bo ban a cccccccc
0,0,0.0005,0,0,0.0002,0,0,0.0001,0,0,0.0001,0,0,0.0001,0,0,0.0001,cưng chị hiếu quá dể thương thật thà vui tính cung chi hieu qua de thuong that tha vui tinh
0,0,0.001,0,0,0.0002,0,0,0.0,0,0,0.0001,0,0,0.0,0,0,0.0001,việt nam đang lèo lái cho qua trận dịch nầy i mong người việt bốn phương tám hướng đừng chia rẽ đấu đá nhau i cùng nhau xây dựng giàu mạnh viet nam ang leo lai cho qua tran dich nay i mong nguoi viet bon phuong tam huong ung chia re au a nhau i cung nhau xay dung giau manh
0,0,0.0287,0,0,0.0016,0,0,0.0,0,0,0.0,0,0,0.0,0,0,0.0001,nó chụp ảnh chỉnh sửa quá mất mẹ vẻ đẹp trai của thầy rồi no chup anh chinh sua qua mat me ve ep trai cua thay roi
0,0,0.0007,0,0,0.0002,0,0,0.0001,0,0,0.0001,0,0,0.0001,0,0,0.0001,bà phù thủy và anh tộc trg bùi to như lõi dấy ba phu thuy va anh toc trg bui to nhu loi day
1,1,0.8641,0,0,0.0436,0,0,0.0001,0,0,0.0001,0,0,0.0001,0,0,0.0001,đcm tướng mà giờ chơi loto để hy vọng vãi cả cm tuong ma gio choi loto e hy vong vai ca
0,0,0.0007,0,0,0.0002,0,0,0.0001,0,0,0.0001,0,0,0.0001,0,0,0.0001,đẽ ok e ok
0,0,0.0006,0,0,0.0002,0,0,0.0001,0,0,0.0001,0,0,0.0001,0,0,0.0001,dạo này báo tuổi trẻ muốn đi theo báo người cao tuổi con cac dao nay bao tuoi tre muon i theo bao nguoi cao tuoi con cac
0,0,0.0005,0,0,0.0002,0,0,0.0001,0,0,0.0001,0,0,0.0001,0,0,0.0001,minh hieu nói chuyen vui quái minh hieu noi chuyen vui quai
0,0,0.0005,0,0,0.0002,0,0,0.0001,0,0,0.0001,0,0,0.0001,0,0,0.0001,khi nhà phát hành iphone lại là thành viên tộc mixi con cac khi nha phat hanh iphone lai la thanh vien toc mixi con cac
0,0,0.0006,0,0,0.0002,0,0,0.0001,0,0,0.0001,0,0,0.0001,0,0,0.0001,nam triều tiên sắp mất top miss hoa hậu covid ig rồii nam trieu tien sap mat top miss hoa hau covid ig roii
0,0,0.0005,0,0,0.0002,0,0,0.0001,0,0,0.0001,0,0,0.0001,0,0,0.0001,tham gia group để được tư vấn làm đẹp mỗi ngày nha chị em cách ly cũng đẹp nhỡ đâu gặp hoàng tử trong đấy tham gia group e uoc tu van lam ep moi ngay nha chi em cach ly cung ep nho au gap hoang tu trong ay
0,0,0.0188,0,0,0.002,0,0,0.0,0,0,0.0,0,0,0.0,0,0,0.0001,ad học giỏi ghê h mới biết vn cũng trong gt con cac ad hoc gioi ghe h moi biet vn cung trong gt con cac
0,0,0.007,0,0,0.0005,0,0,0.0,0,0,0.0,0,0,0.0,0,0,0.0,lúc nó nói câu đó muốn xỉu á muốn dô hai chai nước biển luc no noi cau o muon xiu a muon do hai chai nuoc bien
0,0,0.0005,0,0,0.0002,0,0,0.0001,0,0,0.0001,0,0,0.0001,0,0,0.0001,lộ clip bả giả liệu từ lúc sphuteo ae xem kỹ lại biết lien lo clip ba gia lieu tu luc sphuteo ae xem ky lai biet lien
0,0,0.0005,0,0,0.0002,0,0,0.0001,0,0,0.0001,0,0,0.0001,0,0,0.0001,k atm cao lãnh k atm cao lanh
0,0,0.005,0,0,0.0005,0,0,0.0,0,0,0.0,0,0,0.0,0,0,0.0,a khắc việt rủ cách ly xong đánh nhau kìa a khac viet ru cach ly xong anh nhau kia
0,0,0.0005,0,0,0.0002,0,0,0.0001,0,0,0.0001,0,0,0.0001,0,0,0.0001,xin video với broh xin video voi broh
0,0,0.0005,0,0,0.0002,0,0,0.0001,0,0,0.0001,0,0,0.0001,0,0,0.0001,cmt mãi không được fan cứng là saoooo cmt mai khong uoc fan cung la saoooo
0,0,0.0005,0,0,0.0002,0,0,0.0001,0,0,0.0001,0,0,0.0001,0,0,0.0001,cực kì thuyết p cuc ki thuyet p
0,0,0.0004,0,0,0.0002,0,0,0.0001,0,0,0.0001,0,0,0.0001,0,0,0.0001,cao huy toang ông giáo rồi cao huy toang ong giao roi
0,0,0.0005,0,0,0.0002,0,0,0.0001,0,0,0.0001,0,0,0.0001,0,0,0.0001,chi ơi noi ghê qua di chi oi noi ghe qua di
1,1,0.9958,1,1,0.8308,0,0,0.0003,0,0,0.0003,0,0,0.0003,0,0,0.0002,con chó diên dan chuong trình nghe muon ỉa ra quần con cho dien dan chuong trinh nghe muon ia ra quan
0,0,0.0004,0,0,0.0002,0,0,0.0001,0,0,0.0001,0,0,0.0001,0,0,0.0001,phobolsatv bác lân cho em xin facebook của bác dần đi phobolsatv bac lan cho em xin facebook cua bac dan i
0,0,0.2409,0,0,0.0134,0,0,0.0001,0,0,0.0001,0,0,0.0001,0,0,0.0001,ơ ngay kế bên vp làm việc of tớ mà tớ ko bik o ngay ke ben vp lam viec of to ma to ko bik
0,1,0.7753,0,0,0.0315,0,0,0.0001,0,0,0.0001,0,0,0.0001,0,0,0.0001,tiền thấy thường ít hơn tiền không thấy tien thay thuong it hon tien khong thay
0,0,0.0005,0,0,0.0002,0,0,0.0001,0,0,0.0001,0,0,0.0001,0,0,0.0001,chị chửi hay quá chị ơi e luôn ủng hộ chị chi chui hay qua chi oi e luon ung ho chi
1,1,0.9941,1,1,0.9318,0,0,0.0003,0,0,0.0002,0,0,0.0003,0,0,0.0002,ad ngày càng thể hiện bản chất xàm lon tốt hơn trước ccc ad ngay cang the hien ban chat xam lon tot hon truoc ccc
0,0,0.0006,0,0,0.0002,0,0,0.0001,0,0,0.0001,0,0,0.0001,0,0,0.0001,like like
0,0,0.0005,0,0,0.0002,0,0,0.0001,0,0,0.0001,0,0,0.0001,0,0,0.0001,mời con mèo ăn cơm v moi con meo an com v
0,0,0.0005,0,0,0.0002,0,0,0.0001,0,0,0.0001,0,0,0.0001,0,0,0.0001,thuỷ deema ny nào chưa công khai hay gì mà chỉ đi chơi các kiểu chứ chưa chính thức hẹn hò thuy deema ny nao chua cong khai hay gi ma chi i choi cac kieu chu chua chinh thuc hen ho
0,0,0.0005,0,0,0.0002,0,0,0.0001,0,0,0.0001,0,0,0.0001,0,0,0.0001,em xin đầu quân cho cty anh em xin au quan cho cty anh
1,1,0.9943,1,1,0.963,0,0,0.0003,0,0,0.0003,0,0,0.0004,0,0,0.0003,tổ cha nhà mấy thằng quản lý với bảo kê ngu như con lợn i đã biết thể trạng của các em ý đều là nước nôi rất ít mà lại ko chịu cảnh giác vấn đề củi lửa to cha nha may thang quan ly voi bao ke ngu nhu con lon i a biet the trang cua cac em y eu la nuoc noi rat it ma lai ko chiu canh giac van e cui lua
0,0,0.0005,0,0,0.0002,0,0,0.0001,0,0,0.0001,0,0,0.0001,0,0,0.0001,hoàng vânanh yep yep hoang vananh yep yep
1,1,0.9437,0,0,0.0228,0,0,0.0002,0,0,0.0001,0,0,0.0001,0,0,0.0002,ơ có nhạc à top à tao còn đéo quan tâm o co nhac a top a tao con eo quan tam
0,0,0.0006,0,0,0.0002,0,0,0.0001,0,0,0.0001,0,0,0.0001,0,0,0.0001,bật chế độ ixzs coi cuời xĩu bat che o ixzs coi cuoi xiu
0,1,0.8767,0,0,0.1049,0,0,0.0001,0,0,0.0001,0,0,0.0001,0,0,0.0001,nói chuyện thể hiện văn hoá lùn nhỉ noi chuyen the hien van hoa lun nhi
0,0,0.0005,0,0,0.0002,0,0,0.0001,0,0,0.0001,0,0,0.0001,0,0,0.0001,cười xỉu vui quá xá cuoi xiu vui qua xa
0,0,0.0005,0,0,0.0002,0,0,0.0001,0,0,0.0001,0,0,0.0001,0,0,0.0001,hau nguyen hau nguyen
0,0,0.0019,0,0,0.0003,0,0,0.0,0,0,0.0,0,0,0.0,0,0,0.0001,đồq hươq cần thơ oq huoq can tho
1,1,0.961,0,0,0.0325,0,0,0.0002,0,0,0.0001,0,0,0.0001,0,0,0.0002,duoc tien minh hieu con đy me duoc tien minh hieu con y me
1,1,0.9958,1,1,0.6367,0,0,0.0003,0,0,0.0003,0,0,0.0003,0,0,0.0003,nó đéo làm như vậy thì gọi đéo gì là dư luận viên no eo lam nhu vay thi goi eo gi la du luan vien
0,0,0.0005,0,0,0.0002,0,0,0.0001,0,0,0.0001,0,0,0.0001,0,0,0.0001,yêu grab k các bác yeu grab k cac bac
1,1,0.9917,1,1,0.9462,0,0,0.0002,0,0,0.0002,0,0,0.0002,0,0,0.0002,cứ chửi bọn tư bổn mà sao con cái quan chức ko ở xứ thiên đường mà trốn ở lại xứ dẫy chết là sao cu chui bon tu bon ma sao con cai quan chuc ko o xu thien uong ma tron o lai xu day chet la sao
0,0,0.0005,0,0,0.0002,0,0,0.0001,0,0,0.0001,0,0,0.0001,0,0,0.0001,ông thi ghê rồi ong thi ghe roi
0,0,0.0121,0,0,0.0006,0,0,0.0,0,0,0.0,0,0,0.0,0,0,0.0001,hasagiiiii i hasagiiiii i
0,0,0.0006,0,0,0.0002,0,0,0.0001,0,0,0.0001,0,0,0.0001,0,0,0.0001,team tạ nhất hiện tại con cac team ta nhat hien tai con cac
0,0,0.0007,0,0,0.0002,0,0,0.0001,0,0,0.0001,0,0,0.0001,0,0,0.0001,cái này hả cai nay ha
0,0,0.0012,0,0,0.0002,0,0,0.0,0,0,0.0001,0,0,0.0,0,0,0.0001,trò này trong sg đã chơi từ những năm trước ts nhỉ c nhớ có cảnh này trong film ván bài lật ngữa hay biệt động sg gì đấy c tro nay trong sg a choi tu nhung nam truoc ts nhi c nho co canh nay trong film van bai lat ngua hay biet ong sg gi ay c
1,1,0.9945,0,1,0.8931,0,0,0.0002,0,0,0.0002,0,0,0.0002,0,0,0.0002,bên mỹ thiếu bệnh viện thần kinh ben my thieu benh vien than kinh
0,0,0.4975,0,0,0.047,0,0,0.0001,0,0,0.0001,0,0,0.0001,0,0,0.0001,hoài phong sinh ra cái miệng để ăn để nói lời hay k nói nói cái gì ngộ gke hoai phong sinh ra cai mieng e an e noi loi hay k noi noi cai gi ngo gke
0,0,0.0005,0,0,0.0002,0,0,0.0001,0,0,0.0001,0,0,0.0001,0,0,0.0001,chị hay lắm à nha chi hay lam a nha
1,1,0.9948,1,1,0.9257,0,0,0.0003,0,0,0.0003,0,0,0.0003,0,0,0.0002,nguyễn hoàng sâm lol sâm nôn link con cac nguyen hoang sam lol sam non link con cac
0,0,0.0965,0,0,0.0121,0,0,0.0001,0,0,0.0,0,0,0.0,0,0,0.0001,trừng phạt kiểu gì thì nói rõ ra lun cứ lòng va lòng vòng thế ai chơi nói lảm nhãm anh trump lại rút hết visa tống cổ cả hơn eoo ooo sinh viên trung cộng về nước thì chúng nó lại chạy grap hết thì khổ trung phat kieu gi thi noi ro ra lun cu long va long vong the ai choi noi lam nham anh trump lai rut het visa tong co ca hon eoo ooo sinh vien trung cong ve nuoc thi chung no lai chay grap het thi kho
1,1,0.9335,1,1,0.6342,0,0,0.0001,0,0,0.0001,0,0,0.0001,0,0,0.0001,nắm tay nhau thật chặt giữ tay nhau thật sâu cho chắc ăn dân sẽ mừng cũng như mỹ xấu ăn thịt người mà vc pháo kích thì cứ chạy tới mỹ và ngụy để được giúp chữa bệnh làng mỹ lai nam tay nhau that chat giu tay nhau that sau cho chac an dan se mung cung nhu my xau an thit nguoi ma vc phao kich thi cu chay toi my va nguy e uoc giup chua benh lang my lai
0,0,0.0005,0,0,0.0002,0,0,0.0001,0,0,0.0001,0,0,0.0001,0,0,0.0001,thiên trâm với sena lấy nhau chưa thầy c thien tram voi sena lay nhau chua thay c
0,0,0.0005,0,0,0.0002,0,0,0.0001,0,0,0.0001,0,0,0.0001,0,0,0.0001,ông trần dần còn sống là t vui r ong tran dan con song la t vui r
0,0,0.0005,0,0,0.0002,0,0,0.0001,0,0,0.0001,0,0,0.0001,0,0,0.0001,nhân vật phụ mà lên hình to vậy abe nhan vat phu ma len hinh to vay abe
0,0,0.0004,0,0,0.0002,0,0,0.0001,0,0,0.0001,0,0,0.0001,0,0,0.0001,tức nhiêng tôi rất thích xem ông tuc nhieng toi rat thich xem ong
0,0,0.0005,0,0,0.0002,0,0,0.0001,0,0,0.0001,0,0,0.0001,0,0,0.0001,co ai biết fb cua chị nay ko cho minh hoi nha co ai biet fb cua chi nay ko cho minh hoi nha
0,1,0.8081,0,1,0.6123,0,0,0.0001,0,0,0.0001,0,0,0.0001,0,0,0.0001,nguoi nay ko con giao duc nua ko lien si ko dao duc nguoi nay ko con giao duc nua ko lien si ko dao duc
0,0,0.0005,0,0,0.0002,0,0,0.0001,0,0,0.0001,0,0,0.0001,0,0,0.0001,anthony mark luật không cho phép nhe bạn hồ sơ bênh án ai cho công khai khi nào hết mới công khai anthony mark luat khong cho phep nhe ban ho so benh an ai cho cong khai khi nao het moi cong khai
0,0,0.0005,0,0,0.0002,0,0,0.0001,0,0,0.0001,0,0,0.0001,0,0,0.0001,cực ky thuyết phục cuc ky thuyet phuc
0,0,0.0005,0,0,0.0002,0,0,0.0001,0,0,0.0001,0,0,0.0001,0,0,0.0001,cpi gáy thôi thầy em cpi gay thoi thay em
0,0,0.0005,0,0,0.0002,0,0,0.0001,0,0,0.0001,0,0,0.0001,0,0,0.0001,dep trai quá dep trai qua
0,0,0.0005,0,0,0.0002,0,0,0.0001,0,0,0.0001,0,0,0.0001,0,0,0.0001,minh trung dao icedolce nói j cũng đúng minh trung dao icedolce noi j cung ung
0,1,0.9937,0,1,0.953,0,0,0.0003,0,0,0.0002,0,0,0.0003,0,0,0.0002,ik năm đô hộ giặc tàu mà lai tàu và tính tình phong tục vvv nói chung là b io so với tq ik nam o ho giac tau ma lai tau va tinh tinh phong tuc vvv noi chung la b io so voi tq
1,0,0.0006,1,0,0.0002,0,0,0.0001,0,0,0.0001,0,0,0.0001,0,0,0.0001,anh sinh viên nghèo hải phòng và con cave già sa đéc i anh sinh vien ngheo hai phong va con cave gia sa ec i
0,0,0.0005,0,0,0.0002,0,0,0.0001,0,0,0.0001,0,0,0.0001,0,0,0.0001,tú đã sẵn sàng tu a san sang
0,0,0.0005,0,0,0.0002,0,0,0.0001,0,0,0.0001,0,0,0.0001,0,0,0.0001,rất dễ thương nhưng không dễ thương bằng tùng sói rat de thuong nhung khong de thuong bang tung soi
0,0,0.0008,0,0,0.0002,0,0,0.0001,0,0,0.0001,0,0,0.0,0,0,0.0001,giờ m cứ dô acc đó xog kêu akhah làm và chấp tay niệm phật cầu thành công đi gio m cu do acc o xog keu akhah lam va chap tay niem phat cau thanh cong i
0,0,0.0005,0,0,0.0002,0,0,0.0001,0,0,0.0001,0,0,0.0001,0,0,0.0001,phan tấn trung phan tan trung
0,0,0.0105,0,0,0.0005,0,0,0.0,0,0,0.0,0,0,0.0,0,0,0.0001,đc vliz a ơiii c vliz a oiii
0,0,0.0006,0,0,0.0001,0,0,0.0001,0,0,0.0001,0,0,0.0001,0,0,0.0001,lúc đó chưa có mà luc o chua co ma
0,0,0.0005,0,0,0.0002,0,0,0.0001,0,0,0.0001,0,0,0.0001,0,0,0.0001,ok a ui ok a ui
0,0,0.0005,0,0,0.0002,0,0,0.0001,0,0,0.0001,0,0,0.0001,0,0,0.0001,có hôn chị cho em với co hon chi cho em voi
1,0,0.3007,1,0,0.0179,0,0,0.0001,0,0,0.0,0,0,0.0001,0,0,0.0001,tránh xa nó ra anh em tranh xa no ra anh em
0,0,0.0005,0,0,0.0002,0,0,0.0001,0,0,0.0001,0,0,0.0001,0,0,0.0001,lên yt xem react dễ thương lắm luôngg cccc còn có chuyên gia phân tích này nọ nữa quả vid này hơi sợ ccc len yt xem react de thuong lam luongg cccc con co chuyen gia phan tich nay no nua qua vid nay hoi so ccc
1,1,0.9945,1,1,0.9575,0,0,0.0003,0,0,0.0003,0,0,0.0003,0,0,0.0002,huỵch toẹt ra chúng nó các đảng viên thường hô hào sống và làm việc theo gương của hồ quang tức hồ chí minh kể cả chúng nó có ấu dâm như tên nguyễn khắc thủy nguyễn hữu linh nếu đảng búa liềm phúc kiến xử chúng nó tức là khác nào tự tát vào mặt bác của chúng nó làm lộ ra các huyền thoại của bác ngày xưa huych toet ra chung no cac ang vien thuong ho hao song va lam viec theo guong cua ho quang tuc ho chi minh ke ca chung no co au dam nhu ten nguyen khac thuy nguyen huu linh neu ang bua liem phuc kien xu chung no tuc la khac nao tu tat vao mat bac cua chung no lam lo ra cac huyen thoai cua bac ngay xua
1,0,0.0008,0,0,0.0002,0,0,0.0001,0,0,0.0001,0,0,0.0,0,0,0.0001,hết anh chung hn lại tự hào thêm vụ y đức của chị tiến ruồi bệnh viện đa khoa xanh pôn gian lận kết quả bớt xén vật tư khi xét nghiệm hiv and viêm gan b cho bệnh nhân het anh chung hn lai tu hao them vu y uc cua chi tien ruoi benh vien a khoa xanh pon gian lan ket qua bot xen vat tu khi xet nghiem hiv and viem gan b cho benh nhan
1,1,0.9947,1,1,0.9603,0,0,0.0003,0,0,0.0003,0,0,0.0004,0,0,0.0003,thầy xạo lol thay xao lol
0,0,0.0005,0,0,0.0001,0,0,0.0001,0,0,0.0001,0,0,0.0001,0,0,0.0001,cực kì thuyết phục i cuc ki thuyet phuc i
0,0,0.0005,0,0,0.0002,0,0,0.0001,0,0,0.0001,0,0,0.0001,0,0,0.0001,nít ranh gì nghe z củ i trận là ông nghĩ đến có tiền mua bỉm sữa nit ranh gi nghe z cu i tran la ong nghi en co tien mua bim sua
0,0,0.0005,0,0,0.0002,0,0,0.0001,0,0,0.0001,0,0,0.0001,0,0,0.0001,z thím kia mắt có bị làm sao ko có thấy chửi câu nào chưa z thim kia mat co bi lam sao ko co thay chui cau nao chua
0,0,0.0005,0,0,0.0002,0,0,0.0001,0,0,0.0001,0,0,0.0001,0,0,0.0001,lạy chúa con còn lứa tuổi học sinh con cac lay chua con con lua tuoi hoc sinh con cac
0,0,0.0005,0,0,0.0002,0,0,0.0001,0,0,0.0001,0,0,0.0001,0,0,0.0001,nhị thắng được kết bạn với top cmt ưng quá hi nhi thang uoc ket ban voi top cmt ung qua hi
0,0,0.0032,0,0,0.0003,0,0,0.0,0,0,0.0,0,0,0.0,0,0,0.0,tác hại của ma túy đá tac hai cua ma tuy a
0,0,0.0005,0,0,0.0002,0,0,0.0001,0,0,0.0001,0,0,0.0001,0,0,0.0001,e cảm ơn anh và toàn team đã cố gắng hết sức mình e bt là mọi ng đều bị áp lực tâm lí và cta thiếu i chút may mắn thôi vui là chính những giải sau cô gắng tiếp a ạ phong độ là nhất thời đẳng cấp là mãi mãi cforeverc e cam on anh va toan team a co gang het suc minh e bt la moi ng eu bi ap luc tam li va cta thieu i chut may man thoi vui la chinh nhung giai sau co gang tiep a a phong o la nhat thoi ang cap la mai mai cforeverc
0,0,0.0005,0,0,0.0002,0,0,0.0001,0,0,0.0001,0,0,0.0001,0,0,0.0001,suốt ngày bị mang gương mặt thương hiệu đi quảng cáo suot ngay bi mang guong mat thuong hieu i quang cao
0,0,0.0007,0,0,0.0002,0,0,0.0001,0,0,0.0001,0,0,0.0001,0,0,0.0001,được vai lon thầy ơi ccc uoc vai lon thay oi ccc
0,0,0.0004,0,0,0.0002,0,0,0.0001,0,0,0.0001,0,0,0.0001,0,0,0.0001,tonight phodiwalk nha mah friend thục yến ccccccccc tonight phodiwalk nha mah friend thuc yen ccccccccc
1,1,0.9941,1,1,0.9543,0,0,0.0003,0,0,0.0003,0,0,0.0003,0,0,0.0002,nhật ký yêu nước nói vấn đề này rất chính xác vì làm cán bộ công chức trong bộ máy nhà nước mới có nhiều cách tham ô nhũng nhiễu hối lộ chạy chọt và manh mún thì mới có biệt phủ siêu xe nhat ky yeu nuoc noi van e nay rat chinh xac vi lam can bo cong chuc trong bo may nha nuoc moi co nhieu cach tham o nhung nhieu hoi lo chay chot va manh mun thi moi co biet phu sieu xe
0,0,0.0587,0,0,0.0056,0,0,0.0,0,0,0.0,0,0,0.0,0,0,0.0001,cứ nghĩ người nhật nào cũng ý thức văn minh cho đến khi xem đc tin này con cac cu nghi nguoi nhat nao cung y thuc van minh cho en khi xem c tin nay con cac
0,0,0.0006,0,0,0.0002,0,0,0.0001,0,0,0.0001,0,0,0.0001,0,0,0.0001,để vài ngày nó tự nhả ông e vai ngay no tu nha ong
0,0,0.0005,0,0,0.0002,0,0,0.0001,0,0,0.0001,0,0,0.0001,0,0,0.0001,hai em đẹp quá hai em ep qua
0,0,0.0005,0,0,0.0002,0,0,0.0001,0,0,0.0001,0,0,0.0001,0,0,0.0001,chuyên gia tâm lí giành cho các chàng trai mới lớn chuyen gia tam li gianh cho cac chang trai moi lon
0,0,0.0005,0,0,0.0002,0,0,0.0001,0,0,0.0001,0,0,0.0001,0,0,0.0001,quỳnh như chưa có hình lấy đâu ra up liền quynh nhu chua co hinh lay au ra up lien
0,0,0.0005,0,0,0.0002,0,0,0.0001,0,0,0.0001,0,0,0.0001,0,0,0.0001,xin chao nguoi đep xin chao nguoi ep
0,0,0.0008,0,0,0.0002,0,0,0.0001,0,0,0.0001,0,0,0.0,0,0,0.0001,k bt yếu kiểu gì mà tao vẫn chết k bt yeu kieu gi ma tao van chet
0,0,0.0005,0,0,0.0002,0,0,0.0001,0,0,0.0001,0,0,0.0001,0,0,0.0001,huyền khánh phùng khác mỗi cái mũi một bên chỉ lên một bên cắm xuống e huyen khanh phung khac moi cai mui mot ben chi len mot ben cam xuong e
0,0,0.0004,0,0,0.0002,0,0,0.0001,0,0,0.0001,0,0,0.0001,0,0,0.0001,đinh huyền trang ido của tôi hahaa inh huyen trang ido cua toi hahaa
1,1,0.9871,1,0,0.2885,0,0,0.0002,0,0,0.0002,0,0,0.0001,0,0,0.0002,hỏng bồi thường cũng từ tiền của dân ra hết đm phải bỏ tù nó nếu nó lộng quyền thì mới đúng hong boi thuong cung tu tien cua dan ra het m phai bo tu no neu no long quyen thi moi ung
0,0,0.0015,0,0,0.0002,0,0,0.0,0,0,0.0,0,0,0.0,0,0,0.0001,nhà nước mình đang cố gắng gồng mình chống dịch tốn kém biết bao tiền của chưa kể kéo theo thiệt hại kinh tế bao ngành là người dân vn nếu ko góp công sức vào công cuộc dập dịch thì cũng đừng vì thiếu ý thức mà làm cả nước thêm vất vả nữa nha nuoc minh ang co gang gong minh chong dich ton kem biet bao tien cua chua ke keo theo thiet hai kinh te bao nganh la nguoi dan vn neu ko gop cong suc vao cong cuoc dap dich thi cung ung vi thieu y thuc ma lam ca nuoc them vat va nua
0,0,0.0098,0,0,0.0005,0,0,0.0,0,0,0.0,0,0,0.0,0,0,0.0001,bùi đức hợp lý vai lon bui uc hop ly vai lon
0,0,0.0007,0,0,0.0002,0,0,0.0001,0,0,0.0001,0,0,0.0001,0,0,0.0001,liêm sĩ gì tầm này liem si gi tam nay
0,1,0.9913,0,1,0.9118,0,0,0.0002,0,0,0.0002,0,0,0.0002,0,0,0.0002,quan trọng nhất là công khai đã công khai thì thằng làm luật sẽ đuối hơn chứ đâu chả có xã hội đen chả có thế giới ngầm muốn thoát nghèo đâu chỉ có cách đi bán hàng dạo quan trong nhat la cong khai a cong khai thi thang lam luat se uoi hon chu au cha co xa hoi en cha co the gioi ngam muon thoat ngheo au chi co cach i ban hang dao
1,1,0.994,1,1,0.9532,0,0,0.0003,0,0,0.0003,0,0,0.0003,0,0,0.0002,thật nực cười sai phạm tày trời vẩn leo cao đến chóp bu chỉ đến khi muốn hạ bệ nhau thì tội trạng mới đc lôi ra xử lý thiệt hại cho nd hàng bao ngàn tỉ rồi lại chỉ cảnh cáo cắt chức về vườn an toàn thế là xong iii chế độ này chúng chỉ nhân đạo với bọn q chức cs that nuc cuoi sai pham tay troi van leo cao en chop bu chi en khi muon ha be nhau thi toi trang moi c loi ra xu ly thiet hai cho nd hang bao ngan ti roi lai chi canh cao cat chuc ve vuon an toan the la xong iii che o nay chung chi nhan ao voi bon q chuc cs
0,0,0.0005,0,0,0.0002,0,0,0.0001,0,0,0.0001,0,0,0.0001,0,0,0.0001,nguyễn loan ý anh ý là thịt a đi e nguyen loan y anh y la thit a i e
0,0,0.001,0,0,0.0002,0,0,0.0001,0,0,0.0001,0,0,0.0,0,0,0.0001,hợp lý hơn nè abe c hop ly hon ne abe c
0,0,0.001,0,0,0.0002,0,0,0.0001,0,0,0.0001,0,0,0.0,0,0,0.0001,sống ko có tuổi thơ biết lấy gì để nhớ về thanh xuân con cac song ko co tuoi tho biet lay gi e nho ve thanh xuan con cac
0,0,0.0005,0,0,0.0002,0,0,0.0001,0,0,0.0001,0,0,0.0001,0,0,0.0001,thôi chú ba ơi con từ bạch kim học vài giáo án của chú là con rớt tới vàng a rồi thoi chu ba oi con tu bach kim hoc vai giao an cua chu la con rot toi vang a roi
0,0,0.0005,0,0,0.0002,0,0,0.0001,0,0,0.0001,0,0,0.0001,0,0,0.0001,cực kì thuyết phục ccc cuc ki thuyet phuc ccc
1,0,0.0974,1,0,0.0155,0,0,0.0,0,0,0.0,0,0,0.0,0,0,0.0,anh kiên tổ trưởng đang lập công mừng chức mới đây mà i bởi vì nó chả ảnh hưởng đến người nghèo nên chăng anh tư vấn cho thủ tướng dựng zkm một trạm luôn cho máu đi anh i anh kien to truong ang lap cong mung chuc moi ay ma i boi vi no cha anh huong en nguoi ngheo nen chang anh tu van cho thu tuong dung zkm mot tram luon cho mau i anh i
0,1,0.9932,0,0,0.368,0,0,0.0002,0,0,0.0002,0,0,0.0002,0,0,0.0002,quan ngại chứ dân đéo ngại nhé quan ngai chu dan eo ngai nhe
1,0,0.0008,1,0,0.0002,0,0,0.0001,0,0,0.0001,0,0,0.0,0,0,0.0001,nó xui vai lon no xui vai lon
0,0,0.0005,0,0,0.0002,0,0,0.0001,0,0,0.0001,0,0,0.0001,0,0,0.0001,mình thấy nhạc của anh nghe lần i chưa thấy hay đc ạ các bạn nghe lần z lần e cơ phải nói như thế nào nhở các bạn cứ thử đi ạ đúng là so vs các bản hit trc thì bài này ko hay bằng nhưng cứ coi như lần comeback này a thử sức vs dòng nhạc mới đi ha cảm ơn các bạn đã đọc cmt của mình nè minh thay nhac cua anh nghe lan i chua thay hay c a cac ban nghe lan z lan e co phai noi nhu the nao nho cac ban cu thu i a ung la so vs cac ban hit trc thi bai nay ko hay bang nhung cu coi nhu lan comeback nay a thu suc vs dong nhac moi i ha cam on cac ban a oc cmt cua minh ne
0,0,0.0013,0,0,0.0002,0,0,0.0,0,0,0.0001,0,0,0.0,0,0,0.0001,duy trần vô văn hoá đúng là cha nào con nấy duy tran vo van hoa ung la cha nao con nay
0,0,0.0004,0,0,0.0002,0,0,0.0001,0,0,0.0001,0,0,0.0001,0,0,0.0001,fb linda la gi v mọi người fb linda la gi v moi nguoi
0,0,0.0005,0,0,0.0001,0,0,0.0001,0,0,0.0001,0,0,0.0001,0,0,0.0001,xin lỗi nha lần sau rút kinh nghiệm xin loi nha lan sau rut kinh nghiem
1,1,0.9947,1,1,0.9598,0,0,0.0003,0,0,0.0003,0,0,0.0004,0,0,0.0003,chị ba ơi chị thiệt là đẹp gái mà chị có hai cái hòn dái chi ba oi chi thiet la ep gai ma chi co hai cai hon dai
0,0,0.0008,0,0,0.0002,0,0,0.0001,0,0,0.0001,0,0,0.0,0,0,0.0001,mạng khỏe thế con cac mang khoe the con cac
1,1,0.9945,1,1,0.962,0,0,0.0004,0,0,0.0003,0,0,0.0004,0,0,0.0003,tôi thấy phản động ở khắp nơi mà nhiều nhất là mấy thằng bán nước hút máu dân đen cứ sủa ra là luật bọn chó toi thay phan ong o khap noi ma nhieu nhat la may thang ban nuoc hut mau dan en cu sua ra la luat bon cho
0,0,0.0005,0,0,0.0002,0,0,0.0001,0,0,0.0001,0,0,0.0001,0,0,0.0001,lúc đó đứng ngoài đường live trực tiếp lun nhé bạn luc o ung ngoai uong live truc tiep lun nhe ban
1,1,0.9873,0,1,0.8562,0,0,0.0002,0,0,0.0002,0,0,0.0002,0,0,0.0001,k atm có phải ca sĩ méo đâu mà cho vào đây k atm co phai ca si meo au ma cho vao ay
0,1,0.5007,0,0,0.0191,0,0,0.0001,0,0,0.0001,0,0,0.0001,0,0,0.0001,ăn cơm với cá mồm tanh chết mẹ thơm người ta không vả vào mồm thì thôi an com voi ca mom tanh chet me thom nguoi ta khong va vao mom thi thoi
0,0,0.0006,0,0,0.0002,0,0,0.0001,0,0,0.0001,0,0,0.0001,0,0,0.0001,em chia sẻ lên bảng tin cho chị hứng cho tiền em chia se len bang tin cho chi hung cho tien
0,0,0.0006,0,0,0.0002,0,0,0.0001,0,0,0.0001,0,0,0.0001,0,0,0.0001,kinh nhờ kinh nho
1,1,0.9945,1,1,0.8667,0,0,0.0002,0,0,0.0002,0,0,0.0002,0,0,0.0002,sao vlog sang quá mà ý thức củ lon vayy sao vlog sang qua ma y thuc cu lon vayy
0,0,0.0005,0,0,0.0002,0,0,0.0001,0,0,0.0001,0,0,0.0001,0,0,0.0001,cực kì thuyết phục c cuc ki thuyet phuc c
0,0,0.0194,0,0,0.0011,0,0,0.0,0,0,0.0,0,0,0.0,0,0,0.0001,mé ccc vai lon nsnd me ccc vai lon nsnd
0,0,0.0006,0,0,0.0002,0,0,0.0001,0,0,0.0001,0,0,0.0001,0,0,0.0001,để thầy xem tụi bây vui dc bao lâu con cac e thay xem tui bay vui dc bao lau con cac
0,0,0.0006,0,0,0.0002,0,0,0.0001,0,0,0.0001,0,0,0.0001,0,0,0.0001,tưởng mua hàu cho c ly tuong mua hau cho c ly
1,1,0.9953,1,1,0.9322,0,0,0.0003,0,0,0.0003,0,0,0.0003,0,0,0.0002,con me may nói mày là chó thì tội con chó mày còn thua con chó nữa tịp à con me may noi may la cho thi toi con cho may con thua con cho nua tip a
1,1,0.989,0,0,0.0337,0,0,0.0006,0,0,0.0005,0,0,0.0004,0,0,0.0005,đm cú vai lon m cu vai lon
0,0,0.0006,0,0,0.0002,0,0,0.0001,0,0,0.0001,0,0,0.0001,0,0,0.0001,quẩy lên mọi người c quay len moi nguoi c
0,0,0.0005,0,0,0.0002,0,0,0.0001,0,0,0.0001,0,0,0.0001,0,0,0.0001,ủa đáng lí con gà phải là abe chứ con cac ua ang li con ga phai la abe chu con cac
0,0,0.0141,0,0,0.0009,0,0,0.0,0,0,0.0,0,0,0.0,0,0,0.0001,đẹp gái dữ ạ đừng nói tục nha ep gai du a ung noi tuc nha
0,0,0.0089,0,0,0.0006,0,0,0.0,0,0,0.0,0,0,0.0,0,0,0.0001,lê hải đúng vai lon con cac le hai ung vai lon con cac
0,0,0.0007,0,0,0.0002,0,0,0.0001,0,0,0.0001,0,0,0.0,0,0,0.0001,tên không được của đức ten khong uoc cua uc
0,0,0.001,0,0,0.0002,0,0,0.0,0,0,0.0001,0,0,0.0,0,0,0.0001,giọng thế này đừng nên thử vs nhạc dance giong the nay ung nen thu vs nhac dance
0,0,0.0006,0,0,0.0002,0,0,0.0001,0,0,0.0001,0,0,0.0001,0,0,0.0001,nhím săn em này con cac nhim san em nay con cac
1,1,0.9948,1,1,0.9526,0,0,0.0004,0,0,0.0003,0,0,0.0003,0,0,0.0002,trần dần tiên tri người vn sẽ về i mối quá đúng lun nhưng quên vc phải bị tiêu diệt theo tất yếu lịch sử vì chỉ còn vài nước nghèo nàn chịu luồn cúi tàu cộng lưu manh tran dan tien tri nguoi vn se ve i moi qua ung lun nhung quen vc phai bi tieu diet theo tat yeu lich su vi chi con vai nuoc ngheo nan chiu luon cui tau cong luu manh
0,0,0.0004,0,0,0.0002,0,0,0.0001,0,0,0.0001,0,0,0.0001,0,0,0.0001,hi châu cho a sdt của e nghen hi chau cho a sdt cua e nghen
0,1,0.862,0,0,0.2032,0,0,0.0001,0,0,0.0001,0,0,0.0001,0,0,0.0001,bóng có râu bong co rau
1,0,0.0454,0,0,0.0021,0,0,0.0,0,0,0.0,0,0,0.0,0,0,0.0001,uống nước rửa bát xong ngồi đợi đ chết uong nuoc rua bat xong ngoi oi chet
0,0,0.0006,0,0,0.0002,0,0,0.0001,0,0,0.0001,0,0,0.0001,0,0,0.0001,lừa gạt minh hieu lua gat minh hieu
0,0,0.0005,0,0,0.0002,0,0,0.0001,0,0,0.0001,0,0,0.0001,0,0,0.0001,cho mình xin giá em này ạ cho minh xin gia em nay a
0,0,0.0005,0,0,0.0002,0,0,0.0001,0,0,0.0001,0,0,0.0001,0,0,0.0001,chị minh hiếu nói chuyện quá duyên và vui chi minh hieu noi chuyen qua duyen va vui
0,0,0.0005,0,0,0.0002,0,0,0.0001,0,0,0.0001,0,0,0.0001,0,0,0.0001,hoàng thanh trung xin video vs ng ae hoang thanh trung xin video vs ng ae
0,0,0.052,0,0,0.0074,0,0,0.0001,0,0,0.0,0,0,0.0,0,0,0.0001,hang tran t cãi với m hoá ra t bằng m à hang tran t cai voi m hoa ra t bang m a
0,0,0.0019,0,0,0.0003,0,0,0.0,0,0,0.0,0,0,0.0,0,0,0.0,tao đệ ba gà con cac tao e ba ga con cac
1,1,0.9959,1,1,0.8608,0,0,0.0003,0,0,0.0003,0,0,0.0003,0,0,0.0002,đĩ quýt tiền nhìn mat hãm i quyt tien nhin mat ham
0,0,0.0005,0,0,0.0002,0,0,0.0001,0,0,0.0001,0,0,0.0001,0,0,0.0001,đẹp trai quá anh ơi con cac ep trai qua anh oi con cac
1,0,0.0024,1,0,0.0004,0,0,0.0,0,0,0.0,0,0,0.0,0,0,0.0001,trường giang không cố ý nhưng chị n vô ý ích kỷ gây hậu quả nghiêm trọng là điều không thể phủ nhận rồi bạn ccc mình cũng mong chị ấy mau khỏe và chịu trách nhiệm cho hành vi của mình truong giang khong co y nhung chi n vo y ich ky gay hau qua nghiem trong la ieu khong the phu nhan roi ban ccc minh cung mong chi ay mau khoe va chiu trach nhiem cho hanh vi cua minh
0,0,0.0004,0,0,0.0002,0,0,0.0001,0,0,0.0001,0,0,0.0001,0,0,0.0001,phạm việt xin ảnh nha ccc pham viet xin anh nha ccc
0,0,0.0005,0,0,0.0002,0,0,0.0001,0,0,0.0001,0,0,0.0001,0,0,0.0001,thanh hoa t bị hack nick chứ t bình thường lgi like mấy cái page đấy thanh hoa t bi hack nick chu t binh thuong lgi like may cai page ay
0,0,0.0005,0,0,0.0002,0,0,0.0001,0,0,0.0001,0,0,0.0001,0,0,0.0001,linh việt kiều đâu có ở việt nam đâu mà kiếm linh viet kieu au co o viet nam au ma kiem
1,1,0.9933,1,1,0.9325,0,0,0.0002,0,0,0.0002,0,0,0.0002,0,0,0.0002,duck anh mày suc vat đó duck anh may suc vat o
0,0,0.0005,0,0,0.0002,0,0,0.0001,0,0,0.0001,0,0,0.0001,0,0,0.0001,mong thầy đem susan hay poppy cướp red tái xuất gian hồ thêm lần nữa dấu bé ba ccc mong thay em susan hay poppy cuop red tai xuat gian ho them lan nua dau be ba ccc
1,1,0.9944,0,1,0.8819,0,0,0.0002,0,0,0.0002,0,0,0.0002,0,0,0.0002,quảng cáo con mẹ nó quảng cáo hoằ quang cao con me no quang cao hoa
0,0,0.0005,0,0,0.0002,0,0,0.0001,0,0,0.0001,0,0,0.0001,0,0,0.0001,cố gắng làm cái giải chơi chơi về nha các a ưii co gang lam cai giai choi choi ve nha cac a uii
0,0,0.0006,0,0,0.0002,0,0,0.0001,0,0,0.0001,0,0,0.0001,0,0,0.0001,đúng r ung r
0,0,0.0006,0,0,0.0002,0,0,0.0001,0,0,0.0001,0,0,0.0001,0,0,0.0001,ở i diễn biến khác o i dien bien khac
0,0,0.0005,0,0,0.0002,0,0,0.0001,0,0,0.0001,0,0,0.0001,0,0,0.0001,đồng chí độ nghe lệnh đây hãy đưa cả i đại đoàn của đồng chí lên máy bay giải phóng bootcamp pochiki roesot đồng chí đã nghe rõ chưa ong chi o nghe lenh ay hay ua ca i ai oan cua ong chi len may bay giai phong bootcamp pochiki roesot ong chi a nghe ro chua
0,0,0.0004,0,0,0.0002,0,0,0.0001,0,0,0.0001,0,0,0.0001,0,0,0.0001,chị khánh chi càng ngày càng đẹp chi khanh chi cang ngay cang ep
0,0,0.0006,0,0,0.0002,0,0,0.0001,0,0,0.0001,0,0,0.0001,0,0,0.0001,khá rộng kha rong
1,1,0.9714,0,1,0.6184,0,0,0.0001,0,0,0.0001,0,0,0.0001,0,0,0.0001,nq nỗi tiếng koa tiền ở truồng cũng nói sang nq bình thường mặc đồ đẹp mắc tky cũng cho la hàq dạt rẻ tiền đúq là đời nq noi tieng koa tien o truong cung noi sang nq binh thuong mac o ep mac tky cung cho la haq dat re tien uq la oi
1,0,0.0005,1,0,0.0002,0,0,0.0001,0,0,0.0001,0,0,0.0001,0,0,0.0001,trung bá zoe trung ba zoe
0,0,0.002,0,0,0.0002,0,0,0.0,0,0,0.0,0,0,0.0,0,0,0.0001,tết nó đánh động đòi quà tết đấy chứ tầm này nhà bao việc cưỡng chế cái gì tet no anh ong oi qua tet ay chu tam nay nha bao viec cuong che cai gi
0,0,0.0005,0,0,0.0002,0,0,0.0001,0,0,0.0001,0,0,0.0001,0,0,0.0001,được anh uoc anh
0,0,0.1287,0,0,0.0092,0,0,0.0001,0,0,0.0,0,0,0.0,0,0,0.0001,coi chừng nó bỏ thuốc độc vào sông coi chung no bo thuoc oc vao song
0,0,0.0006,0,0,0.0002,0,0,0.0001,0,0,0.0001,0,0,0.0001,0,0,0.0001,kiều trung kiên chất kieu trung kien chat
0,0,0.0005,0,0,0.0002,0,0,0.0001,0,0,0.0001,0,0,0.0001,0,0,0.0001,thê vân tông của võ đan the van tong cua vo an
0,0,0.0006,0,0,0.0002,0,0,0.0001,0,0,0.0001,0,0,0.0001,0,0,0.0001,đi qua ý cách ly đi anh à đúng chuẩn châu âu i qua y cach ly i anh a ung chuan chau au
0,0,0.0005,0,0,0.0002,0,0,0.0001,0,0,0.0001,0,0,0.0001,0,0,0.0001,tuyển ny nghe tuyen ny nghe
0,0,0.0004,0,0,0.0002,0,0,0.0001,0,0,0.0001,0,0,0.0001,0,0,0.0001,chi ba vang ngoc oi chi noi hay lam sdt otggegztst chi ba vang ngoc oi chi noi hay lam sdt otggegztst
0,0,0.0007,0,0,0.0002,0,0,0.0001,0,0,0.0001,0,0,0.0,0,0,0.0001,còn sính ngoại nữa thì đây nhen c con sinh ngoai nua thi ay nhen c
0,0,0.0008,0,0,0.0002,0,0,0.0001,0,0,0.0001,0,0,0.0,0,0,0.0001,chán các bạn chan cac ban
0,0,0.0006,0,0,0.0002,0,0,0.0001,0,0,0.0001,0,0,0.0001,0,0,0.0001,sợ quá abe ơi so qua abe oi
0,0,0.0005,0,0,0.0002,0,0,0.0001,0,0,0.0001,0,0,0.0001,0,0,0.0001,một từ miêu tả phim này mot tu mieu ta phim nay
0,0,0.2025,0,0,0.0156,0,0,0.0001,0,0,0.0001,0,0,0.0001,0,0,0.0001,ủa sao nói nó khóc lóc xin lỗi rồi mà ua sao noi no khoc loc xin loi roi ma
0,0,0.0006,0,0,0.0002,0,0,0.0001,0,0,0.0001,0,0,0.0001,0,0,0.0001,ông trần dần mới kẻ đôi lông mày thật ngộ nghĩnh giống đám hát phường ong tran dan moi ke oi long may that ngo nghinh giong am hat phuong
0,0,0.0019,0,0,0.0002,0,0,0.0,0,0,0.0,0,0,0.0,0,0,0.0001,cái này gọi là đánh du kích nhé cai nay goi la anh du kich nhe
0,0,0.0006,0,0,0.0002,0,0,0.0001,0,0,0.0001,0,0,0.0001,0,0,0.0001,trần dần tỉnh ngộ rồi sao trước lúc khuất núi kêu gào thảm thương tran dan tinh ngo roi sao truoc luc khuat nui keu gao tham thuong
0,0,0.0007,0,0,0.0002,0,0,0.0001,0,0,0.0001,0,0,0.0001,0,0,0.0001,ok ok
0,0,0.0141,0,0,0.0008,0,0,0.0,0,0,0.0,0,0,0.0,0,0,0.0001,cũng là bắn sao ko bắn thằng to hơn có phải đã ko cung la ban sao ko ban thang to hon co phai a ko
1,0,0.0031,1,0,0.0003,0,0,0.0,0,0,0.0,0,0,0.0,0,0,0.0001,tui tin là boác kính yêu nói được zg ngôn ngữ đó mọi người chắc là boác chỉ nói được chữ hello bang zg ngôn ngữ c hi bon jour hola nĩ hảo hallo ciao c mà tại tụi bưng bô bốc phét nói là boác nói zg ngôn ngữ c tui tin la boac kinh yeu noi uoc zg ngon ngu o moi nguoi chac la boac chi noi uoc chu hello bang zg ngon ngu c hi bon jour hola ni hao hallo ciao c ma tai tui bung bo boc phet noi la boac noi zg ngon ngu c
0,0,0.0005,0,0,0.0002,0,0,0.0001,0,0,0.0001,0,0,0.0001,0,0,0.0001,iphone lấy cảm hứng từ tộc trưởng iphone lay cam hung tu toc truong
0,0,0.0005,0,0,0.0002,0,0,0.0001,0,0,0.0001,0,0,0.0001,0,0,0.0001,i ag oo cccc i ag oo cccc
0,0,0.0005,0,0,0.0002,0,0,0.0001,0,0,0.0001,0,0,0.0001,0,0,0.0001,mai mình lại phải lên cầu giấy hít dịch con cac mai minh lai phai len cau giay hit dich con cac
1,1,0.9859,0,0,0.0267,0,0,0.0005,0,0,0.0004,0,0,0.0004,0,0,0.0005,dit con me chan vkl dit con me chan vkl
1,1,0.9949,1,1,0.9578,0,0,0.0003,0,0,0.0003,0,0,0.0004,0,0,0.0003,ko so với mấy nước trong khu vực đi thằng cha mày cái con cac j cx nói đc nghĩ mình thông minh thâm thuý à con cac ko so voi may nuoc trong khu vuc i thang cha may cai con cac j cx noi c nghi minh thong minh tham thuy a con cac
0,0,0.0005,0,0,0.0002,0,0,0.0001,0,0,0.0001,0,0,0.0001,0,0,0.0001,lưu ý tên nhân vật đã được thay đổi biểu tượng cảm xúc pacman luu y ten nhan vat a uoc thay oi bieu tuong cam xuc pacman
1,1,0.9848,0,0,0.1103,0,0,0.0002,0,0,0.0002,0,0,0.0002,0,0,0.0002,thề chứ ăn mặc như đái tật thế ccc the chu an mac nhu ai tat the ccc
0,0,0.0005,0,0,0.0002,0,0,0.0001,0,0,0.0001,0,0,0.0001,0,0,0.0001,a hi hi muốn đóng thêm phí đường thủy i a hi hi muon ong them phi uong thuy i
0,0,0.0005,0,0,0.0002,0,0,0.0001,0,0,0.0001,0,0,0.0001,0,0,0.0001,thấy vô phục nhưng khá thuyết lý thay vo phuc nhung kha thuyet ly
0,0,0.0005,0,0,0.0002,0,0,0.0001,0,0,0.0001,0,0,0.0001,0,0,0.0001,pham yen nhi nhớ nhi pham yen nhi nho nhi
0,0,0.0006,0,0,0.0002,0,0,0.0001,0,0,0.0001,0,0,0.0001,0,0,0.0001,anh em banh bóng thua tha nợ nần hoặc chưa biết cách tham khảo kèo chơi thì xin vào nhóm bóng của anh hoàng cửu long mà bám chuẩn thắng nhiều anh em banh bong thua tha no nan hoac chua biet cach tham khao keo choi thi xin vao nhom bong cua anh hoang cuu long ma bam chuan thang nhieu
0,0,0.0005,0,0,0.0002,0,0,0.0001,0,0,0.0001,0,0,0.0001,0,0,0.0001,nghe kể chuyện tí rồi làm tiếp a thanh le ccc nghe ke chuyen ti roi lam tiep a thanh le ccc
1,1,0.8995,0,0,0.1985,0,0,0.0001,0,0,0.0001,0,0,0.0001,0,0,0.0001,trí thông minh không bằng đc người nhậti nhưng mưu mô xảo trá thì có thừa tri thong minh khong bang c nguoi nhati nhung muu mo xao tra thi co thua
0,0,0.0006,0,0,0.0002,0,0,0.0001,0,0,0.0001,0,0,0.0001,0,0,0.0001,cổng đẹp đấy d cong ep ay d
0,0,0.0005,0,0,0.0002,0,0,0.0001,0,0,0.0001,0,0,0.0001,0,0,0.0001,ze có rùi ccc ze co rui ccc
0,0,0.217,0,0,0.0124,0,0,0.0001,0,0,0.0001,0,0,0.0001,0,0,0.0001,nhanh khỏi còn về đá wc nhanh khoi con ve a wc
0,0,0.0005,0,0,0.0002,0,0,0.0001,0,0,0.0001,0,0,0.0001,0,0,0.0001,minh vân like dn e minh van like dn e
0,0,0.0005,0,0,0.0002,0,0,0.0001,0,0,0.0001,0,0,0.0001,0,0,0.0001,hay vậy ai hay lại thầy hay vay ai hay lai thay
0,0,0.0006,0,0,0.0002,0,0,0.0001,0,0,0.0001,0,0,0.0001,0,0,0.0001,ok trung bảnh ok trung banh
0,0,0.0006,0,0,0.0002,0,0,0.0001,0,0,0.0001,0,0,0.0001,0,0,0.0001,chửi bac kì nhà tôi là không được đâu chui bac ki nha toi la khong uoc au
0,0,0.0005,0,0,0.0002,0,0,0.0001,0,0,0.0001,0,0,0.0001,0,0,0.0001,gửi thầy ý tưởng logo nếu thầy định lập kênh youtube nhé thầy dấu bé ba gui thay y tuong logo neu thay inh lap kenh youtube nhe thay dau be ba
1,1,0.9945,1,1,0.9482,0,0,0.0003,0,0,0.0003,0,0,0.0003,0,0,0.0002,tao nhắc lại đéo có nước nào quân đội giỏi như nước tao du me cấm cãi nha mấy con bò doanh trại trốn phía sau mặt tiền thì phải cho thuê để kinh doanh tụi mày thấy nó tài chưa tao nhac lai eo co nuoc nao quan oi gioi nhu nuoc tao du me cam cai nha may con bo doanh trai tron phia sau mat tien thi phai cho thue e kinh doanh tui may thay no tai chua
1,1,0.823,0,0,0.0116,0,0,0.0001,0,0,0.0001,0,0,0.0001,0,0,0.0002,thanhhuy nguyen vai ca lon thanhhuy nguyen vai ca lon
0,0,0.0005,0,0,0.0002,0,0,0.0001,0,0,0.0001,0,0,0.0001,0,0,0.0001,đc thầy ơi e c thay oi e
0,1,0.9924,0,1,0.8952,0,0,0.0002,0,0,0.0002,0,0,0.0002,0,0,0.0002,non quá thầy ơi non qua thay oi
0,0,0.0005,0,0,0.0002,0,0,0.0001,0,0,0.0001,0,0,0.0001,0,0,0.0001,ngoài kia người ta đang đau đầu vì chống dịch mình ở đây làm trò mèo ngoai kia nguoi ta ang au au vi chong dich minh o ay lam tro meo
0,0,0.0005,0,0,0.0002,0,0,0.0001,0,0,0.0001,0,0,0.0001,0,0,0.0001,chấp nhận sự thật đi anhq chap nhan su that i anhq
0,0,0.0005,0,0,0.0002,0,0,0.0001,0,0,0.0001,0,0,0.0001,0,0,0.0001,shaco phá nhà hay phết thầy ơi shaco pha nha hay phet thay oi
0,0,0.0026,0,0,0.0003,0,0,0.0,0,0,0.0,0,0,0.0,0,0,0.0001,phản đối thì phản đối nhưng mà cầm lá cờ j thế lại phản động kích động rồi phan oi thi phan oi nhung ma cam la co j the lai phan ong kich ong roi
0,0,0.0004,0,0,0.0002,0,0,0.0001,0,0,0.0001,0,0,0.0001,0,0,0.0001,nhin chi dep wa vay ne nhin chi dep wa vay ne
1,1,0.9861,1,1,0.546,0,0,0.0002,0,0,0.0001,0,0,0.0001,0,0,0.0001,admin đánh rơi não trước khi đăng bài này admin anh roi nao truoc khi ang bai nay
0,0,0.0008,0,0,0.0002,0,0,0.0001,0,0,0.0001,0,0,0.0001,0,0,0.0001,cmt dạo sẽ thành fan cứng cmt dao se thanh fan cung
0,0,0.0072,0,0,0.0004,0,0,0.0,0,0,0.0,0,0,0.0,0,0,0.0001,rất gì và này nọ rat gi va nay no
0,0,0.0006,0,0,0.0002,0,0,0.0001,0,0,0.0001,0,0,0.0001,0,0,0.0001,đổi sương sương ăn tết oi suong suong an tet
0,0,0.0012,0,0,0.0002,0,0,0.0,0,0,0.0001,0,0,0.0,0,0,0.0001,phan chí trường con cac phan chi truong con cac
0,0,0.0005,0,0,0.0002,0,0,0.0001,0,0,0.0001,0,0,0.0001,0,0,0.0001,gia lộc tran quang còn j vui hơn cà khịa cccccc gia loc tran quang con j vui hon ca khia cccccc
0,0,0.0005,0,0,0.0002,0,0,0.0001,0,0,0.0001,0,0,0.0001,0,0,0.0001,keo ong xuong kc lai di d keo ong xuong kc lai di d
0,0,0.0005,0,0,0.0001,0,0,0.0001,0,0,0.0001,0,0,0.0001,0,0,0.0001,nghe có vẻ vô lý nhưng lại hết sức thuyết phục c nghe co ve vo ly nhung lai het suc thuyet phuc c
0,0,0.0005,0,0,0.0001,0,0,0.0001,0,0,0.0001,0,0,0.0001,0,0,0.0001,hơn z chục triệu chứ mấy hon z chuc trieu chu may
0,0,0.0005,0,0,0.0002,0,0,0.0001,0,0,0.0001,0,0,0.0001,0,0,0.0001,gương mặt bác phúc hậu quá guong mat bac phuc hau qua
0,0,0.0006,0,0,0.0002,0,0,0.0001,0,0,0.0001,0,0,0.0001,0,0,0.0001,nguyễn vĩnh sơn là gì nguyen vinh son la gi
1,1,0.5105,0,0,0.01,0,0,0.0001,0,0,0.0001,0,0,0.0001,0,0,0.0001,vãi lol bác kkk vai lol bac kkk
0,0,0.0044,0,0,0.0003,0,0,0.0,0,0,0.0,0,0,0.0,0,0,0.0001,mong đc a lấy đăng trên page vai lon con cac mong c a lay ang tren page vai lon con cac
0,0,0.0744,0,0,0.0148,0,0,0.0001,0,0,0.0,0,0,0.0,0,0,0.0001,ađại phu miền tây nói ngọng chữ v thành qu chứ chữ gốc là đi văng hoặc li văng chứ không ai viết là quăng cả a ai phu mien tay noi ngong chu v thanh qu chu chu goc la i vang hoac li vang chu khong ai viet la quang ca
0,0,0.0005,0,0,0.0002,0,0,0.0001,0,0,0.0001,0,0,0.0001,0,0,0.0001,giọng cười phu thuê giong cuoi phu thue
0,0,0.0008,0,0,0.0002,0,0,0.0001,0,0,0.0001,0,0,0.0,0,0,0.0001,mn nghĩ ntn vs cái tên loạn thế âm binh mn nghi ntn vs cai ten loan the am binh
0,0,0.031,0,0,0.0046,0,0,0.0,0,0,0.0,0,0,0.0,0,0,0.0,nhìn mặt cụ chắc vào đảng của rằm tháng t nhin mat cu chac vao ang cua ram thang t
1,1,0.9878,0,0,0.0346,0,0,0.0005,0,0,0.0004,0,0,0.0003,0,0,0.0004,hẳn là chich khỏe chich phê đê mê tối ngàyiii han la chich khoe chich phe e me toi ngayiii
0,0,0.0005,0,0,0.0002,0,0,0.0001,0,0,0.0001,0,0,0.0001,0,0,0.0001,a có ý định bán vợ ko a a co y inh ban vo ko a
0,0,0.0007,0,0,0.0002,0,0,0.0001,0,0,0.0001,0,0,0.0,0,0,0.0001,ba tui có z cái quần mà mặc như này là giống i anh tiệp luôn ba tui co z cai quan ma mac nhu nay la giong i anh tiep luon
1,1,0.6875,0,0,0.0261,0,0,0.0001,0,0,0.0001,0,0,0.0001,0,0,0.0001,giờ này nó ngồi trong đó tù gio nay no ngoi trong o tu
0,0,0.0038,0,0,0.0003,0,0,0.0,0,0,0.0,0,0,0.0,0,0,0.0001,cánh diều dẻo canh dieu deo
0,0,0.0005,0,0,0.0002,0,0,0.0001,0,0,0.0001,0,0,0.0001,0,0,0.0001,chi ba song i doi nay ko hoi tuyet an doi o kiep co phut thi mai mai van giau sang con nhu e day ong ba cung ko thuong dat cac thi ko co chi ba song i doi nay ko hoi tuyet an doi o kiep co phut thi mai mai van giau sang con nhu e day ong ba cung ko thuong dat cac thi ko co
0,0,0.0005,0,0,0.0002,0,0,0.0001,0,0,0.0001,0,0,0.0001,0,0,0.0001,thăm mỹ tên vì vậy chị tham my ten vi vay chi
1,1,0.9946,0,1,0.9598,0,0,0.0003,0,0,0.0003,0,0,0.0003,0,0,0.0003,nghe mùi đa cấp khắm vkl chưa là j trong cái xã hội này đâu bớt dạy đời đi mấy ng đi xe máy mày còn chưa biết họ có bao nhiêu mét đất ở cầu giấy đâu nghe mui a cap kham vkl chua la j trong cai xa hoi nay au bot day oi i may ng i xe may may con chua biet ho co bao nhieu met at o cau giay au
0,0,0.0009,0,0,0.0002,0,0,0.0001,0,0,0.0001,0,0,0.0,0,0,0.0001,tuổi thơ dữ dội của một đứa con gái là suốt ngày đi đá bóng với bọn con trai tuoi tho du doi cua mot ua con gai la suot ngay i a bong voi bon con trai
0,0,0.0005,0,0,0.0002,0,0,0.0001,0,0,0.0001,0,0,0.0001,0,0,0.0001,nguyễn duy nghĩa suốt not xuốt nguyen duy nghia suot not xuot
0,0,0.0006,0,0,0.0002,0,0,0.0001,0,0,0.0001,0,0,0.0001,0,0,0.0001,nhạc nền là bài gì v nhỉ nhac nen la bai gi v nhi
0,0,0.0557,0,0,0.0109,0,0,0.0,0,0,0.0,0,0,0.0,0,0,0.0,dù cả đất nước có quay lưng lại với a và không tin lời a nói thì e cũng kệ mịa a du ca at nuoc co quay lung lai voi a va khong tin loi a noi thi e cung ke mia a
1,1,0.9919,1,0,0.1095,0,0,0.0004,0,0,0.0003,0,0,0.0003,0,0,0.0003,chúng nó đéo còn gì để làm mà nên mới sống nhanh với sống chậm v chung no eo con gi e lam ma nen moi song nhanh voi song cham v
0,0,0.0008,0,0,0.0002,0,0,0.0001,0,0,0.0001,0,0,0.0,0,0,0.0001,chúng mày thông cãm do lương t btr tháng nên a tao phải quảng cáo kiếm thêm chút mua vài con robot hoặc dăm e cái skin súng vài chục củ cho sói nó chơi thôi chung may thong cam do luong t btr thang nen a tao phai quang cao kiem them chut mua vai con robot hoac dam e cai skin sung vai chuc cu cho soi no choi thoi
0,0,0.001,0,0,0.0002,0,0,0.0001,0,0,0.0001,0,0,0.0,0,0,0.0001,chọc ai chứ đừng chọc chế hiếu choc ai chu ung choc che hieu
0,0,0.0005,0,0,0.0002,0,0,0.0001,0,0,0.0001,0,0,0.0001,0,0,0.0001,ông già cứ đưa mình ra kiếm tiền ong gia cu ua minh ra kiem tien
0,0,0.0005,0,0,0.0002,0,0,0.0001,0,0,0.0001,0,0,0.0001,0,0,0.0001,nghe có vẻ rất đan trường nhưng lại là độ mixi ccccc nghe co ve rat an truong nhung lai la o mixi ccccc
0,0,0.0005,0,0,0.0002,0,0,0.0001,0,0,0.0001,0,0,0.0001,0,0,0.0001,chi hieu rat la that tha mien mo chi chi hieu rat la that tha mien mo chi
0,0,0.0011,0,0,0.0002,0,0,0.0001,0,0,0.0001,0,0,0.0,0,0,0.0001,chi hieu dep qua da mat chi dep qua chi hieu dep qua da mat chi dep qua
1,1,0.982,0,0,0.0203,0,0,0.0005,0,0,0.0004,0,0,0.0003,0,0,0.0004,nát cmnr nat cmnr
0,0,0.0004,0,0,0.0002,0,0,0.0001,0,0,0.0001,0,0,0.0001,0,0,0.0001,troi oi cuoi muon xiu troi oi cuoi muon xiu
0,0,0.0006,0,0,0.0002,0,0,0.0001,0,0,0.0001,0,0,0.0001,0,0,0.0001,be de ma chui thi thoi roi be de ma chui thi thoi roi
0,0,0.0481,0,0,0.0042,0,0,0.0,0,0,0.0,0,0,0.0,0,0,0.0001,chàng trai người kinh à mà thôi chang trai nguoi kinh a ma thoi
0,0,0.0006,0,0,0.0002,0,0,0.0001,0,0,0.0001,0,0,0.0001,0,0,0.0001,vũ thanh huyền bọn hàn quốc biết nói tiếng việt à con cac vu thanh huyen bon han quoc biet noi tieng viet a con cac
0,0,0.039,0,0,0.0022,0,0,0.0,0,0,0.0,0,0,0.0,0,0,0.0001,vừa nghe cô chửi vừa cover đắp mộ cuộc tình con cac vua nghe co chui vua cover ap mo cuoc tinh con cac
0,0,0.0028,0,0,0.0002,0,0,0.0,0,0,0.0,0,0,0.0,0,0,0.0001,nhìn phát bt ghép c nhin phat bt ghep c
0,0,0.0006,0,0,0.0002,0,0,0.0001,0,0,0.0001,0,0,0.0001,0,0,0.0001,ở bệnh viện sùng trínhcchấn thương chỉnh hìnhc bệnh nhân nằm gần i tháng mà tụi bác sĩ còn chưa chịu mổ o benh vien sung trinhcchan thuong chinh hinhc benh nhan nam gan i thang ma tui bac si con chua chiu mo
1,0,0.0008,0,0,0.0002,0,0,0.0001,0,0,0.0001,0,0,0.0,0,0,0.0001,xuất khẩu gạo còn bị trả về vì vượt mức an toàn thì làm ăn j nữa xuat khau gao con bi tra ve vi vuot muc an toan thi lam an j nua
0,0,0.0004,0,0,0.0002,0,0,0.0001,0,0,0.0001,0,0,0.0001,0,0,0.0001,đào thị thu ui thế á sang dọn nhà hộ mình bạn ơi ao thi thu ui the a sang don nha ho minh ban oi
0,0,0.0005,0,0,0.0002,0,0,0.0001,0,0,0.0001,0,0,0.0001,0,0,0.0001,mình mạnh dạn dự đoán là jack thích các bạn nữ xinh gái nha minh manh dan du oan la jack thich cac ban nu xinh gai nha
1,1,0.6646,0,0,0.0188,0,0,0.0001,0,0,0.0001,0,0,0.0001,0,0,0.0001,nơi sản sinh ra tham nhũng mà k có tham nhũng cũng lạ noi san sinh ra tham nhung ma k co tham nhung cung la
0,1,0.7963,0,0,0.0989,0,0,0.0001,0,0,0.0001,0,0,0.0001,0,0,0.0001,chạy báo pr ít thôi chị nhật lê ơi thấy riết nhàm chán như tin vịt chay bao pr it thoi chi nhat le oi thay riet nham chan nhu tin vit
0,0,0.0005,0,0,0.0002,0,0,0.0001,0,0,0.0001,0,0,0.0001,0,0,0.0001,gặp idol nam blue k tộc trưởng con cac gap idol nam blue k toc truong con cac
0,0,0.0005,0,0,0.0002,0,0,0.0001,0,0,0.0001,0,0,0.0001,0,0,0.0001,vâng bát mì của anh nhìn qua đã thấy con tôm to đùng ít cũng mất i củ cho con đó con cac vang bat mi cua anh nhin qua a thay con tom to ung it cung mat i cu cho con o con cac
0,0,0.0179,0,0,0.001,0,0,0.0,0,0,0.0,0,0,0.0,0,0,0.0001,nhà e bán nước hoa bim bim nhé dùng xong chắc bê l chạy tiếp ý chị con cac nha e ban nuoc hoa bim bim nhe dung xong chac be l chay tiep y chi con cac
0,1,0.9923,0,0,0.4466,0,0,0.0002,0,0,0.0002,0,0,0.0002,0,0,0.0002,chửi bây giời thì bẩn thỉu lắm ahihi chui bay gioi thi ban thiu lam ahihi
0,1,0.9621,0,0,0.0346,0,0,0.0002,0,0,0.0001,0,0,0.0001,0,0,0.0002,xức xắcccc e xuc xacccc e
1,1,0.9822,0,0,0.2959,0,0,0.0001,0,0,0.0001,0,0,0.0001,0,0,0.0001,nỗ lực từ cái xe đạp lren đk cái xe ba gác rồi nói như đầu buồi no luc tu cai xe ap lren k cai xe ba gac roi noi nhu au buoi
1,1,0.9106,0,0,0.0214,0,0,0.0001,0,0,0.0001,0,0,0.0001,0,0,0.0002,sắp tự kỉ vì quá mệt mỏi thì gặp ngay quả ảnh đéo đỡ nổi sap tu ki vi qua met moi thi gap ngay qua anh eo o noi
0,0,0.0231,0,0,0.0031,0,0,0.0,0,0,0.0,0,0,0.0,0,0,0.0,trình độ mẫu giáo trường làng mà bày đặt làm tiền tri đó sao ông này ở vn người ta gọi là ông lên bà xuống trinh o mau giao truong lang ma bay at lam tien tri o sao ong nay o vn nguoi ta goi la ong len ba xuong
1,1,0.9948,0,1,0.9575,0,0,0.0003,0,0,0.0003,0,0,0.0003,0,0,0.0003,giống mấy thằng biến thái tụt quần show hàng đi lung tung trong xóm giong may thang bien thai tut quan show hang i lung tung trong xom
0,0,0.0004,0,0,0.0002,0,0,0.0001,0,0,0.0001,0,0,0.0001,0,0,0.0001,nhi faker v nhi faker v
0,0,0.0005,0,0,0.0002,0,0,0.0001,0,0,0.0001,0,0,0.0001,0,0,0.0001,muốn phòng chống thì phải viết sách nghen muon phong chong thi phai viet sach nghen
0,0,0.0005,0,0,0.0002,0,0,0.0001,0,0,0.0001,0,0,0.0001,0,0,0.0001,nguyễn đình huy vừa hay ngày mai t ở bên quân y nguyen inh huy vua hay ngay mai t o ben quan y
0,0,0.0006,0,0,0.0001,0,0,0.0001,0,0,0.0001,0,0,0.0001,0,0,0.0001,nhớ nghỉ hẳn luôn nhé nho nghi han luon nhe
1,0,0.1962,0,0,0.0186,0,0,0.0001,0,0,0.0001,0,0,0.0001,0,0,0.0001,tụi tui hỏng dám nói sau giải phóng chỉ dám nghệ thuật hóa sự kiện sau ts từ ngày đứt phim khổ quá tui tui hong dam noi sau giai phong chi dam nghe thuat hoa su kien sau ts tu ngay ut phim kho qua
0,0,0.0006,0,0,0.0002,0,0,0.0001,0,0,0.0001,0,0,0.0001,0,0,0.0001,tung lam còn slot nào hongggg a tung lam con slot nao hongggg a
0,0,0.0004,0,0,0.0002,0,0,0.0001,0,0,0.0001,0,0,0.0001,0,0,0.0001,lan lưu mốt trang điểm cô dâu như zầy nè em ccc lan luu mot trang iem co dau nhu zay ne em ccc
0,0,0.0006,0,0,0.0002,0,0,0.0001,0,0,0.0001,0,0,0.0001,0,0,0.0001,vậy đúng là grab vay ung la grab
0,0,0.0005,0,0,0.0002,0,0,0.0001,0,0,0.0001,0,0,0.0001,0,0,0.0001,ổng nói không ai phải nghỉ cả ý là dịch cũng phải đi làm mới có lương chứ hog phải nghỉ cũng có lương ccc ong noi khong ai phai nghi ca y la dich cung phai i lam moi co luong chu hog phai nghi cung co luong ccc
0,0,0.0005,0,0,0.0002,0,0,0.0001,0,0,0.0001,0,0,0.0001,0,0,0.0001,cực kì thuyết phục con cac cuc ki thuyet phuc con cac
0,1,0.8657,0,0,0.2813,0,0,0.0001,0,0,0.0001,0,0,0.0001,0,0,0.0001,iggs and zoig vẫn đang dùng đường sắt của thực dân pháp để lại iggs and zoig van ang dung uong sat cua thuc dan phap e lai
0,0,0.0005,0,0,0.0002,0,0,0.0001,0,0,0.0001,0,0,0.0001,0,0,0.0001,tất cả chỉ là kịch bản được sắp xếp sẵn còn sự thật là năm sau cưới cccccccccco tat ca chi la kich ban uoc sap xep san con su that la nam sau cuoi cccccccccco
0,1,0.9734,0,0,0.3896,0,0,0.0001,0,0,0.0001,0,0,0.0001,0,0,0.0001,kichi sulii o khe b oi kichi sulii o khe b oi
0,0,0.0007,0,0,0.0002,0,0,0.0001,0,0,0.0001,0,0,0.0001,0,0,0.0001,ngủ cung phai ngồi đây nữa kkk nc cung ghê ngu cung phai ngoi ay nua kkk nc cung ghe
0,0,0.0112,0,0,0.0006,0,0,0.0,0,0,0.0,0,0,0.0,0,0,0.0001,có thấy chữ liên quân ko co thay chu lien quan ko
0,0,0.0029,0,0,0.0003,0,0,0.0,0,0,0.0,0,0,0.0,0,0,0.0001,cô mina trốn học đi chơi net thầy ơi co mina tron hoc i choi net thay oi
0,0,0.0005,0,0,0.0001,0,0,0.0001,0,0,0.0001,0,0,0.0001,0,0,0.0001,quảng cáo hấp dẫn vai lon a ưi quang cao hap dan vai lon a ui
0,0,0.0005,0,0,0.0002,0,0,0.0001,0,0,0.0001,0,0,0.0001,0,0,0.0001,thầy đánh như thế là ổn áp r đặc biệt cái giáo án nhường shutdown cho quái là quá ổn áp luôn yêu thầy e thay anh nhu the la on ap r ac biet cai giao an nhuong shutdown cho quai la qua on ap luon yeu thay e
0,0,0.0005,0,0,0.0002,0,0,0.0001,0,0,0.0001,0,0,0.0001,0,0,0.0001,senna said senna said
0,0,0.0005,0,0,0.0002,0,0,0.0001,0,0,0.0001,0,0,0.0001,0,0,0.0001,nhờ sự cố gắng miệt mài mà giờ chúng ta mới có ngày hôm nay cccc nho su co gang miet mai ma gio chung ta moi co ngay hom nay cccc
0,0,0.0005,0,0,0.0002,0,0,0.0001,0,0,0.0001,0,0,0.0001,0,0,0.0001,xl e hai thì à i xl e hai thi a i
0,0,0.001,0,0,0.0002,0,0,0.0001,0,0,0.0001,0,0,0.0,0,0,0.0001,lan vi bão lan vi bao
0,0,0.0017,0,0,0.0002,0,0,0.0,0,0,0.0001,0,0,0.0,0,0,0.0001,cho em ké tý ạ ai bị đa nang buồng trứng vô sinh hiếm muộn tắc vòi trứng đau bụng kinh kinh nguyệt k đều tắc kinh vô kinh viêm nhiễm nấm ngứa con trai tinh trùng yếu yếu sinh lý ib em tư vấn nhé đảm bảo i người khoẻ z người cùng vui ogbabbbzgi cho em ke ty a ai bi a nang buong trung vo sinh hiem muon tac voi trung au bung kinh kinh nguyet k eu tac kinh vo kinh viem nhiem nam ngua con trai tinh trung yeu yeu sinh ly ib em tu van nhe am bao i nguoi khoe z nguoi cung vui ogbabbbzgi
0,0,0.0005,0,0,0.0002,0,0,0.0001,0,0,0.0001,0,0,0.0001,0,0,0.0001,mình thích nhất bộ đồ này của cô vì quá yêu cô nên mình video về cô ban đầu mình đóng vai người mà cô ấy chửi lúc sau vào vai người bạn người em mọi người trong cộng đồng ủng hộ mình nhé cám ơn mcv media đã đưa những hình ảnh này lên làm nghị lực cuộc sống cho lgbt minh thich nhat bo o nay cua co vi qua yeu co nen minh video ve co ban au minh ong vai nguoi ma co ay chui luc sau vao vai nguoi ban nguoi em moi nguoi trong cong ong ung ho minh nhe cam on mcv media a ua nhung hinh anh nay len lam nghi luc cuoc song cho lgbt
0,0,0.0005,0,0,0.0002,0,0,0.0001,0,0,0.0001,0,0,0.0001,0,0,0.0001,ai thích bé này hơm cccc ai thich be nay hom cccc
0,0,0.0005,0,0,0.0002,0,0,0.0001,0,0,0.0001,0,0,0.0001,0,0,0.0001,xin inf cô btv xin inf co btv
0,0,0.0006,0,0,0.0002,0,0,0.0001,0,0,0.0001,0,0,0.0001,0,0,0.0001,nguyễn vương nguyen vuong
0,0,0.0086,0,0,0.0006,0,0,0.0,0,0,0.0,0,0,0.0,0,0,0.0,thần quyền súng bắn không trúng dao chặt không đứt vậy là cái loại võ gì mà ghê vậy than quyen sung ban khong trung dao chat khong ut vay la cai loai vo gi ma ghe vay
0,0,0.0005,0,0,0.0002,0,0,0.0001,0,0,0.0001,0,0,0.0001,0,0,0.0001,du học sinh úc con cac du hoc sinh uc con cac
0,0,0.0005,0,0,0.0002,0,0,0.0001,0,0,0.0001,0,0,0.0001,0,0,0.0001,huy quang nguyễn chuẩn bị đi học chưa bạn tôi huy quang nguyen chuan bi i hoc chua ban toi
0,0,0.0005,0,0,0.0002,0,0,0.0001,0,0,0.0001,0,0,0.0001,0,0,0.0001,nguyễn thị hồng ngọc trông như model cccc nguyen thi hong ngoc trong nhu model cccc
1,1,0.995,1,1,0.9476,0,0,0.0003,0,0,0.0003,0,0,0.0003,0,0,0.0002,quang minh xạo lon vừa phải quang minh xao lon vua phai
0,0,0.0252,0,0,0.001,0,0,0.0,0,0,0.0,0,0,0.0,0,0,0.0001,đk vai lon anh ơi k vai lon anh oi
0,0,0.0005,0,0,0.0002,0,0,0.0001,0,0,0.0001,0,0,0.0001,0,0,0.0001,thế sản phẩm kính đeo mắt này giá bao nhiêu anh ơi con cac the san pham kinh eo mat nay gia bao nhieu anh oi con cac
0,0,0.0006,0,0,0.0002,0,0,0.0001,0,0,0.0001,0,0,0.0001,0,0,0.0001,cực kì thuyết phục iii con cac cuc ki thuyet phuc iii con cac
0,0,0.0011,0,0,0.0002,0,0,0.0,0,0,0.0001,0,0,0.0,0,0,0.0001,như z giọt nước chỉ khác mỗi mặt nhu z giot nuoc chi khac moi mat
0,0,0.153,0,0,0.0306,0,0,0.0001,0,0,0.0,0,0,0.0,0,0,0.0001,bên mỹ chắc k có bệnh viện tâm thần ben my chac k co benh vien tam than
0,1,0.9947,0,1,0.9502,0,0,0.0003,0,0,0.0003,0,0,0.0003,0,0,0.0002,các đầu gấu đầu méo của việt nam đâu hộ cái đi cac au gau au meo cua viet nam au ho cai i
1,1,0.9156,1,0,0.0107,0,0,0.0002,0,0,0.0001,0,0,0.0001,0,0,0.0002,cái éo j ca cũng nói dc cai eo j ca cung noi dc
0,0,0.0005,0,0,0.0002,0,0,0.0001,0,0,0.0001,0,0,0.0001,0,0,0.0001,bích phượng phía sau một cô gái con cac bich phuong phia sau mot co gai con cac
0,0,0.0012,0,0,0.0003,0,0,0.0001,0,0,0.0001,0,0,0.0,0,0,0.0001,lgbt đa phần toàn người tài giỏi lgbt a phan toan nguoi tai gioi
0,0,0.0016,0,0,0.0003,0,0,0.0,0,0,0.0,0,0,0.0,0,0,0.0001,hoàng hải quân vẫn giả dc đó ông hoang hai quan van gia dc o ong
0,0,0.0005,0,0,0.0002,0,0,0.0001,0,0,0.0001,0,0,0.0001,0,0,0.0001,được anh ưiii uoc anh uiii
0,0,0.0006,0,0,0.0002,0,0,0.0001,0,0,0.0001,0,0,0.0001,0,0,0.0001,đây là bài cmt tự động để xin like trắng trợn thích thì like ko thích thì like ok ay la bai cmt tu ong e xin like trang tron thich thi like ko thich thi like ok
0,0,0.0005,0,0,0.0002,0,0,0.0001,0,0,0.0001,0,0,0.0001,0,0,0.0001,sống chậm lại các bác ơi song cham lai cac bac oi
1,1,0.9918,0,0,0.122,0,0,0.0003,0,0,0.0003,0,0,0.0002,0,0,0.0003,chửi cái qq gì ko làm đúng quy trình thì bị loại đúng rồi chui cai qq gi ko lam ung quy trinh thi bi loai ung roi
0,0,0.0005,0,0,0.0002,0,0,0.0001,0,0,0.0001,0,0,0.0001,0,0,0.0001,ngồi ăn mì tôm sống xem anh độ rì viu thịt trâu ạ ccc ngoi an mi tom song xem anh o ri viu thit trau a ccc
0,0,0.01,0,0,0.0013,0,0,0.0,0,0,0.0,0,0,0.0,0,0,0.0,con này giọng nó giống con kiều oanh hề quá con nay giong no giong con kieu oanh he qua
0,0,0.0005,0,0,0.0002,0,0,0.0001,0,0,0.0001,0,0,0.0001,0,0,0.0001,điểm danh anh em cờ đỏ v iem danh anh em co o v
1,1,0.995,1,1,0.9612,0,0,0.0004,0,0,0.0004,0,0,0.0004,0,0,0.0003,bà khùng này xàm thiệt ba khung nay xam thiet
0,0,0.0005,0,0,0.0002,0,0,0.0001,0,0,0.0001,0,0,0.0001,0,0,0.0001,uroku chu cà moiii uroku chu ca moiii
1,1,0.9952,1,1,0.9677,0,0,0.0004,0,0,0.0004,0,0,0.0005,0,0,0.0003,haha chúng nó tính thoát trung bằng các chui vào rọ mỹ con cac thoát thoát cái con me mấy thằng phản động não chó bày đặt chê bai haha chung no tinh thoat trung bang cac chui vao ro my con cac thoat thoat cai con me may thang phan ong nao cho bay at che bai
1,1,0.9889,0,0,0.0376,0,0,0.0005,0,0,0.0004,0,0,0.0003,0,0,0.0004,nó đéo biết ngại à no eo biet ngai a
0,0,0.052,0,0,0.003,0,0,0.0001,0,0,0.0,0,0,0.0001,0,0,0.0001,ri thì như thor luôn ri thi nhu thor luon
0,0,0.2183,0,0,0.0132,0,0,0.0001,0,0,0.0001,0,0,0.0001,0,0,0.0001,tức xanh người tuc xanh nguoi
0,1,0.9823,0,1,0.8231,0,0,0.0002,0,0,0.0001,0,0,0.0001,0,0,0.0001,thanh thùy chắc bệnh đa nhân cách là từ đây cccc thanh thuy chac benh a nhan cach la tu ay cccc
0,0,0.0004,0,0,0.0002,0,0,0.0001,0,0,0.0001,0,0,0.0001,0,0,0.0001,cho hỏi trên sound cloud có chưa anh cho hoi tren sound cloud co chua anh
0,0,0.0005,0,0,0.0002,0,0,0.0001,0,0,0.0001,0,0,0.0001,0,0,0.0001,k hiểu ý duy nhà mình gì cả k hieu y duy nha minh gi ca
1,0,0.1082,0,0,0.0096,0,0,0.0001,0,0,0.0,0,0,0.0,0,0,0.0001,mua hàu có tặng kèm đối tác hay gì không các ông mịa uống xong nằm đấy vs tay trái thì lại chán bỏ mẹ mua hau co tang kem oi tac hay gi khong cac ong mia uong xong nam ay vs tay trai thi lai chan bo me
0,0,0.0005,0,0,0.0002,0,0,0.0001,0,0,0.0001,0,0,0.0001,0,0,0.0001,nhiệt tình đi a cho phép kkkkkkkkkkkkk nhiet tinh i a cho phep kkkkkkkkkkkkk
0,0,0.0005,0,0,0.0002,0,0,0.0001,0,0,0.0001,0,0,0.0001,0,0,0.0001,đáng yêu ghê ang yeu ghe
0,0,0.0005,0,0,0.0001,0,0,0.0001,0,0,0.0001,0,0,0.0001,0,0,0.0001,đúng mười giờ mới lạ toàn hụt mấy phút anh em nhờ ung muoi gio moi la toan hut may phut anh em nho
0,0,0.0005,0,0,0.0002,0,0,0.0001,0,0,0.0001,0,0,0.0001,0,0,0.0001,chi hiếu chị đất nhiều quá cho em xinh một cái nên nhà đi chị em nghèo lắm chị ơi chi hieu chi at nhieu qua cho em xinh mot cai nen nha i chi em ngheo lam chi oi
0,0,0.017,0,0,0.001,0,0,0.0,0,0,0.0,0,0,0.0,0,0,0.0001,nguyễn thùy giang đỡ đi con cac nguyen thuy giang o i con cac
0,0,0.0006,0,0,0.0002,0,0,0.0001,0,0,0.0001,0,0,0.0001,0,0,0.0001,tú ko cho anh e blue và cái kết con cac tu ko cho anh e blue va cai ket con cac
0,0,0.0066,0,0,0.0003,0,0,0.0,0,0,0.0,0,0,0.0,0,0,0.0001,đc vai lon c vai lon
0,0,0.0006,0,0,0.0002,0,0,0.0001,0,0,0.0001,0,0,0.0001,0,0,0.0001,đc của ló thầy ơi c cua lo thay oi
0,0,0.0005,0,0,0.0002,0,0,0.0001,0,0,0.0001,0,0,0.0001,0,0,0.0001,thế này thì chịu rồi abee ơiiiii the nay thi chiu roi abee oiiiii
0,0,0.0007,0,0,0.0002,0,0,0.0001,0,0,0.0001,0,0,0.0,0,0,0.0001,i gạch lát nền giãn nở vì nhiệt không đều theo năm tháng dẫn đến hiện tượng kích lẫn nhau và phồng lên ở giữa i gach lat nen gian no vi nhiet khong eu theo nam thang dan en hien tuong kich lan nhau va phong len o giua
0,0,0.0005,0,0,0.0002,0,0,0.0001,0,0,0.0001,0,0,0.0001,0,0,0.0001,thoại trần thoai tran
0,0,0.0065,0,0,0.0006,0,0,0.0,0,0,0.0,0,0,0.0,0,0,0.0,thôi thôi thôi thôi thôi thôi mày đừng có bốc phét mày đừng có mồm điêu đi v thoi thoi thoi thoi thoi thoi may ung co boc phet may ung co mom ieu i v
0,0,0.0005,0,0,0.0002,0,0,0.0001,0,0,0.0001,0,0,0.0001,0,0,0.0001,nguyễn thị miền huhu nguyen thi mien huhu
0,0,0.0007,0,0,0.0002,0,0,0.0001,0,0,0.0001,0,0,0.0001,0,0,0.0001,ông nhật bản đi bar truyền nhiễm ông hàn đi hiến máu cccc ong nhat ban i bar truyen nhiem ong han i hien mau cccc
0,0,0.0005,0,0,0.0002,0,0,0.0001,0,0,0.0001,0,0,0.0001,0,0,0.0001,múp quá abe ơiii mup qua abe oiii
0,0,0.0005,0,0,0.0002,0,0,0.0001,0,0,0.0001,0,0,0.0001,0,0,0.0001,xin video sếp xin video sep
1,0,0.0007,0,0,0.0002,0,0,0.0001,0,0,0.0001,0,0,0.0001,0,0,0.0001,em đ có cửa em co cua
0,0,0.0006,0,0,0.0002,0,0,0.0001,0,0,0.0001,0,0,0.0001,0,0,0.0001,yeah boiz v yeah boiz v
0,0,0.0005,0,0,0.0002,0,0,0.0001,0,0,0.0001,0,0,0.0001,0,0,0.0001,ai cũng muốn trở lại làm những đứa trẻ dễ hiểu thôi cứ càng lớn thì người thân của bạn sẽ lần lượt ra đi mất mát không đau khổ không nên chỉ có quá khứ chỉ có tuổi thơ chỉ có những điều đã cũ mới khiến tâm hồn bạn bình thản mới giúp mọi ng sống đúng với những xúc cảm của cuộc đời không toan tính không dối trá không thị phi ai cung muon tro lai lam nhung ua tre de hieu thoi cu cang lon thi nguoi than cua ban se lan luot ra i mat mat khong au kho khong nen chi co qua khu chi co tuoi tho chi co nhung ieu a cu moi khien tam hon ban binh than moi giup moi ng song ung voi nhung xuc cam cua cuoc oi khong toan tinh khong doi tra khong thi phi
1,1,0.9923,1,1,0.9479,0,0,0.0003,0,0,0.0002,0,0,0.0002,0,0,0.0002,ad chửi hết bọn khựa làm chó gì i dân nó cũng y như dân mình thôi chế hính cho đỡ tức hả không tác dụng gì để sức mà xem nước ta thắt chặt tình hữu nghị ra sao nhé vụ formosa chìm xuồng rồi nhé v đm ai bầu thằng cẩu nô tài lên làm lãnh đạo thế i ad chui het bon khua lam cho gi i dan no cung y nhu dan minh thoi che hinh cho o tuc ha khong tac dung gi e suc ma xem nuoc ta that chat tinh huu nghi ra sao nhe vu formosa chim xuong roi nhe v m ai bau thang cau no tai len lam lanh ao the i
0,0,0.0005,0,0,0.0002,0,0,0.0001,0,0,0.0001,0,0,0.0001,0,0,0.0001,ngày trước nhận là ny khánh phương ngay truoc nhan la ny khanh phuong
0,0,0.0005,0,0,0.0002,0,0,0.0001,0,0,0.0001,0,0,0.0001,0,0,0.0001,chả liên quan nhưng sinh xong e bé như con tự kỉ được bà chị đọc cho nghe bài của thắm mà cười rung rốn iii thấy thoải mái hẳn như tìm lại chính mình ý tks page nhé cha lien quan nhung sinh xong e be nhu con tu ki uoc ba chi oc cho nghe bai cua tham ma cuoi rung ron iii thay thoai mai han nhu tim lai chinh minh y tks page nhe
0,0,0.0028,0,0,0.0003,0,0,0.0,0,0,0.0,0,0,0.0,0,0,0.0001,ăn với mặc an voi mac
0,0,0.0411,0,0,0.0016,0,0,0.0001,0,0,0.0001,0,0,0.0001,0,0,0.0001,crush tớ bảo refund đéo liên quan đến nó con cac crush to bao refund eo lien quan en no con cac
0,0,0.0005,0,0,0.0002,0,0,0.0001,0,0,0.0001,0,0,0.0001,0,0,0.0001,cmt cmt
0,0,0.0004,0,0,0.0002,0,0,0.0001,0,0,0.0001,0,0,0.0001,0,0,0.0001,trend mới khá hài hước của giới trẻ ccc trend moi kha hai huoc cua gioi tre ccc
1,0,0.0005,0,0,0.0002,0,0,0.0001,0,0,0.0001,0,0,0.0001,0,0,0.0001,thầy nhớ mang vinh quang về nghệ sĩ hài hước clm thay nho mang vinh quang ve nghe si hai huoc clm
0,0,0.0005,0,0,0.0002,0,0,0.0001,0,0,0.0001,0,0,0.0001,0,0,0.0001,nên chọn đúng vợ mà cưới nếu chọn sai thì nên buông bỏ và lấy vợ mới nen chon ung vo ma cuoi neu chon sai thi nen buong bo va lay vo moi
0,0,0.0005,0,0,0.0002,0,0,0.0001,0,0,0.0001,0,0,0.0001,0,0,0.0001,đhs nhớ ông già ccc hs nho ong gia ccc
0,0,0.0005,0,0,0.0002,0,0,0.0001,0,0,0.0001,0,0,0.0001,0,0,0.0001,chi ba dung la vang ngọc chi ba dung la vang ngoc
1,1,0.9484,1,1,0.678,0,0,0.0001,0,0,0.0001,0,0,0.0001,0,0,0.0001,eb at đúng rồi mấy người nổi tiếng do live câu like câu view là ko lâu dài bé đang chửi chị bạn linda của bé đó bởi ta nói lời nói nhanh hơn não là biết con người ntn miệng thì nói ko đụng tới ai mà nói chuyện trên đầu cha người ta đá xéo móc họng ngta kiểu đó hk ai rảnh mà chị minh hiếu đi ganh tỵ hay kiếm chuyện hãm hại cái con như m mặt méo mặt tròn của mày hay tên hay họ của m chị minh hiếu còn chả để trong tư tưởng còn chả thèm biết con như m là con nhỏ ất ơ nào nữa làm như m ngôi sao hạng i ở vn ko bằng bán hàng thì bán đi miệng thiên hạ thì phải chịu đừng có lôi kéo đá xéo ngta kiểu đó bu fam rẻ tiền eb at ung roi may nguoi noi tieng do live cau like cau view la ko lau dai be ang chui chi ban linda cua be o boi ta noi loi noi nhanh hon nao la biet con nguoi ntn mieng thi noi ko ung toi ai ma noi chuyen tren au cha nguoi ta a xeo moc hong ngta kieu o hk ai ranh ma chi minh hieu i ganh ty hay kiem chuyen ham hai cai con nhu m mat meo mat tron cua may hay ten hay ho cua m chi minh hieu con cha e trong tu tuong con cha them biet con nhu m la con nho at o nao nua lam nhu m ngoi sao hang i o vn ko bang ban hang thi ban i mieng thien ha thi phai chiu ung co loi keo a xeo ngta kieu o bu fam re tien
0,1,0.9309,0,1,0.6893,0,0,0.0001,0,0,0.0001,0,0,0.0001,0,0,0.0001,tưởng quần hở khe như a bảnh là đẳng cấp rồi không ngờ anh tiệp có quả quần đẳng cấp hơn v mặc như không mặc v minh duy tuong quan ho khe nhu a banh la ang cap roi khong ngo anh tiep co qua quan ang cap hon v mac nhu khong mac v minh duy
1,1,0.9918,1,1,0.93,0,0,0.0002,0,0,0.0002,0,0,0.0002,0,0,0.0002,nguyễn hữu nhân đớp cả của cháu thứ mắc dạy nguyen huu nhan op ca cua chau thu mac day
1,1,0.9951,1,1,0.9647,0,0,0.0004,0,0,0.0004,0,0,0.0004,0,0,0.0003,bóng già chuyển giới cô cô nghe mắc ỉa súc vật lũ bongs chó tởm lợm bong gia chuyen gioi co co nghe mac ia suc vat lu bongs cho tom lom
0,0,0.0006,0,0,0.0002,0,0,0.0001,0,0,0.0001,0,0,0.0001,0,0,0.0001,có lộc lắm đây naz co loc lam ay naz
0,0,0.0006,0,0,0.0002,0,0,0.0001,0,0,0.0001,0,0,0.0001,0,0,0.0001,chuẩn cmnr chuan cmnr
1,0,0.0014,1,0,0.0003,0,0,0.0,0,0,0.0001,0,0,0.0,0,0,0.0001,thien duong cs ngo that biet tq mun hai vn ma van tiep tay cho tq thien duong cs ngo that biet tq mun hai vn ma van tiep tay cho tq
0,0,0.0006,0,0,0.0001,0,0,0.0001,0,0,0.0001,0,0,0.0001,0,0,0.0001,đẹp trai là thứ xa vời với e gar con cac ep trai la thu xa voi voi e gar con cac
0,0,0.0039,0,0,0.0004,0,0,0.0,0,0,0.0,0,0,0.0,0,0,0.0001,cmt dạo để kiếm anh ny cục súc cmt dao e kiem anh ny cuc suc
0,0,0.0007,0,0,0.0002,0,0,0.0001,0,0,0.0001,0,0,0.0001,0,0,0.0001,bén như cái chén v ben nhu cai chen v
0,1,0.9957,0,1,0.7747,0,0,0.0003,0,0,0.0003,0,0,0.0003,0,0,0.0003,no qua cho oi ngheo ma no no qua cho oi ngheo ma no
1,1,0.9949,1,1,0.9558,0,0,0.0003,0,0,0.0003,0,0,0.0003,0,0,0.0003,thôn cái lù dit con me cs thon cai lu dit con me cs
0,0,0.4399,0,0,0.0113,0,0,0.0001,0,0,0.0001,0,0,0.0001,0,0,0.0001,khiếp con cac khiep con cac
0,0,0.0005,0,0,0.0002,0,0,0.0001,0,0,0.0001,0,0,0.0001,0,0,0.0001,thu trang thu trang
0,0,0.0005,0,0,0.0002,0,0,0.0001,0,0,0.0001,0,0,0.0001,0,0,0.0001,lỡ ng ta ko phải đi du lịch mà đi công việc công tác xa thì sao má lo ng ta ko phai i du lich ma i cong viec cong tac xa thi sao ma
0,0,0.0005,0,0,0.0002,0,0,0.0001,0,0,0.0001,0,0,0.0001,0,0,0.0001,chu gia bảo nước nào có phúc lợi lao động mà nghỉ phép vô thời hạn vẫn nhận lương để t bay sang với cccc chu gia bao nuoc nao co phuc loi lao ong ma nghi phep vo thoi han van nhan luong e t bay sang voi cccc
0,0,0.0007,0,0,0.0002,0,0,0.0001,0,0,0.0001,0,0,0.0,0,0,0.0001,phải nắp thêm răng giả nữa chứ bạn k nói gío lùa vào lại bay nốt mấy răng phai nap them rang gia nua chu ban k noi gio lua vao lai bay not may rang
0,0,0.0011,0,0,0.0002,0,0,0.0001,0,0,0.0001,0,0,0.0,0,0,0.0001,toàn đặng toan ang
0,0,0.0006,0,0,0.0002,0,0,0.0001,0,0,0.0001,0,0,0.0001,0,0,0.0001,không thắng pháp đuổi mỹ nhưng rất thanh bìnhi khong thang phap uoi my nhung rat thanh binhi
0,0,0.0005,0,0,0.0002,0,0,0.0001,0,0,0.0001,0,0,0.0001,0,0,0.0001,có muốn ứng tuyển cũng k tới lượt co muon ung tuyen cung k toi luot
0,0,0.0007,0,0,0.0002,0,0,0.0001,0,0,0.0001,0,0,0.0001,0,0,0.0001,anh bar anh bar
0,0,0.0006,0,0,0.0002,0,0,0.0001,0,0,0.0001,0,0,0.0001,0,0,0.0001,đây là aba sao khi già ay la aba sao khi gia
0,0,0.0006,0,0,0.0002,0,0,0.0001,0,0,0.0001,0,0,0.0001,0,0,0.0001,ngày xưa thầy giáo tao đã khuyên bọn con trai lớp tao rằng bất cứ việc gì trong thiên hạ cứ đem về hỏi vợ rồi làm ngược lại là xong ngay xua thay giao tao a khuyen bon con trai lop tao rang bat cu viec gi trong thien ha cu em ve hoi vo roi lam nguoc lai la xong
0,0,0.0005,0,0,0.0002,0,0,0.0001,0,0,0.0001,0,0,0.0001,0,0,0.0001,thanh phấn nghỉ vậy rồi sao ra iz nhở thanh phan nghi vay roi sao ra iz nho
1,1,0.6901,1,0,0.1638,0,0,0.0001,0,0,0.0,0,0,0.0001,0,0,0.0001,các bạn có thấy các ông mấy bà mấy năm nay toàn đề ra những cái rất là vớ vẩn vô ích vô nghiã không éo thấy làm gì có lợi cho đất nước cac ban co thay cac ong may ba may nam nay toan e ra nhung cai rat la vo van vo ich vo nghia khong eo thay lam gi co loi cho at nuoc
0,0,0.0005,0,0,0.0002,0,0,0.0001,0,0,0.0001,0,0,0.0001,0,0,0.0001,bsz if jgt bsz if jgt
0,0,0.0005,0,0,0.0002,0,0,0.0001,0,0,0.0001,0,0,0.0001,0,0,0.0001,có sổ hộ nghèo nên được miễn giảm lỗi chính tả nhéi co so ho ngheo nen uoc mien giam loi chinh ta nhei
0,0,0.0007,0,0,0.0002,0,0,0.0001,0,0,0.0001,0,0,0.0001,0,0,0.0001,tất diên tat dien
0,1,0.9938,0,1,0.9498,0,0,0.0003,0,0,0.0003,0,0,0.0003,0,0,0.0002,sao biết bọn bị loại là người tài đức vậy thằng ad sao biet bon bi loai la nguoi tai uc vay thang ad
0,0,0.0005,0,0,0.0001,0,0,0.0001,0,0,0.0001,0,0,0.0001,0,0,0.0001,cái thời gian tối nhăn tin vui vẻ hỏi thăm đó t thà đi xem livestream còn hơn v cai thoi gian toi nhan tin vui ve hoi tham o t tha i xem livestream con hon v
0,0,0.0005,0,0,0.0002,0,0,0.0001,0,0,0.0001,0,0,0.0001,0,0,0.0001,đăng kí ở đâu ang ki o au
0,0,0.0006,0,0,0.0001,0,0,0.0001,0,0,0.0001,0,0,0.0001,0,0,0.0001,thế con trai bảo đợi thì sao the con trai bao oi thi sao
0,0,0.0006,0,0,0.0002,0,0,0.0001,0,0,0.0001,0,0,0.0001,0,0,0.0001,ngon đó ngon o
1,1,0.9723,0,0,0.3127,0,0,0.0001,0,0,0.0001,0,0,0.0001,0,0,0.0001,nhục chưa sở deo hn còn hay giải tán rồi mà dân gọi cả ngày mà ko lh được là sao nhuc chua so deo hn con hay giai tan roi ma dan goi ca ngay ma ko lh uoc la sao
0,0,0.0005,0,0,0.0002,0,0,0.0001,0,0,0.0001,0,0,0.0001,0,0,0.0001,một người thầy tốt mot nguoi thay tot
0,0,0.0013,0,0,0.0002,0,0,0.0001,0,0,0.0001,0,0,0.0,0,0,0.0001,đọc thì cũng thấm cũng hiểu cái ý của bài viết nhưng ngôn từ hình như quá nặng nề c oc thi cung tham cung hieu cai y cua bai viet nhung ngon tu hinh nhu qua nang ne c
0,0,0.0007,0,0,0.0002,0,0,0.0001,0,0,0.0001,0,0,0.0,0,0,0.0001,tiên tri vũ trụ hay là người ngoài hành tinh tien tri vu tru hay la nguoi ngoai hanh tinh
0,1,0.6952,0,0,0.0437,0,0,0.0001,0,0,0.0001,0,0,0.0001,0,0,0.0001,mở mồm thì kêu suy tủy mà suốt ngày kêu đừng im lặng phải lên tiếng đi mo mom thi keu suy tuy ma suot ngay keu ung im lang phai len tieng i
0,0,0.0005,0,0,0.0002,0,0,0.0001,0,0,0.0001,0,0,0.0001,0,0,0.0001,đức thịnh e cũng thấy a có cô nào đấy mà uc thinh e cung thay a co co nao ay ma
0,0,0.0005,0,0,0.0002,0,0,0.0001,0,0,0.0001,0,0,0.0001,0,0,0.0001,chị trang ơi tối nay chị có thể cho anh độ ngủ ngoài ban công cũng được e chi trang oi toi nay chi co the cho anh o ngu ngoai ban cong cung uoc e
0,0,0.0005,0,0,0.0002,0,0,0.0001,0,0,0.0001,0,0,0.0001,0,0,0.0001,tự do vkl e tu do vkl e
0,0,0.0006,0,0,0.0002,0,0,0.0001,0,0,0.0001,0,0,0.0001,0,0,0.0001,anh ba nhận họ hàng đi này con cac anh ba nhan ho hang i nay con cac
0,0,0.0046,0,0,0.0005,0,0,0.0,0,0,0.0,0,0,0.0,0,0,0.0,thầy ba quang game ghê quá ra là chết đầu thay ba quang game ghe qua ra la chet au
0,0,0.0017,0,0,0.0002,0,0,0.0,0,0,0.0,0,0,0.0,0,0,0.0,đợt này thấy toàn tầng lớp đại gia ko ý nhờ có tiền đi du lịch kug khổ mà ot nay thay toan tang lop ai gia ko y nho co tien i du lich kug kho ma
0,0,0.001,0,0,0.0002,0,0,0.0001,0,0,0.0001,0,0,0.0,0,0,0.0001,ra ngoài thả hóa học nước đỏi màu lý do quá hay ra ngoai tha hoa hoc nuoc oi mau ly do qua hay
0,0,0.0005,0,0,0.0002,0,0,0.0001,0,0,0.0001,0,0,0.0001,0,0,0.0001,òa là thầy giáo lại vừa đẹp trai lại chu đáo mê quá đi à oa la thay giao lai vua ep trai lai chu ao me qua i a
0,0,0.0014,0,0,0.0002,0,0,0.0001,0,0,0.0001,0,0,0.0,0,0,0.0001,thịnh hồ buồn thinh ho buon
0,0,0.0004,0,0,0.0002,0,0,0.0001,0,0,0.0001,0,0,0.0001,0,0,0.0001,xuống kim cương chưa abe xuong kim cuong chua abe
0,0,0.0005,0,0,0.0002,0,0,0.0001,0,0,0.0001,0,0,0.0001,0,0,0.0001,k atm cao lãnh belike k atm cao lanh belike
0,0,0.0005,0,0,0.0002,0,0,0.0001,0,0,0.0001,0,0,0.0001,0,0,0.0001,nghe có vẻ mixi nhưng rất tộc trưởng nghe co ve mixi nhung rat toc truong
0,0,0.0279,0,0,0.0013,0,0,0.0,0,0,0.0,0,0,0.0,0,0,0.0001,người luôn âm thâm theo e khi e phạm lỗi nguoi luon am tham theo e khi e pham loi
0,0,0.0005,0,0,0.0002,0,0,0.0001,0,0,0.0001,0,0,0.0001,0,0,0.0001,cực kỳ thuyết phục nàyi cuc ky thuyet phuc nayi
0,0,0.0005,0,0,0.0002,0,0,0.0001,0,0,0.0001,0,0,0.0001,0,0,0.0001,mua về dùng dần đê mua ve dung dan e
1,1,0.9917,0,0,0.105,0,0,0.0004,0,0,0.0003,0,0,0.0002,0,0,0.0003,ngơ cái buồi v ngo cai buoi v
1,0,0.1678,1,0,0.0143,0,0,0.0001,0,0,0.0,0,0,0.0,0,0,0.0001,cún vàng k có viết chữ đẹp đc như vậy đâu bạn ơi cun vang k co viet chu ep c nhu vay au ban oi
1,1,0.9956,1,1,0.9167,0,0,0.0003,0,0,0.0003,0,0,0.0003,0,0,0.0002,ad óc con chó vãi lon ad oc con cho vai lon
0,0,0.0007,0,0,0.0002,0,0,0.0001,0,0,0.0001,0,0,0.0,0,0,0.0001,nhìn anh rất giống gờ đờ ra gon nhin anh rat giong go o ra gon
0,0,0.0009,0,0,0.0002,0,0,0.0001,0,0,0.0001,0,0,0.0,0,0,0.0001,tu bi không tình yêu tu bi khong tinh yeu
0,0,0.0005,0,0,0.0002,0,0,0.0001,0,0,0.0001,0,0,0.0001,0,0,0.0001,võ vân con mắt để nhìn về tương lai ok vo van con mat e nhin ve tuong lai ok
1,1,0.9907,1,1,0.8499,0,0,0.0002,0,0,0.0002,0,0,0.0002,0,0,0.0002,thôi anh im mẹ mồm đi nói nhiều quá thoi anh im me mom i noi nhieu qua
0,0,0.0005,0,0,0.0002,0,0,0.0001,0,0,0.0001,0,0,0.0001,0,0,0.0001,trần đồng phát trần i surrender con cac tran ong phat tran i surrender con cac
0,0,0.0005,0,0,0.0002,0,0,0.0001,0,0,0.0001,0,0,0.0001,0,0,0.0001,andrew kern she is has offended the lgbt community andrew kern she is has offended the lgbt community
0,0,0.0006,0,0,0.0001,0,0,0.0001,0,0,0.0001,0,0,0.0001,0,0,0.0001,vỗ tay vỗ tay ccc vo tay vo tay ccc
1,1,0.9944,1,1,0.9576,0,0,0.0003,0,0,0.0003,0,0,0.0003,0,0,0.0002,một thanh niên rảnh lol cho hay dit con me nhà mày nó có tiền nó có của nó muốn làm sao nó làm nó ko bỏ ra sootr nó quyên góp nó kêu gọi quyên góp thì lấy lol đâu ra ng quyên góp thiết nghĩ mày kêu gọi quyên góp thì chắc đk đồng lol nào mà phán loại mày nổi tiếng như nó chắc j đã cho dân đk đồng lol nào nên đã ko có cho thì đừng đáp cứt hội đồng rảnh lol mot thanh nien ranh lol cho hay dit con me nha may no co tien no co cua no muon lam sao no lam no ko bo ra sootr no quyen gop no keu goi quyen gop thi lay lol au ra ng quyen gop thiet nghi may keu goi quyen gop thi chac k ong lol nao ma phan loai may noi tieng nhu no chac j a cho dan k ong lol nao nen a ko co cho thi ung ap cut hoi ong ranh lol
0,0,0.0007,0,0,0.0002,0,0,0.0001,0,0,0.0001,0,0,0.0001,0,0,0.0001,khá tú kha tu
1,1,0.9773,1,0,0.4708,0,0,0.0001,0,0,0.0001,0,0,0.0001,0,0,0.0001,sung ban cat ikm thi sao ma trung dao chem cach io m thi lam sao ma đut nha tien chi phet lac sung ban cat ikm thi sao ma trung dao chem cach io m thi lam sao ma ut nha tien chi phet lac
1,1,0.9841,0,0,0.0494,0,0,0.0003,0,0,0.0002,0,0,0.0002,0,0,0.0003,lắm tiền mà đéo bh chịu làm even cho học sinh lam tien ma eo bh chiu lam even cho hoc sinh
0,0,0.008,0,0,0.0005,0,0,0.0,0,0,0.0,0,0,0.0,0,0,0.0001,đã xem z người vô dụng nhất lại còn sống thấy tiếc cho nữ chính a xem z nguoi vo dung nhat lai con song thay tiec cho nu chinh
0,0,0.0008,0,0,0.0002,0,0,0.0001,0,0,0.0001,0,0,0.0,0,0,0.0001,các bạn gái xinh xinh ghé fb mình lựa ít đồ nha cac ban gai xinh xinh ghe fb minh lua it o nha
1,1,0.9885,1,1,0.9096,0,0,0.0002,0,0,0.0002,0,0,0.0002,0,0,0.0001,cố vấn kinh tế của thủ tướng vn nhìn mặt kinh bỏ mẹ luôn nhìn như mấy thằng xì ke hay lảng vảng chỗ ngoài đường gần khu tao ở co van kinh te cua thu tuong vn nhin mat kinh bo me luon nhin nhu may thang xi ke hay lang vang cho ngoai uong gan khu tao o
0,1,0.9834,0,0,0.0223,0,0,0.0004,0,0,0.0004,0,0,0.0003,0,0,0.0004,đéo phải aba t rồi eo phai aba t roi
0,0,0.0007,0,0,0.0002,0,0,0.0001,0,0,0.0001,0,0,0.0,0,0,0.0001,trần như quỳnh thôi đi về con cac tran nhu quynh thoi i ve con cac
1,1,0.9948,0,1,0.9443,0,0,0.0003,0,0,0.0003,0,0,0.0003,0,0,0.0002,thân chửi học trò như i con chó thương cái lồl than chui hoc tro nhu i con cho thuong cai lol
0,0,0.0005,0,0,0.0002,0,0,0.0001,0,0,0.0001,0,0,0.0001,0,0,0.0001,phương noble s tóc gì làm vậy p phuong noble s toc gi lam vay p
0,1,0.8115,0,0,0.1852,0,0,0.0001,0,0,0.0001,0,0,0.0001,0,0,0.0001,giá như lúc này t đc về nhà và ăn bữa cơm vs bame gia nhu luc nay t c ve nha va an bua com vs bame
1,1,0.9714,0,0,0.0324,0,0,0.0002,0,0,0.0002,0,0,0.0002,0,0,0.0002,thế là bạn nằm yên cho nó hiếp dâm à v the la ban nam yen cho no hiep dam a v
0,0,0.0767,0,0,0.0047,0,0,0.0001,0,0,0.0,0,0,0.0,0,0,0.0001,thảo tino có nhai thường thì ngta bán itr i hộp tôi bán rẻ cho sook i hộp nhé i thao tino co nhai thuong thi ngta ban itr i hop toi ban re cho sook i hop nhe i
0,0,0.0006,0,0,0.0002,0,0,0.0001,0,0,0.0001,0,0,0.0001,0,0,0.0001,mình bị gạt nè huhu chửi nó nữa đi cô ơi minh bi gat ne huhu chui no nua i co oi
0,0,0.0033,0,0,0.0003,0,0,0.0,0,0,0.0,0,0,0.0,0,0,0.0001,em cũng zki nhưng đúp mí đau a ạ con cac em cung zki nhung up mi au a a con cac
1,1,0.9945,1,1,0.9577,0,0,0.0003,0,0,0.0003,0,0,0.0004,0,0,0.0003,k ai dem ba nay di benh vien de ba khung z ai chieu noi troi k ai dem ba nay di benh vien de ba khung z ai chieu noi troi
0,0,0.0205,0,0,0.0015,0,0,0.0,0,0,0.0,0,0,0.0,0,0,0.0001,đi chữa bệnh thôi đừng có họp với chả hành nữa i chua benh thoi ung co hop voi cha hanh nua
0,0,0.0005,0,0,0.0002,0,0,0.0001,0,0,0.0001,0,0,0.0001,0,0,0.0001,là có văn hóa nhé em v la co van hoa nhe em v
0,0,0.0005,0,0,0.0002,0,0,0.0001,0,0,0.0001,0,0,0.0001,0,0,0.0001,cô ơi là cô ai lóp du chu cà mo cưng trơi ơi co oi la co ai lop du chu ca mo cung troi oi
0,0,0.0005,0,0,0.0002,0,0,0.0001,0,0,0.0001,0,0,0.0001,0,0,0.0001,đoàn duy diện oan duy dien
0,0,0.0007,0,0,0.0002,0,0,0.0001,0,0,0.0001,0,0,0.0001,0,0,0.0001,thoi dai gi ma dan ba con gai an noi vo duyen qua a thoi dai gi ma dan ba con gai an noi vo duyen qua a
0,0,0.0004,0,0,0.0002,0,0,0.0001,0,0,0.0001,0,0,0.0001,0,0,0.0001,các bạn xem video like và đăng kí chia sẻ giúp mình vs nha xin cảm ơn các bạn c c cac ban xem video like va ang ki chia se giup minh vs nha xin cam on cac ban c c
0,0,0.0005,0,0,0.0002,0,0,0.0001,0,0,0.0001,0,0,0.0001,0,0,0.0001,alo alo alo alo
0,0,0.0006,0,0,0.0002,0,0,0.0001,0,0,0.0001,0,0,0.0001,0,0,0.0001,có ai nghĩ như mình ko co ai nghi nhu minh ko
0,0,0.0005,0,0,0.0002,0,0,0.0001,0,0,0.0001,0,0,0.0001,0,0,0.0001,tuy album mới ra mắt chưa được ztiếng nhưng đã đứng top i thịnh hành tuy album moi ra mat chua uoc ztieng nhung a ung top i thinh hanh
0,0,0.0009,0,0,0.0002,0,0,0.0001,0,0,0.0001,0,0,0.0,0,0,0.0001,buồn a ạ buon a a
1,1,0.9911,0,0,0.071,0,0,0.0004,0,0,0.0004,0,0,0.0003,0,0,0.0004,sống như lon ok song nhu lon ok
0,0,0.0005,0,0,0.0002,0,0,0.0001,0,0,0.0001,0,0,0.0001,0,0,0.0001,đức trung tuần sau vô rồi hiểu e uc trung tuan sau vo roi hieu e
1,0,0.0005,1,0,0.0002,0,0,0.0001,0,0,0.0001,0,0,0.0001,0,0,0.0001,hoag sa truog sa la kua trug quoc rui ma hoag sa truog sa la kua trug quoc rui ma
1,1,0.9703,1,1,0.6478,0,0,0.0001,0,0,0.0001,0,0,0.0001,0,0,0.0001,nhãn đoàn nhắm bay đc thì biến mẹ bên đó luôn đừng có về đây bay về để lây bệnh cho ngta hay gì á nuôi mấy đứa này thiệt tiếc tiền gì đâu nhan oan nham bay c thi bien me ben o luon ung co ve ay bay ve e lay benh cho ngta hay gi a nuoi may ua nay thiet tiec tien gi au
0,0,0.0005,0,0,0.0001,0,0,0.0001,0,0,0.0001,0,0,0.0001,0,0,0.0001,chi oi em thich chi lam chi oi em thich chi lam
0,0,0.3946,0,0,0.0212,0,0,0.0001,0,0,0.0,0,0,0.0001,0,0,0.0001,làm ác sẽ gặp quả báo lam ac se gap qua bao
0,0,0.0006,0,0,0.0001,0,0,0.0001,0,0,0.0001,0,0,0.0001,0,0,0.0001,tránh ra để cụ tranh ra e cu
0,0,0.0006,0,0,0.0002,0,0,0.0001,0,0,0.0001,0,0,0.0001,0,0,0.0001,mình bỏ liên quân mà các táo lại chơi minh bo lien quan ma cac tao lai choi
0,0,0.0043,0,0,0.0006,0,0,0.0,0,0,0.0,0,0,0.0,0,0,0.0,anh bắc kỳ nào ở đài loan gặp nó nói chuyện đi anh bac ky nao o ai loan gap no noi chuyen i
0,0,0.0005,0,0,0.0002,0,0,0.0001,0,0,0.0001,0,0,0.0001,0,0,0.0001,anh lân hay thật lúc này ở nhà xem nghệ sĩ t dần biểu diễn hài vui ghê anh lan hay that luc nay o nha xem nghe si t dan bieu dien hai vui ghe
0,0,0.0006,0,0,0.0002,0,0,0.0001,0,0,0.0001,0,0,0.0001,0,0,0.0001,lê thị trang giảm giá thì mua le thi trang giam gia thi mua
0,0,0.0018,0,0,0.0002,0,0,0.0,0,0,0.0,0,0,0.0,0,0,0.0001,non xanh mấy độ trắng răng mấy kì quốc kì không đổi được câu cuối của sấm trạng trong bản hương sơn quốc ngữ non xanh may o trang rang may ki quoc ki khong oi uoc cau cuoi cua sam trang trong ban huong son quoc ngu
0,0,0.0007,0,0,0.0002,0,0,0.0001,0,0,0.0001,0,0,0.0001,0,0,0.0001,này chắc là chị của anh độ hỉ nay chac la chi cua anh o hi
0,0,0.0005,0,0,0.0002,0,0,0.0001,0,0,0.0001,0,0,0.0001,0,0,0.0001,hình như là cầu nguyễn văn linh qua phước kiểng đúng ko lúc trc là z chiều nhé sau này mới là một chiều hinh nhu la cau nguyen van linh qua phuoc kieng ung ko luc trc la z chieu nhe sau nay moi la mot chieu
0,0,0.0005,0,0,0.0002,0,0,0.0001,0,0,0.0001,0,0,0.0001,0,0,0.0001,phi phi nhưng không có gấp đôi như a phi phi nhung khong co gap oi nhu a
0,0,0.0004,0,0,0.0002,0,0,0.0001,0,0,0.0001,0,0,0.0001,0,0,0.0001,hôm nay cúp học nha thầy e hom nay cup hoc nha thay e
0,1,0.9853,0,1,0.8593,0,0,0.0002,0,0,0.0001,0,0,0.0002,0,0,0.0001,không mặt sịp à thầy dd khong mat sip a thay dd
0,0,0.0005,0,0,0.0002,0,0,0.0001,0,0,0.0001,0,0,0.0001,0,0,0.0001,gil muôn nơi gil muon noi
0,0,0.0005,0,0,0.0002,0,0,0.0001,0,0,0.0001,0,0,0.0001,0,0,0.0001,thương cô quá trời i thuong co qua troi i
1,1,0.9957,1,1,0.9286,0,0,0.0003,0,0,0.0003,0,0,0.0003,0,0,0.0003,cai kenh xam lol phong vien nhu con cac tien tri dien khung toan la i lu virut cai kenh xam lol phong vien nhu con cac tien tri dien khung toan la i lu virut
0,0,0.0024,0,0,0.0005,0,0,0.0,0,0,0.0,0,0,0.0,0,0,0.0,vu tien dat mày tên đạt ở nhà me may gọi mày là phát vu tien dat may ten at o nha me may goi may la phat
0,0,0.004,0,0,0.0003,0,0,0.0,0,0,0.0,0,0,0.0,0,0,0.0001,buồn nha buon nha
0,0,0.0007,0,0,0.0002,0,0,0.0001,0,0,0.0001,0,0,0.0001,0,0,0.0001,tâm trần ch dừng lại đâu tam tran ch dung lai au
0,0,0.0005,0,0,0.0002,0,0,0.0001,0,0,0.0001,0,0,0.0001,0,0,0.0001,bác sĩ như vậy thì sẽ được danh hiệu anh hùng liệt sĩ mới đúng bac si nhu vay thi se uoc danh hieu anh hung liet si moi ung
1,1,0.9928,1,1,0.8696,0,0,0.0002,0,0,0.0002,0,0,0.0002,0,0,0.0002,long vương địt đấy long vuong it ay
0,0,0.0244,0,0,0.001,0,0,0.0,0,0,0.0,0,0,0.0,0,0,0.0001,đẹp con cac ep con cac
0,0,0.0005,0,0,0.0002,0,0,0.0001,0,0,0.0001,0,0,0.0001,0,0,0.0001,linh pham hân lê trương hạnh anh bắt trend trc thời đại kìa các e linh pham han le truong hanh anh bat trend trc thoi ai kia cac e
0,0,0.0005,0,0,0.0002,0,0,0.0001,0,0,0.0001,0,0,0.0001,0,0,0.0001,hello mn con cac hello mn con cac
0,0,0.0005,0,0,0.0002,0,0,0.0001,0,0,0.0001,0,0,0.0001,0,0,0.0001,giờ này coi cừ ỉa yêu cô gio nay coi cu ia yeu co
0,0,0.0005,0,0,0.0002,0,0,0.0001,0,0,0.0001,0,0,0.0001,0,0,0.0001,oeebgzgoggcatvitel chị ba oeebgzgoggcatvitel chi ba
0,0,0.0004,0,0,0.0002,0,0,0.0001,0,0,0.0001,0,0,0.0001,0,0,0.0001,ngta chi ân bn ạ bn ơi hàng fi nha bn ngta chi an bn a bn oi hang fi nha bn
1,0,0.0005,0,0,0.0002,0,0,0.0001,0,0,0.0001,0,0,0.0001,0,0,0.0001,hóng link vào đây là em gái ngon ngọt nc hong link vao ay la em gai ngon ngot nc
0,1,0.5662,0,0,0.402,0,0,0.0001,0,0,0.0,0,0,0.0001,0,0,0.0,tao lao wa toan noi bay ba vay ma tuong hay lam ha tao lao wa toan noi bay ba vay ma tuong hay lam ha
0,0,0.0005,0,0,0.0002,0,0,0.0001,0,0,0.0001,0,0,0.0001,0,0,0.0001,fan cứng nữa cơ à khê đấy fan cung nua co a khe ay
0,0,0.0005,0,0,0.0002,0,0,0.0001,0,0,0.0001,0,0,0.0001,0,0,0.0001,xin video vs b xin video vs b
0,0,0.0006,0,0,0.0002,0,0,0.0001,0,0,0.0001,0,0,0.0001,0,0,0.0001,đc anh ưiiii c anh uiiii
1,0,0.21,1,0,0.0577,0,0,0.0001,0,0,0.0,0,0,0.0,0,0,0.0,hàn quốc là phồn vinh giả tạo làm tay sai cho đế quốc thôi han quoc la phon vinh gia tao lam tay sai cho e quoc thoi
0,0,0.0005,0,0,0.0002,0,0,0.0001,0,0,0.0001,0,0,0.0001,0,0,0.0001,trăm năm kiều vẫn là kiều tộc trưởng vô đối là điều hiển nhiêni tram nam kieu van la kieu toc truong vo oi la ieu hien nhieni
0,0,0.0006,0,0,0.0002,0,0,0.0001,0,0,0.0001,0,0,0.0001,0,0,0.0001,nói chuyện thì đeo khẩu trang zô anh ưiii noi chuyen thi eo khau trang zo anh uiii
0,0,0.0005,0,0,0.0002,0,0,0.0001,0,0,0.0001,0,0,0.0001,0,0,0.0001,treo phòng vệ sinh nữa hả treo phong ve sinh nua ha
0,0,0.0005,0,0,0.0002,0,0,0.0001,0,0,0.0001,0,0,0.0001,0,0,0.0001,lại cà khịa r a ưiii lai ca khia r a uiii
0,0,0.0006,0,0,0.0002,0,0,0.0001,0,0,0.0001,0,0,0.0001,0,0,0.0001,trúc thanhc truc thanhc
0,0,0.0005,0,0,0.0002,0,0,0.0001,0,0,0.0001,0,0,0.0001,0,0,0.0001,em nghĩ mình có con mắt sau gáy anh ạ con cac em nghi minh co con mat sau gay anh a con cac
0,0,0.0006,0,0,0.0002,0,0,0.0001,0,0,0.0001,0,0,0.0001,0,0,0.0001,ai đó hãy ghép thay cái chai sting bằng cái khác đi e ai o hay ghep thay cai chai sting bang cai khac i e
0,0,0.0005,0,0,0.0002,0,0,0.0001,0,0,0.0001,0,0,0.0001,0,0,0.0001,tết đến nơi cố cày cuốc để có tiền nhuộm nốt quả tóc này con cac tet en noi co cay cuoc e co tien nhuom not qua toc nay con cac
0,1,0.9788,0,1,0.8165,0,0,0.0002,0,0,0.0001,0,0,0.0001,0,0,0.0001,tấc nhiêng lờ nếu không có ts thì k có nhân tài đi khắp thế giới để rồi trở về xây dựng vn thành con rồng tac nhieng lo neu khong co ts thi k co nhan tai i khap the gioi e roi tro ve xay dung vn thanh con rong
0,0,0.0005,0,0,0.0002,0,0,0.0001,0,0,0.0001,0,0,0.0001,0,0,0.0001,anh ba để túuuu anh ba e tuuuu
0,0,0.0749,0,0,0.0091,0,0,0.0001,0,0,0.0,0,0,0.0,0,0,0.0001,ủa sao con bóp dú bà ngoại ua sao con bop du ba ngoai
1,1,0.9949,1,1,0.9542,0,0,0.0003,0,0,0.0003,0,0,0.0003,0,0,0.0002,như con cac z thầy ơi v nhu con cac z thay oi v
1,1,0.9947,1,1,0.9617,0,0,0.0004,0,0,0.0003,0,0,0.0004,0,0,0.0003,ở vietnnam tụi nó ăn tiền bồi thường ô nhiễm của người dân ở việt nami tụi nó ăn tiền để làm ngơ formosa gây ô nhiễm o vietnnam tui no an tien boi thuong o nhiem cua nguoi dan o viet nami tui no an tien e lam ngo formosa gay o nhiem
0,0,0.0005,0,0,0.0001,0,0,0.0001,0,0,0.0001,0,0,0.0001,0,0,0.0001,lại hợp lí vai lon lai hop li vai lon
0,0,0.0021,0,0,0.0003,0,0,0.0,0,0,0.0,0,0,0.0,0,0,0.0001,đúng kiểu vn ông này đổ ông kia ông kia đổ ông khác chả ông nào dám nhận trách nhiệm ung kieu vn ong nay o ong kia ong kia o ong khac cha ong nao dam nhan trach nhiem
0,0,0.0005,0,0,0.0002,0,0,0.0001,0,0,0.0001,0,0,0.0001,0,0,0.0001,nhờ sự miệt mài ngồi nhà cổ vũ của a mà rf mới có ngày hnay nho su miet mai ngoi nha co vu cua a ma rf moi co ngay hnay
0,0,0.005,0,0,0.0003,0,0,0.0,0,0,0.0,0,0,0.0,0,0,0.0001,buồn thực sự buon thuc su
0,0,0.0005,0,0,0.0001,0,0,0.0001,0,0,0.0001,0,0,0.0001,0,0,0.0001,hôm trước đi xem mà ghê thật đấy nhưng mà phim hay cực hom truoc i xem ma ghe that ay nhung ma phim hay cuc
0,0,0.2736,0,0,0.0204,0,0,0.0001,0,0,0.0001,0,0,0.0001,0,0,0.0001,phương thảo con cac gkee phuong thao con cac gkee
1,1,0.9944,1,1,0.9593,0,0,0.0003,0,0,0.0003,0,0,0.0003,0,0,0.0002,nó tới đây để giết ng chứ có phải kinh doanh mẹ j mấy thằng bù nhìn nhận tiền ngập bản họng cỏng rắn cắn gà nhà cả lũ cũng ko có kết cục j tốt dc no toi ay e giet ng chu co phai kinh doanh me j may thang bu nhin nhan tien ngap ban hong cong ran can ga nha ca lu cung ko co ket cuc j tot dc
0,0,0.0005,0,0,0.0002,0,0,0.0001,0,0,0.0001,0,0,0.0001,0,0,0.0001,chúng e rất cần sự nghỉ học ccc chung e rat can su nghi hoc ccc
0,0,0.0005,0,0,0.0002,0,0,0.0001,0,0,0.0001,0,0,0.0001,0,0,0.0001,cô thật tình noi chuyện cưng quá co that tinh noi chuyen cung qua
1,0,0.191,1,0,0.0193,0,0,0.0001,0,0,0.0,0,0,0.0,0,0,0.0001,bản tin rau muống cho hay tham nhũng đã được chặn ko cho dân phát hiện nữa ban tin rau muong cho hay tham nhung a uoc chan ko cho dan phat hien nua
0,0,0.0005,0,0,0.0002,0,0,0.0001,0,0,0.0001,0,0,0.0001,0,0,0.0001,trần diên dưỡng uầy ghế tình yêu tran dien duong uay ghe tinh yeu
0,0,0.0005,0,0,0.0002,0,0,0.0001,0,0,0.0001,0,0,0.0001,0,0,0.0001,khéo khi a lại live stream vs dàn pc mới c kheo khi a lai live stream vs dan pc moi c
0,0,0.0005,0,0,0.0002,0,0,0.0001,0,0,0.0001,0,0,0.0001,0,0,0.0001,nguyễn trọng thái chuẩn này nguyen trong thai chuan nay
0,0,0.0006,0,0,0.0002,0,0,0.0001,0,0,0.0001,0,0,0.0001,0,0,0.0001,vũ thị huyền xinh mà con cac vu thi huyen xinh ma con cac
0,0,0.0005,0,0,0.0002,0,0,0.0001,0,0,0.0001,0,0,0.0001,0,0,0.0001,beat với hoà thanh k ăn nhập lắm chắc tại quá quen với những bài trước rồi beat voi hoa thanh k an nhap lam chac tai qua quen voi nhung bai truoc roi
0,0,0.0004,0,0,0.0002,0,0,0.0001,0,0,0.0001,0,0,0.0001,0,0,0.0001,thuy anh vusami anh nhớ nhá các chị thuy anh vusami anh nho nha cac chi
1,1,0.9943,0,1,0.9544,0,0,0.0003,0,0,0.0003,0,0,0.0003,0,0,0.0003,an noi chuyen do van hoa vay ma than tuong an noi chuyen do van hoa vay ma than tuong
0,0,0.0005,0,0,0.0002,0,0,0.0001,0,0,0.0001,0,0,0.0001,0,0,0.0001,được của ló thầy ơi uoc cua lo thay oi
0,0,0.0004,0,0,0.0002,0,0,0.0001,0,0,0.0001,0,0,0.0001,0,0,0.0001,ninh trần idol của em cũng from mixi with love à v ninh tran idol cua em cung from mixi with love a v
0,0,0.0004,0,0,0.0002,0,0,0.0001,0,0,0.0001,0,0,0.0001,0,0,0.0001,đưa em về thanh xuân ua em ve thanh xuan
1,1,0.9891,0,1,0.8113,0,0,0.0002,0,0,0.0002,0,0,0.0002,0,0,0.0001,động cơ là con xe mấy tỷ hỏi cái mồm dọc ong co la con xe may ty hoi cai mom doc
1,0,0.0544,0,0,0.0047,0,0,0.0001,0,0,0.0,0,0,0.0,0,0,0.0001,trần bình trọng vừa xog ik like c các bác sống nhanh vai lon c tran binh trong vua xog ik like c cac bac song nhanh vai lon c
0,0,0.0005,0,0,0.0002,0,0,0.0001,0,0,0.0001,0,0,0.0001,0,0,0.0001,đeo xong lại kéo xuống eo xong lai keo xuong
0,0,0.0005,0,0,0.0001,0,0,0.0001,0,0,0.0001,0,0,0.0001,0,0,0.0001,chiuuuuu v chiuuuuu v
1,1,0.9953,1,1,0.9625,0,0,0.0004,0,0,0.0004,0,0,0.0004,0,0,0.0003,chậm cái đầu buồi nhai như gia súc ko biết nhục à hả thành phần cặn bã xã hội cham cai au buoi nhai nhu gia suc ko biet nhuc a ha thanh phan can ba xa hoi
0,0,0.0006,0,0,0.0002,0,0,0.0001,0,0,0.0001,0,0,0.0001,0,0,0.0001,phan thanh thảo conac phan thanh thao conac
0,0,0.0005,0,0,0.0002,0,0,0.0001,0,0,0.0001,0,0,0.0001,0,0,0.0001,trần dần tấc ziên là fan ruột của đỗ nam trung rồi tran dan tac zien la fan ruot cua o nam trung roi
0,0,0.0007,0,0,0.0002,0,0,0.0001,0,0,0.0001,0,0,0.0,0,0,0.0001,con sô cô la này đáng sợ quá con so co la nay ang so qua
0,0,0.0139,0,0,0.0011,0,0,0.0,0,0,0.0,0,0,0.0,0,0,0.0001,trung ám ảnh trung am anh
0,0,0.0497,0,0,0.0032,0,0,0.0001,0,0,0.0,0,0,0.0,0,0,0.0001,tiền nhiều làm gì câu hỏi ấy được rất nhiều bạn trẻ và người lớn đã luôn đặt ra vâng ngày hôm nay tôi xin được trả lời cho câu hỏi của mọi người là tiền nhiều dùng mua khô gà thầy ba khô gà nhà thầy ba rất ngon đc xé nhỏ vừa miệng dưới bà tien nhieu lam gi cau hoi ay uoc rat nhieu ban tre va nguoi lon a luon at ra vang ngay hom nay toi xin uoc tra loi cho cau hoi cua moi nguoi la tien nhieu dung mua kho ga thay ba kho ga nha thay ba rat ngon c xe nho vua mieng duoi ba
1,1,0.9951,1,1,0.9644,0,0,0.0004,0,0,0.0004,0,0,0.0004,0,0,0.0003,hahaha đĩ nl con bà z sinh cai lon bị sình đó b hahaha i nl con ba z sinh cai lon bi sinh o b
1,1,0.9948,1,1,0.9672,0,0,0.0004,0,0,0.0004,0,0,0.0004,0,0,0.0003,thằng việt quá ngu nhưng lại a dua thằng trung cẩu thang viet qua ngu nhung lai a dua thang trung cau
0,0,0.0005,0,0,0.0002,0,0,0.0001,0,0,0.0001,0,0,0.0001,0,0,0.0001,chu tiến đạt gốc bn ấy tuyến quang k là ng miền ngoài chứ là gì chu tien at goc bn ay tuyen quang k la ng mien ngoai chu la gi
0,0,0.0007,0,0,0.0002,0,0,0.0001,0,0,0.0001,0,0,0.0,0,0,0.0001,thằng thua phải chịu án phí chứ nhỉ hay mình xem film nhiều nên nghĩ vậy thang thua phai chiu an phi chu nhi hay minh xem film nhieu nen nghi vay
0,0,0.0004,0,0,0.0002,0,0,0.0001,0,0,0.0001,0,0,0.0001,0,0,0.0001,zs os cặp tận bình luôn rồi hả zs os cap tan binh luon roi ha
0,0,0.0005,0,0,0.0002,0,0,0.0001,0,0,0.0001,0,0,0.0001,0,0,0.0001,minh hiếu đã bắt kịp trend chưaaaaa minh hieu a bat kip trend chuaaaaa
0,0,0.0006,0,0,0.0002,0,0,0.0001,0,0,0.0001,0,0,0.0001,0,0,0.0001,nguyễn sơn thiếu số nhỉ có số thì lại đẹp nguyen son thieu so nhi co so thi lai ep
0,0,0.0006,0,0,0.0002,0,0,0.0001,0,0,0.0001,0,0,0.0001,0,0,0.0001,abe vào xem cô t chửi bậy tiếng việt đc rồi á abe vao xem co t chui bay tieng viet c roi a
0,1,0.676,0,0,0.034,0,0,0.0001,0,0,0.0001,0,0,0.0001,0,0,0.0001,nói cho dử bi gat ko hay kaaaaaa noi cho du bi gat ko hay kaaaaaa
0,0,0.0005,0,0,0.0001,0,0,0.0001,0,0,0.0001,0,0,0.0001,0,0,0.0001,chuẩn vd nhỉ cccccc chuan vd nhi cccccc
0,0,0.0007,0,0,0.0001,0,0,0.0001,0,0,0.0001,0,0,0.0001,0,0,0.0001,văn nguyễn chứ hàng thiệt kiểu gì mà zook eook van nguyen chu hang thiet kieu gi ma zook eook
0,1,0.9166,0,0,0.0304,0,0,0.0001,0,0,0.0001,0,0,0.0001,0,0,0.0001,hít keo chó nhiều quá dẫn tới hậu quả bị ngáo đá hit keo cho nhieu qua dan toi hau qua bi ngao a
1,1,0.9812,1,0,0.03,0,0,0.0003,0,0,0.0003,0,0,0.0002,0,0,0.0003,vu quynh huong thế mà nó đéo chết đi giảm quá tải cho thế giới vu quynh huong the ma no eo chet i giam qua tai cho the gioi
1,0,0.004,0,0,0.0003,0,0,0.0,0,0,0.0,0,0,0.0,0,0,0.0001,tình yêu là khi bạn yêu i người thật lòng thì bạn sẽ yêu luôn cả vợ và con anh ấy mù quán vai ca lon tinh yeu la khi ban yeu i nguoi that long thi ban se yeu luon ca vo va con anh ay mu quan vai ca lon
0,0,0.0005,0,0,0.0002,0,0,0.0001,0,0,0.0001,0,0,0.0001,0,0,0.0001,ngầu vãi lìn ngau vai lin
0,0,0.0005,0,0,0.0002,0,0,0.0001,0,0,0.0001,0,0,0.0001,0,0,0.0001,võ trí có ai mà nghe cả chục lần chắc nhớ mỗi tên bài hát không ccc vo tri co ai ma nghe ca chuc lan chac nho moi ten bai hat khong ccc
0,0,0.0005,0,0,0.0002,0,0,0.0001,0,0,0.0001,0,0,0.0001,0,0,0.0001,yêu chị quá yeu chi qua
0,0,0.0006,0,0,0.0001,0,0,0.0001,0,0,0.0001,0,0,0.0001,0,0,0.0001,lại đc xem tấu hài lai c xem tau hai
0,0,0.2717,0,0,0.0228,0,0,0.0001,0,0,0.0,0,0,0.0001,0,0,0.0001,cuộc đời có lúc lên voi xuống chó mà anh năm nay ko đc thì năm sau có j mà căng cuoc oi co luc len voi xuong cho ma anh nam nay ko c thi nam sau co j ma cang
1,1,0.994,1,1,0.9402,0,0,0.0003,0,0,0.0002,0,0,0.0003,0,0,0.0002,đã tham mà còn đi với ngu thì ngồi tù là đúng rồi cứ cho là thằng khốn kia nó ma ranh đi nhưng mà nếu thằng này biết khôn mà đề phòng thì là cái mẹ gì tới mức ở tù tham thì thâm thôi a tham ma con i voi ngu thi ngoi tu la ung roi cu cho la thang khon kia no ma ranh i nhung ma neu thang nay biet khon ma e phong thi la cai me gi toi muc o tu tham thi tham thoi
0,0,0.0005,0,0,0.0002,0,0,0.0001,0,0,0.0001,0,0,0.0001,0,0,0.0001,nguyễn trọng hiệp nước mũi hả chú nguyen trong hiep nuoc mui ha chu
0,0,0.0014,0,0,0.0002,0,0,0.0001,0,0,0.0001,0,0,0.0,0,0,0.0001,anh tai hay danh hài anh tai hay danh hai
0,0,0.0005,0,0,0.0002,0,0,0.0001,0,0,0.0001,0,0,0.0001,0,0,0.0001,cố lên bác co len bac
0,0,0.0006,0,0,0.0001,0,0,0.0001,0,0,0.0001,0,0,0.0001,0,0,0.0001,chả nhẽ t lại phang cho không trượt phát nào giờ cha nhe t lai phang cho khong truot phat nao gio
0,0,0.0005,0,0,0.0002,0,0,0.0001,0,0,0.0001,0,0,0.0001,0,0,0.0001,mời abe đến quầy số is để thanh toán moi abe en quay so is e thanh toan
0,0,0.0006,0,0,0.0001,0,0,0.0001,0,0,0.0001,0,0,0.0001,0,0,0.0001,iz oo cho ai cần nghe chửi iz oo cho ai can nghe chui
0,0,0.0044,0,0,0.0003,0,0,0.0,0,0,0.0,0,0,0.0,0,0,0.0001,thứ gì đâu thu gi au
0,0,0.0005,0,0,0.0002,0,0,0.0001,0,0,0.0001,0,0,0.0001,0,0,0.0001,s os io năm và g năm là ib năm best toán học trần dần con cac s os io nam va g nam la ib nam best toan hoc tran dan con cac
0,0,0.0005,0,0,0.0002,0,0,0.0001,0,0,0.0001,0,0,0.0001,0,0,0.0001,ceo apple tim cook ông này nổi tiếng thế bạn kh biết à ceo apple tim cook ong nay noi tieng the ban kh biet a
1,1,0.9902,0,0,0.2967,0,0,0.0002,0,0,0.0002,0,0,0.0002,0,0,0.0002,má nó tứk ma no tuk
0,0,0.0007,0,0,0.0002,0,0,0.0001,0,0,0.0001,0,0,0.0001,0,0,0.0001,nghe rất lí mạc sầu nhưng lại rất cô cô nghe rat li mac sau nhung lai rat co co
0,0,0.0007,0,0,0.0002,0,0,0.0001,0,0,0.0001,0,0,0.0,0,0,0.0001,ánh sáng của đảng đã soi sáng trần dần anh sang cua ang a soi sang tran dan
0,0,0.0007,0,0,0.0002,0,0,0.0001,0,0,0.0001,0,0,0.0001,0,0,0.0001,chuoi qua có bị nghiệp chướng chua chi chuoi qua co bi nghiep chuong chua chi
1,1,0.9944,0,1,0.8754,0,0,0.0002,0,0,0.0002,0,0,0.0002,0,0,0.0002,nói nhảm nhà tù chỉ dành cho bọn nghèo hoặc ngu thôi chứ nó tiền thì có mà ở noi nham nha tu chi danh cho bon ngheo hoac ngu thoi chu no tien thi co ma o
0,0,0.0083,0,0,0.0008,0,0,0.0,0,0,0.0,0,0,0.0,0,0,0.0001,mấy thánh boom hàng ơi làm việc đi may thanh boom hang oi lam viec i
0,0,0.0023,0,0,0.0003,0,0,0.0,0,0,0.0,0,0,0.0,0,0,0.0001,cầu mong chỉ dừng lại con số eb đừng bao giờ lên ao chỉ mong nhưng người con dân việt nam hiện đang bị ncovig mong hết bịnh và nhưng người hiện đang xét nghiệm nghi ngờ đều bị âm tính ncovig hết mong những điều tốt đẹp đếnh vơi con dân việt nam cau mong chi dung lai con so eb ung bao gio len ao chi mong nhung nguoi con dan viet nam hien ang bi ncovig mong het binh va nhung nguoi hien ang xet nghiem nghi ngo eu bi am tinh ncovig het mong nhung ieu tot ep enh voi con dan viet nam
0,0,0.0011,0,0,0.0002,0,0,0.0001,0,0,0.0001,0,0,0.0,0,0,0.0001,diễn viên suất xuất nhất giải còn gì dien vien suat xuat nhat giai con gi
1,0,0.0005,1,0,0.0002,0,0,0.0001,0,0,0.0001,0,0,0.0001,0,0,0.0001,dân hà tĩnh công nhận lắm đệ tử của ducangter thật dan ha tinh cong nhan lam e tu cua ducangter that
0,0,0.0005,0,0,0.0002,0,0,0.0001,0,0,0.0001,0,0,0.0001,0,0,0.0001,xin chào bác danh hài chần dần chúc bác luôn mạnh khỏe ạ để chia sẻ tiên tri trước sau cho bà con việt nam được biết ahi xin chao bac danh hai chan dan chuc bac luon manh khoe a e chia se tien tri truoc sau cho ba con viet nam uoc biet ahi
0,0,0.0005,0,0,0.0002,0,0,0.0001,0,0,0.0001,0,0,0.0001,0,0,0.0001,em sẽ chờ súprai kênh mới của thầy yêu thầy ccccccc em se cho suprai kenh moi cua thay yeu thay ccccccc
1,1,0.9946,1,1,0.9666,0,0,0.0004,0,0,0.0003,0,0,0.0004,0,0,0.0003,sao k mổ cho thằng bố con mẹ lão bác sĩ chết ra đấy rồi bảo đúng quy trình địt mẹ chúng mày lũ sâu mọt thối nát sao k mo cho thang bo con me lao bac si chet ra ay roi bao ung quy trinh it me chung may lu sau mot thoi nat
0,0,0.0004,0,0,0.0002,0,0,0.0001,0,0,0.0001,0,0,0.0001,0,0,0.0001,quockhanh mai hóng quockhanh mai hong
0,0,0.0005,0,0,0.0002,0,0,0.0001,0,0,0.0001,0,0,0.0001,0,0,0.0001,trịnh nam long ô về nc vs gia đình chữa bệnh có gì sai aa trinh nam long o ve nc vs gia inh chua benh co gi sai aa
0,0,0.0006,0,0,0.0002,0,0,0.0001,0,0,0.0001,0,0,0.0001,0,0,0.0001,mộc ca nghĩa là có tiền mua sữa va bỉm cho con ấy mà moc ca nghia la co tien mua sua va bim cho con ay ma
0,0,0.0006,0,0,0.0002,0,0,0.0001,0,0,0.0001,0,0,0.0001,0,0,0.0001,sao mọi ng chê nhiều v em thì cày view từ qua tới h sao moi ng che nhieu v em thi cay view tu qua toi h
0,0,0.0004,0,0,0.0002,0,0,0.0001,0,0,0.0001,0,0,0.0001,0,0,0.0001,jum bok ai qt ib nha mọi người jum bok ai qt ib nha moi nguoi
0,0,0.001,0,0,0.0002,0,0,0.0001,0,0,0.0001,0,0,0.0,0,0,0.0001,tộc trưởng mặc dù dag rất bận nhưng vẫn ra chụp i tấm vs các fann toc truong mac du dag rat ban nhung van ra chup i tam vs cac fann
0,0,0.0005,0,0,0.0002,0,0,0.0001,0,0,0.0001,0,0,0.0001,0,0,0.0001,hiep pham mai mốt đừng ăn nữa nhé ck hiep pham mai mot ung an nua nhe ck
1,1,0.9756,1,1,0.8676,0,0,0.0001,0,0,0.0001,0,0,0.0001,0,0,0.0001,hl đã ngu mà văn tiếp tục ngu đi khai báo cho dư luận biết là đã bỏ tiền riêng của mình để xây dựng đền đồng bóng theo luật irs mỹ bất cứ một công dân mỹ hoặc thường trú nhân ở mỹ khi ra nước ngoài làm ăn đều phải khai thuế với irs không biết ông thầ hl a ngu ma van tiep tuc ngu i khai bao cho du luan biet la a bo tien rieng cua minh e xay dung en ong bong theo luat irs my bat cu mot cong dan my hoac thuong tru nhan o my khi ra nuoc ngoai lam an eu phai khai thue voi irs khong biet ong tha
0,1,0.9908,0,1,0.9034,0,0,0.0002,0,0,0.0002,0,0,0.0002,0,0,0.0002,linh hun dữ tính nào tật nấy linh hun du tinh nao tat nay
0,0,0.0007,0,0,0.0001,0,0,0.0001,0,0,0.0001,0,0,0.0001,0,0,0.0001,buồn chỉ cần hút hết i bao thuốc là vui ngay buon chi can hut het i bao thuoc la vui ngay
0,0,0.0099,0,0,0.001,0,0,0.0,0,0,0.0,0,0,0.0,0,0,0.0001,con cac anh trung đít bự con cac anh trung it bu
0,0,0.0006,0,0,0.0002,0,0,0.0001,0,0,0.0001,0,0,0.0001,0,0,0.0001,yêu thầy dấu bé ba con cac yeu thay dau be ba con cac
0,0,0.0081,0,0,0.0007,0,0,0.0,0,0,0.0,0,0,0.0,0,0,0.0001,hội bảo vệ người tiêu dùng ăn lương thật nhưng toàn là người ảo hoi bao ve nguoi tieu dung an luong that nhung toan la nguoi ao
0,0,0.0006,0,0,0.0002,0,0,0.0001,0,0,0.0001,0,0,0.0001,0,0,0.0001,đấu tố trưởng phường công an cskv chủ tịch au to truong phuong cong an cskv chu tich
0,0,0.0004,0,0,0.0002,0,0,0.0001,0,0,0.0001,0,0,0.0001,0,0,0.0001,okei abe nè ccc okei abe ne ccc
0,0,0.0005,0,0,0.0002,0,0,0.0001,0,0,0.0001,0,0,0.0001,0,0,0.0001,nguyễn thảo my hâhha đi ngủ hk để tui dắt đi nè ccc nguyen thao my hahha i ngu hk e tui dat i ne ccc
0,0,0.0118,0,0,0.0006,0,0,0.0,0,0,0.0,0,0,0.0,0,0,0.0001,nguyễn hữu đạt kut len top nguyen huu at kut len top
0,0,0.0005,0,0,0.0002,0,0,0.0001,0,0,0.0001,0,0,0.0001,0,0,0.0001,chung may lam on doc ki di nuoc thai da qua su ly moi duoc chpo phep vai lon bao chi chung may lam on doc ki di nuoc thai da qua su ly moi duoc chpo phep vai lon bao chi
1,1,0.5678,1,0,0.061,0,0,0.0001,0,0,0.0001,0,0,0.0001,0,0,0.0001,khoe khoan láo phét đeo vàng g ã s ng g a t o khoe khoan lao phet eo vang g a s ng g a t o
0,0,0.0055,0,0,0.0004,0,0,0.0,0,0,0.0,0,0,0.0,0,0,0.0001,rứa để t like ủng hộ má phát khổ quá v rua e t like ung ho ma phat kho qua v
0,0,0.0005,0,0,0.0002,0,0,0.0001,0,0,0.0001,0,0,0.0001,0,0,0.0001,tui đổi lại nha rất thuyết phục ngắn gọn tui oi lai nha rat thuyet phuc ngan gon
0,0,0.0005,0,0,0.0002,0,0,0.0001,0,0,0.0001,0,0,0.0001,0,0,0.0001,mỹ dung trần phải phòng dịch đi nha chưa my dung tran phai phong dich i nha chua
0,0,0.0216,0,0,0.001,0,0,0.0,0,0,0.0,0,0,0.0,0,0,0.0001,sốt thực sự con cac sot thuc su con cac
1,0,0.0018,1,0,0.0003,0,0,0.0,0,0,0.0,0,0,0.0,0,0,0.0,lê hải long k phân biệt dc gia súc và vật nui hả b có đi học k bạn le hai long k phan biet dc gia suc va vat nui ha b co i hoc k ban
0,0,0.0006,0,0,0.0002,0,0,0.0001,0,0,0.0001,0,0,0.0001,0,0,0.0001,gốc bự goc bu
0,0,0.0006,0,0,0.0002,0,0,0.0001,0,0,0.0001,0,0,0.0001,0,0,0.0001,do dat gil lạc trôii e do dat gil lac troii e
0,0,0.0006,0,0,0.0002,0,0,0.0001,0,0,0.0001,0,0,0.0001,0,0,0.0001,mang thần khuyển susan oits của thầy ra gánh à v mang than khuyen susan oits cua thay ra ganh a v
0,0,0.0005,0,0,0.0002,0,0,0.0001,0,0,0.0001,0,0,0.0001,0,0,0.0001,học anh ba có mà chớt e hoc anh ba co ma chot e
0,0,0.0005,0,0,0.0002,0,0,0.0001,0,0,0.0001,0,0,0.0001,0,0,0.0001,bác sĩ và người nhận máu bac si va nguoi nhan mau
0,0,0.0006,0,0,0.0002,0,0,0.0001,0,0,0.0001,0,0,0.0001,0,0,0.0001,huỳnh châu huynh chau
1,1,0.9796,1,1,0.7012,0,0,0.0001,0,0,0.0001,0,0,0.0001,0,0,0.0001,thế mà chúng nó còn định xây cái ii ngàn tỉ để chưng bày mả bố nó chắc con cac the ma chung no con inh xay cai ii ngan ti e chung bay ma bo no chac con cac
0,1,0.7775,0,0,0.26,0,0,0.0001,0,0,0.0001,0,0,0.0001,0,0,0.0001,phương minn không mợ chợ vẫn đông không thích thì không nghe con cac đừng toả vẻ ghê gớm phuong minn khong mo cho van ong khong thich thi khong nghe con cac ung toa ve ghe gom
0,0,0.0005,0,0,0.0002,0,0,0.0001,0,0,0.0001,0,0,0.0001,0,0,0.0001,may thật quốc sư còn khoẻ mạnh còn được xem hài may that quoc su con khoe manh con uoc xem hai
0,0,0.0004,0,0,0.0002,0,0,0.0001,0,0,0.0001,0,0,0.0001,0,0,0.0001,haha thầy đang nằm mơ hả thầy haha thay ang nam mo ha thay
0,0,0.0008,0,0,0.0002,0,0,0.0001,0,0,0.0001,0,0,0.0,0,0,0.0001,kẻ tổn thương lại muốn đi tổn thương người khác ke ton thuong lai muon i ton thuong nguoi khac
0,0,0.0012,0,0,0.0002,0,0,0.0,0,0,0.0001,0,0,0.0,0,0,0.0001,vơ đũa cả nắm thế ai chơi lại ông vo ua ca nam the ai choi lai ong
1,1,0.9831,0,0,0.018,0,0,0.0005,0,0,0.0004,0,0,0.0004,0,0,0.0005,đéo ai bắt xem eo ai bat xem
0,0,0.0005,0,0,0.0002,0,0,0.0001,0,0,0.0001,0,0,0.0001,0,0,0.0001,thấy kicm đứng đầu là vui rồi thay kicm ung au la vui roi
0,0,0.0005,0,0,0.0002,0,0,0.0001,0,0,0.0001,0,0,0.0001,0,0,0.0001,xin video xin video
1,1,0.9954,1,1,0.9535,0,0,0.0003,0,0,0.0003,0,0,0.0004,0,0,0.0003,qc cai lon à đm con yến nguyễn qc cai lon a m con yen nguyen
0,0,0.0005,0,0,0.0002,0,0,0.0001,0,0,0.0001,0,0,0.0001,0,0,0.0001,sao bằng em sao bang em
0,0,0.0006,0,0,0.0002,0,0,0.0001,0,0,0.0001,0,0,0.0001,0,0,0.0001,anh nên kinh doanh thêm thuốc nhỏ mắt mixigaming phiên bản độ tày để tăng cường thị lực cho viewer sau mỗi pha sấy mù mắt đổ tội cho lag của team refund anh nen kinh doanh them thuoc nho mat mixigaming phien ban o tay e tang cuong thi luc cho viewer sau moi pha say mu mat o toi cho lag cua team refund
0,0,0.0005,0,0,0.0002,0,0,0.0001,0,0,0.0001,0,0,0.0001,0,0,0.0001,gặp ai gap ai
0,1,0.9878,0,1,0.8746,0,0,0.0002,0,0,0.0001,0,0,0.0002,0,0,0.0001,xuống cmt toàn trẻ con cmt cực kì tp chán chẳng lẽ muốn xem i bình luận hay ko đc sao xuong cmt toan tre con cmt cuc ki tp chan chang le muon xem i binh luan hay ko c sao
0,0,0.0057,0,0,0.0005,0,0,0.0,0,0,0.0,0,0,0.0,0,0,0.0,phan nhuệ anh có cái đồng hồ trang fage nào cũng khoe uhmm bạn có tiền bạn khoe phan nhue anh co cai ong ho trang fage nao cung khoe uhmm ban co tien ban khoe
0,0,0.0005,0,0,0.0002,0,0,0.0001,0,0,0.0001,0,0,0.0001,0,0,0.0001,nguyễn hoàng khởi nữa tui quay mv đẹp hơn cho bạn nhe v nguyen hoang khoi nua tui quay mv ep hon cho ban nhe v
0,0,0.0006,0,0,0.0002,0,0,0.0001,0,0,0.0001,0,0,0.0001,0,0,0.0001,bản kia hay hơn ban kia hay hon
1,1,0.9838,1,0,0.0762,0,0,0.0003,0,0,0.0002,0,0,0.0002,0,0,0.0002,đóng con cac nhéi ong con cac nhei
0,0,0.0006,0,0,0.0002,0,0,0.0001,0,0,0.0001,0,0,0.0001,0,0,0.0001,tuân anh trinh thua thua tuan anh trinh thua thua
0,0,0.0005,0,0,0.0002,0,0,0.0001,0,0,0.0001,0,0,0.0001,0,0,0.0001,virus mà nói là vi trùng virus ma noi la vi trung
1,1,0.9937,1,1,0.945,0,0,0.0003,0,0,0.0002,0,0,0.0003,0,0,0.0002,r thế giáo án đá phò đâu thầy l r the giao an a pho au thay l
0,0,0.278,0,0,0.0147,0,0,0.0001,0,0,0.0001,0,0,0.0001,0,0,0.0001,mạng gì cũng mang gi cung
0,0,0.0005,0,0,0.0002,0,0,0.0001,0,0,0.0001,0,0,0.0001,0,0,0.0001,tránh ra để thầy thể hiện tranh ra e thay the hien
0,0,0.0006,0,0,0.0002,0,0,0.0001,0,0,0.0001,0,0,0.0001,0,0,0.0001,nhin y chang nhau lun nhin y chang nhau lun
0,0,0.0007,0,0,0.0002,0,0,0.0001,0,0,0.0001,0,0,0.0001,0,0,0.0001,bao bảo ngọc viec nhe luong cao bao bao ngoc viec nhe luong cao
0,1,0.5655,0,0,0.1818,0,0,0.0001,0,0,0.0,0,0,0.0001,0,0,0.0001,vịt bông vì nước ngoài người ta ý thức hơn đó bạn vit bong vi nuoc ngoai nguoi ta y thuc hon o ban
0,0,0.0006,0,0,0.0002,0,0,0.0001,0,0,0.0001,0,0,0.0001,0,0,0.0001,mai lúm có thật k mai lum co that k
0,0,0.0005,0,0,0.0002,0,0,0.0001,0,0,0.0001,0,0,0.0001,0,0,0.0001,chi ba oi chi giau qua e dan kho e dan thieu no zotr chi cho e muon dc ko chi chi ba oi chi giau qua e dan kho e dan thieu no zotr chi cho e muon dc ko chi
1,1,0.9805,0,0,0.2046,0,0,0.0002,0,0,0.0001,0,0,0.0001,0,0,0.0002,dân indo t thấy đéo hiểu nội dung nó nói về cái gì dan indo t thay eo hieu noi dung no noi ve cai gi
0,0,0.0005,0,0,0.0002,0,0,0.0001,0,0,0.0001,0,0,0.0001,0,0,0.0001,bố tôi đấy hả các ông bo toi ay ha cac ong
1,0,0.0005,1,0,0.0002,0,0,0.0001,0,0,0.0001,0,0,0.0001,0,0,0.0001,ông nội nào cũng ở không lắm khi không gọi điện cho bà linh hỏi người ta đ không bởi vậy người ta chửi đâu có quan ong noi nao cung o khong lam khi khong goi ien cho ba linh hoi nguoi ta khong boi vay nguoi ta chui au co quan
0,0,0.0007,0,0,0.0002,0,0,0.0001,0,0,0.0001,0,0,0.0,0,0,0.0001,hóa chất xử lý sông tô nịt nhập tàu nhưng xuất xứ nhật hoa chat xu ly song to nit nhap tau nhung xuat xu nhat
0,0,0.0005,0,0,0.0002,0,0,0.0001,0,0,0.0001,0,0,0.0001,0,0,0.0001,kiều trung kiên tướng mới yaba kieu trung kien tuong moi yaba
0,0,0.0108,0,0,0.0005,0,0,0.0,0,0,0.0,0,0,0.0,0,0,0.0001,cứ như z giọt nước cu nhu z giot nuoc
0,0,0.0005,0,0,0.0002,0,0,0.0001,0,0,0.0001,0,0,0.0001,0,0,0.0001,bravoi bravoi
0,0,0.3687,0,0,0.0603,0,0,0.0001,0,0,0.0,0,0,0.0001,0,0,0.0001,đấy ý thức của con người vn iii ay y thuc cua con nguoi vn iii
0,0,0.0004,0,0,0.0002,0,0,0.0001,0,0,0.0001,0,0,0.0001,0,0,0.0001,tuấn mạnh à nãy xem rồi tuan manh a nay xem roi
0,0,0.0005,0,0,0.0002,0,0,0.0001,0,0,0.0001,0,0,0.0001,0,0,0.0001,chửi quá hay cô minh hiếu ơi chui qua hay co minh hieu oi
1,0,0.3334,1,0,0.0605,0,0,0.0001,0,0,0.0,0,0,0.0,0,0,0.0001,mấy thằng chó sủa bậy sướng được anh độ cho đi đóng phim con cac may thang cho sua bay suong uoc anh o cho i ong phim con cac
0,0,0.0006,0,0,0.0002,0,0,0.0001,0,0,0.0001,0,0,0.0001,0,0,0.0001,có thật kg chị co that kg chi
0,0,0.0006,0,0,0.0002,0,0,0.0001,0,0,0.0001,0,0,0.0001,0,0,0.0001,chị ấy có bầu hả anh chi ay co bau ha anh
0,0,0.0006,0,0,0.0002,0,0,0.0001,0,0,0.0001,0,0,0.0001,0,0,0.0001,trò vui của mấy ông xe ôm lúc dg vắng thôi tro vui cua may ong xe om luc dg vang thoi
0,0,0.0005,0,0,0.0002,0,0,0.0001,0,0,0.0001,0,0,0.0001,0,0,0.0001,có anh đến nhà nó chúc mừng nó để nó biết ko có nó mik vẫn sống tốt anh ại co anh en nha no chuc mung no e no biet ko co no mik van song tot anh ai
0,0,0.0005,0,0,0.0002,0,0,0.0001,0,0,0.0001,0,0,0.0001,0,0,0.0001,tym đầu cho cmt của a e tym au cho cmt cua a e
0,1,0.9883,0,0,0.0982,0,0,0.0003,0,0,0.0002,0,0,0.0002,0,0,0.0003,cho tao hỏi tiếc diên là clgv ccccc cho tao hoi tiec dien la clgv ccccc
0,0,0.0005,0,0,0.0002,0,0,0.0001,0,0,0.0001,0,0,0.0001,0,0,0.0001,chúc mừng thầy nha chuc mung thay nha
0,0,0.0005,0,0,0.0001,0,0,0.0001,0,0,0.0001,0,0,0.0001,0,0,0.0001,ngay xua la chi em than thiet cho vang va nha ma bay gio chui nhau nhu hat hay ngay xua la chi em than thiet cho vang va nha ma bay gio chui nhau nhu hat hay
0,0,0.0007,0,0,0.0002,0,0,0.0001,0,0,0.0001,0,0,0.0001,0,0,0.0001,tìm ra sự khác biệt nào mấy mem tim ra su khac biet nao may mem
0,0,0.0005,0,0,0.0002,0,0,0.0001,0,0,0.0001,0,0,0.0001,0,0,0.0001,thích chị hiện tại thich chi hien tai
1,1,0.9653,0,0,0.2591,0,0,0.0001,0,0,0.0001,0,0,0.0001,0,0,0.0001,trẻ trâu đóng film hài hả tre trau ong film hai ha
0,1,0.9871,0,1,0.6565,0,0,0.0002,0,0,0.0001,0,0,0.0001,0,0,0.0001,trần thị nhung đi lon đâu cũng thấy m kêu nghỉ tran thi nhung i lon au cung thay m keu nghi
0,0,0.0006,0,0,0.0002,0,0,0.0001,0,0,0.0001,0,0,0.0001,0,0,0.0001,sau này em sẽ đ cho con em xem mèo tôm đâu anh ạ con cac sau nay em se cho con em xem meo tom au anh a con cac
0,0,0.0005,0,0,0.0002,0,0,0.0001,0,0,0.0001,0,0,0.0001,0,0,0.0001,chơi luôn đi a choi luon i a
0,0,0.0005,0,0,0.0001,0,0,0.0001,0,0,0.0001,0,0,0.0001,0,0,0.0001,mất công tối qua nghỉ stream động vien mat cong toi qua nghi stream ong vien
0,0,0.0788,0,0,0.0079,0,0,0.0,0,0,0.0,0,0,0.0,0,0,0.0001,nam bắc giang cẩn thận nhé k virus chết mẹ nam bac giang can than nhe k virus chet me
0,0,0.0006,0,0,0.0002,0,0,0.0001,0,0,0.0001,0,0,0.0001,0,0,0.0001,phải xử lý hình sự mới sáng mắt ra đc i phai xu ly hinh su moi sang mat ra c i
0,0,0.0005,0,0,0.0002,0,0,0.0001,0,0,0.0001,0,0,0.0001,0,0,0.0001,cho fan cứng đi anhhhh cho fan cung i anhhhh
1,1,0.9949,1,1,0.9623,0,0,0.0004,0,0,0.0003,0,0,0.0004,0,0,0.0003,ôi con đàn bà ngu hại nc hại dân giau thi kêu bố m xung tiền vao công quỷ để phòng chóng cái tác hại cua m đi con ml oi con an ba ngu hai nc hai dan giau thi keu bo m xung tien vao cong quy e phong chong cai tac hai cua m i con ml
1,1,0.9952,1,1,0.9553,0,0,0.0003,0,0,0.0003,0,0,0.0004,0,0,0.0003,đéo thấy thằng ad giúp ai dc cái con cac j mà toàn ở đó bô lô ba la nhãm cức eo thay thang ad giup ai dc cai con cac j ma toan o o bo lo ba la nham cuc
0,0,0.3445,0,0,0.0213,0,0,0.0001,0,0,0.0001,0,0,0.0001,0,0,0.0001,xài đít có thơm ko abe xai it co thom ko abe
1,1,0.9936,1,1,0.9503,0,0,0.0003,0,0,0.0002,0,0,0.0003,0,0,0.0002,sao mấy stt này ko thấy con chó dlv vào ẳng nhỉ sao may stt nay ko thay con cho dlv vao ang nhi
0,0,0.0004,0,0,0.0002,0,0,0.0001,0,0,0.0001,0,0,0.0001,0,0,0.0001,el shin xin clip bạn ơi el shin xin clip ban oi
0,0,0.0005,0,0,0.0002,0,0,0.0001,0,0,0.0001,0,0,0.0001,0,0,0.0001,cười xĩu cuoi xiu
1,1,0.9321,1,1,0.5016,0,0,0.0001,0,0,0.0001,0,0,0.0001,0,0,0.0001,vâng cái trang này lại xàm một lần nữa mấy ông luật sư gặp mặt nhau đưa ra ý tưởng để vn có thêm tiền đầu tư mà mấy ông đã sồn sồn lên vang cai trang nay lai xam mot lan nua may ong luat su gap mat nhau ua ra y tuong e vn co them tien au tu ma may ong a son son len
0,0,0.0007,0,0,0.0002,0,0,0.0001,0,0,0.0001,0,0,0.0001,0,0,0.0001,toang rồi ông giáo ạ con cac toang roi ong giao a con cac
1,1,0.9036,1,0,0.4285,0,0,0.0001,0,0,0.0001,0,0,0.0001,0,0,0.0001,việt nam sẽ là nước đứng tóp đầu về nước đáng khinh nhất thế giới viet nam se la nuoc ung top au ve nuoc ang khinh nhat the gioi
1,1,0.9958,1,1,0.9237,0,0,0.0003,0,0,0.0003,0,0,0.0003,0,0,0.0002,đm đéo hiểu sao cái đầu của nó lại nói ra đc những lời đó so sánh nó với con chó thì nhục con chó qá m eo hieu sao cai au cua no lai noi ra c nhung loi o so sanh no voi con cho thi nhuc con cho qa
0,1,0.7305,0,0,0.0096,0,0,0.0001,0,0,0.0001,0,0,0.0001,0,0,0.0001,khổ kho
0,0,0.0032,0,0,0.0002,0,0,0.0,0,0,0.0,0,0,0.0,0,0,0.0001,o o
1,0,0.4671,0,0,0.0572,0,0,0.0001,0,0,0.0,0,0,0.0,0,0,0.0001,bộ tài nguyên và môi trường chết mẹ đau hết rôi i bo tai nguyen va moi truong chet me au het roi i
0,0,0.0005,0,0,0.0002,0,0,0.0001,0,0,0.0001,0,0,0.0001,0,0,0.0001,bên kia nó k cho vào viện hay xét nghiệm gì đâu ben kia no k cho vao vien hay xet nghiem gi au
0,0,0.0925,0,0,0.0087,0,0,0.0001,0,0,0.0,0,0,0.0,0,0,0.0001,xứ sở thiên đường xu so thien uong
1,1,0.9953,1,1,0.9611,0,0,0.0004,0,0,0.0004,0,0,0.0004,0,0,0.0003,chửi cái l linh cá lon chui cai l linh ca lon
0,0,0.0084,0,0,0.0008,0,0,0.0,0,0,0.0,0,0,0.0,0,0,0.0,ngọc hoá tao giỡn mặt với m đó à mày kêu t vô like cho mày mà mày k bật like nhà bao việc tao lại vô like ảnh cho mày mà mày như thế d ngoc hoa tao gion mat voi m o a may keu t vo like cho may ma may k bat like nha bao viec tao lai vo like anh cho may ma may nhu the d
0,0,0.0008,0,0,0.0002,0,0,0.0001,0,0,0.0001,0,0,0.0,0,0,0.0001,ko có dau thơm nào sin ma giá ioomay cả noi đơn giản vậy thoi ko co dau thom nao sin ma gia ioomay ca noi on gian vay thoi
0,0,0.0564,0,0,0.0039,0,0,0.0001,0,0,0.0,0,0,0.0,0,0,0.0001,nói thật bài này làm hơi thất vọng cái bóng sóng gió quá lớn chăng noi that bai nay lam hoi that vong cai bong song gio qua lon chang
0,0,0.0015,0,0,0.0002,0,0,0.0,0,0,0.0,0,0,0.0,0,0,0.0001,tứ đôi thông ăn cho hết nha con con cac tu oi thong an cho het nha con con cac
1,1,0.9912,1,1,0.8573,0,0,0.0002,0,0,0.0002,0,0,0.0002,0,0,0.0001,song trên doi người ta dam ăn dám noi con người thẳng thắn con hơn mấy con mượn danh đạo tạo danh đời đồ giả tạo nhìn là biết chỉ do iso con ko thấy đôg cức trên đầu mình mấy con di ma hay soi moi người ta zoig rồi tập lam con người lại di song tren doi nguoi ta dam an dam noi con nguoi thang than con hon may con muon danh ao tao danh oi o gia tao nhin la biet chi do iso con ko thay og cuc tren au minh may con di ma hay soi moi nguoi ta zoig roi tap lam con nguoi lai di
0,0,0.0007,0,0,0.0002,0,0,0.0001,0,0,0.0001,0,0,0.0001,0,0,0.0001,da thị ba da thi ba
0,0,0.0684,0,0,0.003,0,0,0.0001,0,0,0.0,0,0,0.0001,0,0,0.0001,phan thai đệt t về liền nè phan thai et t ve lien ne
0,0,0.0005,0,0,0.0002,0,0,0.0001,0,0,0.0001,0,0,0.0001,0,0,0.0001,k nhầm thì đây là ảnh bên nước ngoài báo thanh niên hay tuổi trẻ j đó đăng năm ngoái mà con cac k nham thi ay la anh ben nuoc ngoai bao thanh nien hay tuoi tre j o ang nam ngoai ma con cac
0,0,0.0027,0,0,0.0003,0,0,0.0,0,0,0.0,0,0,0.0,0,0,0.0001,cho đi tù thì lại bảo quá đáng cho i tu thi lai bao qua ang
1,0,0.001,1,0,0.0002,0,0,0.0001,0,0,0.0001,0,0,0.0,0,0,0.0001,già mà non quá aba gia ma non qua aba
0,0,0.3004,0,0,0.0568,0,0,0.0001,0,0,0.0,0,0,0.0,0,0,0.0001,nước mỹ đã bỏ rơi chúng ta câu này nghe có vẻ phủ phàng nhỉ nuoc my a bo roi chung ta cau nay nghe co ve phu phang nhi
0,0,0.0006,0,0,0.0002,0,0,0.0001,0,0,0.0001,0,0,0.0001,0,0,0.0001,ủa trước giờ toàn làm giả à ua truoc gio toan lam gia a
0,0,0.001,0,0,0.0002,0,0,0.0,0,0,0.0001,0,0,0.0,0,0,0.0001,dùng cái này có hết hôi nách k thầy dung cai nay co het hoi nach k thay
0,0,0.0016,0,0,0.0002,0,0,0.0,0,0,0.0001,0,0,0.0,0,0,0.0001,my ha vu nv nhà người ta my ha vu nv nha nguoi ta
0,0,0.0007,0,0,0.0002,0,0,0.0001,0,0,0.0001,0,0,0.0001,0,0,0.0001,kẻ tổn thương lại muốn tổn thương ng khác ke ton thuong lai muon ton thuong ng khac
0,0,0.0004,0,0,0.0002,0,0,0.0001,0,0,0.0001,0,0,0.0001,0,0,0.0001,ruyel ruyel đọc cho vui ccc ruyel ruyel oc cho vui ccc
0,0,0.0005,0,0,0.0002,0,0,0.0001,0,0,0.0001,0,0,0.0001,0,0,0.0001,anh lân cũng thích cà khịa lắm chứ anh lan cung thich ca khia lam chu
0,0,0.0006,0,0,0.0002,0,0,0.0001,0,0,0.0001,0,0,0.0001,0,0,0.0001,tuyệt tuyet
0,0,0.0005,0,0,0.0002,0,0,0.0001,0,0,0.0001,0,0,0.0001,0,0,0.0001,chủ quán mỳ và tôm team úp cực mạnh con cac chu quan my va tom team up cuc manh con cac
0,0,0.0017,0,0,0.0002,0,0,0.0001,0,0,0.0001,0,0,0.0,0,0,0.0001,buồn vai lon ccc buon vai lon ccc
0,1,0.9857,0,1,0.7261,0,0,0.0001,0,0,0.0001,0,0,0.0001,0,0,0.0001,m tính chơi bê đê à m tinh choi be e a
0,1,0.9809,0,1,0.8611,0,0,0.0002,0,0,0.0001,0,0,0.0001,0,0,0.0001,em ơi nhìn mặt đẹp mà kg đẹp nết tại sao là kiếp đàn ông chuyển giới phụ nử đẹp người kg đẹp nết vậy ta ăn nói kg văn hoá ai mà lấy lấy về củng kg thua gì mấy con việt kiều chửi phụ nử việt nam thuỳ mỵ đoan trang hôm nay bị mất phẩm chất mất danh giá bị đám yêu nghiệt này rồi trời ơi là trời sao bất công giới nửa quá vậy em oi nhin mat ep ma kg ep net tai sao la kiep an ong chuyen gioi phu nu ep nguoi kg ep net vay ta an noi kg van hoa ai ma lay lay ve cung kg thua gi may con viet kieu chui phu nu viet nam thuy my oan trang hom nay bi mat pham chat mat danh gia bi am yeu nghiet nay roi troi oi la troi sao bat cong gioi nua qua vay
0,0,0.0006,0,0,0.0002,0,0,0.0001,0,0,0.0001,0,0,0.0001,0,0,0.0001,trường truong
0,0,0.0019,0,0,0.0004,0,0,0.0,0,0,0.0,0,0,0.0,0,0,0.0,nha tien tri cop đen nha tien tri cop en
0,0,0.0005,0,0,0.0002,0,0,0.0001,0,0,0.0001,0,0,0.0001,0,0,0.0001,cccc như mấy bác trên cccc nhu may bac tren
0,0,0.0005,0,0,0.0002,0,0,0.0001,0,0,0.0001,0,0,0.0001,0,0,0.0001,ok thầy c ok thay c
0,0,0.0005,0,0,0.0002,0,0,0.0001,0,0,0.0001,0,0,0.0001,0,0,0.0001,ttt susan oits ttt susan oits
0,0,0.0005,0,0,0.0002,0,0,0.0001,0,0,0.0001,0,0,0.0001,0,0,0.0001,hàng hiệu cao bằng quê anh tôi đấy cac bạn ạ v hang hieu cao bang que anh toi ay cac ban a v
0,0,0.0005,0,0,0.0002,0,0,0.0001,0,0,0.0001,0,0,0.0001,0,0,0.0001,hay lắm ad ơi hay lam ad oi
0,0,0.0004,0,0,0.0002,0,0,0.0001,0,0,0.0001,0,0,0.0001,0,0,0.0001,cười chay nước mắt mà thương em nhiều lắm cuoi chay nuoc mat ma thuong em nhieu lam
0,0,0.0005,0,0,0.0002,0,0,0.0001,0,0,0.0001,0,0,0.0001,0,0,0.0001,chào chị ba vàng ngọc chao chi ba vang ngoc
1,0,0.2796,1,0,0.0227,0,0,0.0001,0,0,0.0001,0,0,0.0001,0,0,0.0001,con cac abe con cac abe
0,0,0.0005,0,0,0.0002,0,0,0.0001,0,0,0.0001,0,0,0.0001,0,0,0.0001,anh ở cuối đẹp trai con cac anh o cuoi ep trai con cac
0,0,0.0005,0,0,0.0002,0,0,0.0001,0,0,0.0001,0,0,0.0001,0,0,0.0001,ok anh êiiii ok anh eiiii
1,0,0.076,1,0,0.0054,0,0,0.0001,0,0,0.0,0,0,0.0,0,0,0.0001,vấn đề nó là ở cái chế độ thôi van e no la o cai che o thoi
0,0,0.0005,0,0,0.0002,0,0,0.0001,0,0,0.0001,0,0,0.0001,0,0,0.0001,cầu mong e gà tặng quà cau mong e ga tang qua
0,0,0.0005,0,0,0.0002,0,0,0.0001,0,0,0.0001,0,0,0.0001,0,0,0.0001,yêu xa giúp ta trưởng thành hơn cccc yeu xa giup ta truong thanh hon cccc
0,0,0.0006,0,0,0.0002,0,0,0.0001,0,0,0.0001,0,0,0.0001,0,0,0.0001,tiền giang nè tien giang ne
0,0,0.0005,0,0,0.0002,0,0,0.0001,0,0,0.0001,0,0,0.0001,0,0,0.0001,kênh của aba là kênh kĩ năng nghe chưa con cac kenh cua aba la kenh ki nang nghe chua con cac
0,0,0.0006,0,0,0.0002,0,0,0.0001,0,0,0.0001,0,0,0.0001,0,0,0.0001,mộc an tạo dáng cánh hoa nè moc an tao dang canh hoa ne
0,0,0.0004,0,0,0.0002,0,0,0.0001,0,0,0.0001,0,0,0.0001,0,0,0.0001,ai đi ngang qua vào wall em like avt mới dùm em ạ em cảm ơn nhiều ai i ngang qua vao wall em like avt moi dum em a em cam on nhieu
1,1,0.995,1,1,0.9393,0,0,0.0003,0,0,0.0003,0,0,0.0003,0,0,0.0002,chi dep qua c oi su con cho do di c con mat day con cho phan quoc chi dep qua c oi su con cho do di c con mat day con cho phan quoc
0,0,0.0005,0,0,0.0002,0,0,0.0001,0,0,0.0001,0,0,0.0001,0,0,0.0001,bác thăng chuẩn quá bac thang chuan qua
0,0,0.0009,0,0,0.0002,0,0,0.0001,0,0,0.0001,0,0,0.0,0,0,0.0001,vùng đất thú cưng chưa có nút bạc ăn tết thầy ơi con cac vung at thu cung chua co nut bac an tet thay oi con cac
1,0,0.0005,1,0,0.0002,0,0,0.0001,0,0,0.0001,0,0,0.0001,0,0,0.0001,xài hàng mỹ thì bản thân ng lính cũng yên tâm chiến đấu nghe a e đi bộ đội vê kể bảo pháo của tàu toàn tự bắn vào quân mình nên hay có chiến sỹ tự hy sinh lắm kkk xai hang my thi ban than ng linh cung yen tam chien au nghe a e i bo oi ve ke bao phao cua tau toan tu ban vao quan minh nen hay co chien sy tu hy sinh lam kkk
1,0,0.0009,0,0,0.0002,0,0,0.0001,0,0,0.0001,0,0,0.0,0,0,0.0001,chị hay cú có gai chi hay cu co gai
1,1,0.9871,0,0,0.059,0,0,0.0003,0,0,0.0003,0,0,0.0002,0,0,0.0003,tắt cái bảo vệ ban đêm đi dit con me may tat cai bao ve ban em i dit con me may
0,0,0.0006,0,0,0.0002,0,0,0.0001,0,0,0.0001,0,0,0.0001,0,0,0.0001,an an cánh hoa bướm xinh xinh an an canh hoa buom xinh xinh
0,0,0.0006,0,0,0.0002,0,0,0.0001,0,0,0.0001,0,0,0.0001,0,0,0.0001,nghệ sĩ hài hải ngoại gạo cội đừng để mình bị ốm nhé đức phật bảo vệ ông amen nghe si hai hai ngoai gao coi ung e minh bi om nhe uc phat bao ve ong amen
0,0,0.057,0,0,0.0106,0,0,0.0,0,0,0.0,0,0,0.0,0,0,0.0001,rồi khi nào thầy dạy mấy đứa sắt e lên sắt a con cac roi khi nao thay day may ua sat e len sat a con cac
0,0,0.0008,0,0,0.0002,0,0,0.0001,0,0,0.0001,0,0,0.0,0,0,0.0001,cũng hay đóng học phí lắm con cac cung hay ong hoc phi lam con cac
0,0,0.0005,0,0,0.0002,0,0,0.0001,0,0,0.0001,0,0,0.0001,0,0,0.0001,vũ như quỳnh c ở nhà lâu rồi vu nhu quynh c o nha lau roi
0,0,0.0005,0,0,0.0002,0,0,0.0001,0,0,0.0001,0,0,0.0001,0,0,0.0001,hello chao chi chi dao nay đep hon nam ngoai nhieu đo hello chao chi chi dao nay ep hon nam ngoai nhieu o
0,0,0.0005,0,0,0.0002,0,0,0.0001,0,0,0.0001,0,0,0.0001,0,0,0.0001,lúc sinh ra ta chi la doi tay trang lúc chet di ta chi la ke trang tay ba e vang ngọc giao lam sau dung la co tien thi mua duoc moi thu nhung co một thu o trên dới nây ma ko co ai mua duoc luc sinh ra ta chi la doi tay trang luc chet di ta chi la ke trang tay ba e vang ngoc giao lam sau dung la co tien thi mua duoc moi thu nhung co mot thu o tren doi nay ma ko co ai mua duoc
1,1,0.994,1,1,0.9142,0,0,0.0002,0,0,0.0002,0,0,0.0002,0,0,0.0002,còn samsung thì đòi đem too kỹ sư nó qua mà không muốn bị cách ly suy nghĩ óc chó vẫn tồn lại ở người hàn con samsung thi oi em too ky su no qua ma khong muon bi cach ly suy nghi oc cho van ton lai o nguoi han
0,0,0.0031,0,0,0.0003,0,0,0.0,0,0,0.0,0,0,0.0,0,0,0.0,tốt cứ giá cao đi chứ bh nông dân cũng mua đc xe thì k biết đường nó còn ra cái gì tot cu gia cao i chu bh nong dan cung mua c xe thi k biet uong no con ra cai gi
0,0,0.0007,0,0,0.0002,0,0,0.0001,0,0,0.0001,0,0,0.0001,0,0,0.0001,iq người tày iq nguoi tay
1,0,0.01,0,0,0.0006,0,0,0.0,0,0,0.0,0,0,0.0,0,0,0.0001,cũng đúng vì giáo trình của vn mức độ khó hơn nước ngoài nhưng tiếc là khi làm thực tế thì chẳng được bao nhiu iz năm đèn sách s năm đại học ra trường ko có tiền ko có quan hệ thì cũng thất nghiệp cung ung vi giao trinh cua vn muc o kho hon nuoc ngoai nhung tiec la khi lam thuc te thi chang uoc bao nhiu iz nam en sach s nam ai hoc ra truong ko co tien ko co quan he thi cung that nghiep
0,0,0.0007,0,0,0.0002,0,0,0.0001,0,0,0.0001,0,0,0.0001,0,0,0.0001,cáo từ cao tu
0,0,0.0028,0,0,0.0003,0,0,0.0,0,0,0.0,0,0,0.0,0,0,0.0001,may ng lam tro cuoi may ng lam tro cuoi
1,1,0.9873,1,1,0.9026,0,0,0.0002,0,0,0.0001,0,0,0.0002,0,0,0.0001,chẳng phải thiên đường người ta di chuyển bằng cách cưỡi mây hay sao lẽ ra họ chỉ xây cầu bằng xốp thôi nhưng vì lương tâm của người kongsan nên họ cho vào thêm bê tông và ít cốt thép đấy i bà con ở thiên đường cứ học cái tính càm ràm vớ vẫn của bọn giãy chết i chang phai thien uong nguoi ta di chuyen bang cach cuoi may hay sao le ra ho chi xay cau bang xop thoi nhung vi luong tam cua nguoi kongsan nen ho cho vao them be tong va it cot thep ay i ba con o thien uong cu hoc cai tinh cam ram vo van cua bon giay chet i
0,0,0.0005,0,0,0.0002,0,0,0.0001,0,0,0.0001,0,0,0.0001,0,0,0.0001,abe vô địch abe vô đối em mãi yêu abe abe vo ich abe vo oi em mai yeu abe
0,0,0.0005,0,0,0.0002,0,0,0.0001,0,0,0.0001,0,0,0.0001,0,0,0.0001,hat hay wua hat hay wua
0,0,0.0033,0,0,0.0003,0,0,0.0,0,0,0.0,0,0,0.0,0,0,0.0001,lại bảo không giống đi con cac lai bao khong giong i con cac
0,0,0.0006,0,0,0.0002,0,0,0.0001,0,0,0.0001,0,0,0.0001,0,0,0.0001,gtisateeg gtisateeg
0,0,0.0005,0,0,0.0002,0,0,0.0001,0,0,0.0001,0,0,0.0001,0,0,0.0001,hoàng thiện thế a cần dùng loại nào hoang thien the a can dung loai nao
1,0,0.0017,1,0,0.0003,0,0,0.0,0,0,0.0,0,0,0.0,0,0,0.0,hanh viet đấy là những biểu hiện của những đứa tretrau chính hiệu đấy bạn ạ thề vào page nào cũng thấy cực kì tp hanh viet ay la nhung bieu hien cua nhung ua tretrau chinh hieu ay ban a the vao page nao cung thay cuc ki tp
0,0,0.0005,0,0,0.0002,0,0,0.0001,0,0,0.0001,0,0,0.0001,0,0,0.0001,lót chiếu nằm hóng zozz lot chieu nam hong zozz
1,1,0.6452,0,0,0.008,0,0,0.0001,0,0,0.0001,0,0,0.0001,0,0,0.0001,éo nha liu liu eo nha liu liu
0,0,0.0286,0,0,0.0018,0,0,0.0001,0,0,0.0,0,0,0.0,0,0,0.0001,tao kêu cắt mái mưa quên không dặn mưa phùn thợ cắt mẹ thành mưa giông con cac tao keu cat mai mua quen khong dan mua phun tho cat me thanh mua giong con cac
0,0,0.0005,0,0,0.0002,0,0,0.0001,0,0,0.0001,0,0,0.0001,0,0,0.0001,ae có kiếp này ko có kiếp sau ae ạ ae co kiep nay ko co kiep sau ae a
0,0,0.0006,0,0,0.0002,0,0,0.0001,0,0,0.0001,0,0,0.0001,0,0,0.0001,đất nước tao đáng sống nha at nuoc tao ang song nha
1,1,0.9945,1,1,0.9619,0,0,0.0003,0,0,0.0003,0,0,0.0004,0,0,0.0003,ở mỹ xạo lon là bóng tâm thần o my xao lon la bong tam than
0,0,0.0005,0,0,0.0002,0,0,0.0001,0,0,0.0001,0,0,0.0001,0,0,0.0001,bác vũ đức đam tuyệt vời vì bác đã có nhiều chiến lược cùng trong thời điểm chống dịch cũng như bác thủ tướng nguyễn xuân phúc đã đưa da chống dịch như chống giặc thật tuyệt vời bac vu uc am tuyet voi vi bac a co nhieu chien luoc cung trong thoi iem chong dich cung nhu bac thu tuong nguyen xuan phuc a ua da chong dich nhu chong giac that tuyet voi
0,0,0.0009,0,0,0.0002,0,0,0.0001,0,0,0.0001,0,0,0.0,0,0,0.0001,chuẩn bị học tiếng tàu đi mấy đứa chuan bi hoc tieng tau i may ua
0,0,0.4098,0,0,0.0694,0,0,0.0001,0,0,0.0,0,0,0.0001,0,0,0.0001,trường giang no no đg chỉ trích vì tính ích kỷ k nghĩ cho ngkhac chứ bả sống thì tốt th chứ có j đâu truong giang no no g chi trich vi tinh ich ky k nghi cho ngkhac chu ba song thi tot th chu co j au
0,0,0.0005,0,0,0.0002,0,0,0.0001,0,0,0.0001,0,0,0.0001,0,0,0.0001,thúy hằng bắt trend khá chậm thuy hang bat trend kha cham
1,1,0.9877,1,1,0.6429,0,0,0.0002,0,0,0.0001,0,0,0.0002,0,0,0.0001,phạt nặng là thế nào bắn bỏ mẹ nó đi xem chừng nó có âm mưu đó i phat nang la the nao ban bo me no i xem chung no co am muu o i
0,0,0.0033,0,0,0.0003,0,0,0.0,0,0,0.0,0,0,0.0,0,0,0.0001,nhìn hơi sai sai ad ới nhin hoi sai sai ad oi
0,0,0.0005,0,0,0.0002,0,0,0.0001,0,0,0.0001,0,0,0.0001,0,0,0.0001,quả logo kia thì đổi thành trọcgaming anh ơi con cac qua logo kia thi oi thanh trocgaming anh oi con cac
1,1,0.9941,1,1,0.9444,0,0,0.0003,0,0,0.0003,0,0,0.0003,0,0,0.0002,bà hà thâm hơn dái chó ba ha tham hon dai cho
0,0,0.0005,0,0,0.0002,0,0,0.0001,0,0,0.0001,0,0,0.0001,0,0,0.0001,hôm trước thấy bảo zngười anh này xét nghiệm lần đầu thấy kết quả âm tính mà nhỉ rồi xét nghiệm lần z e lại dương tính hay sao mà bệnh nhân này lại lây được từ zdu khach này hom truoc thay bao znguoi anh nay xet nghiem lan au thay ket qua am tinh ma nhi roi xet nghiem lan z e lai duong tinh hay sao ma benh nhan nay lai lay uoc tu zdu khach nay
1,1,0.9941,1,1,0.9524,0,0,0.0003,0,0,0.0003,0,0,0.0003,0,0,0.0002,một chế độ thối nát toàn những thằng ngu bầu cho nhau lên làm lãnh đạo thì dân khổ là phải đây cũng là hậu quả của việc lật đổ vnch mot che o thoi nat toan nhung thang ngu bau cho nhau len lam lanh ao thi dan kho la phai ay cung la hau qua cua viec lat o vnch
0,1,0.9917,0,0,0.1156,0,0,0.0003,0,0,0.0003,0,0,0.0002,0,0,0.0003,má nó dơ vler ma no do vler
0,0,0.0007,0,0,0.0002,0,0,0.0001,0,0,0.0001,0,0,0.0001,0,0,0.0001,abé hoan banana abe hoan banana
0,0,0.0005,0,0,0.0002,0,0,0.0001,0,0,0.0001,0,0,0.0001,0,0,0.0001,bạn bè bên nhau đau ốm đều chia sẽ cùng nhau thì mới là bb ban be ben nhau au om eu chia se cung nhau thi moi la bb
0,1,0.83,0,0,0.0862,0,0,0.0001,0,0,0.0001,0,0,0.0001,0,0,0.0001,nghe bảo kp bị gay nghe bao kp bi gay
0,0,0.0005,0,0,0.0002,0,0,0.0001,0,0,0.0001,0,0,0.0001,0,0,0.0001,tiền giang nè nhưng mình ở chợ gạo tien giang ne nhung minh o cho gao
0,0,0.0006,0,0,0.0002,0,0,0.0001,0,0,0.0001,0,0,0.0001,0,0,0.0001,from from
0,0,0.0006,0,0,0.0002,0,0,0.0001,0,0,0.0001,0,0,0.0001,0,0,0.0001,nguyễn tiên lý eg rồi nguyen tien ly eg roi
0,0,0.0005,0,0,0.0002,0,0,0.0001,0,0,0.0001,0,0,0.0001,0,0,0.0001,cháu chứ đâu chủ đâu chau chu au chu au
0,0,0.0005,0,0,0.0002,0,0,0.0001,0,0,0.0001,0,0,0.0001,0,0,0.0001,võ minh hiếu xin video pro vo minh hieu xin video pro
0,0,0.0005,0,0,0.0002,0,0,0.0001,0,0,0.0001,0,0,0.0001,0,0,0.0001,làm viên lam vien
0,0,0.0009,0,0,0.0002,0,0,0.0001,0,0,0.0001,0,0,0.0,0,0,0.0001,nam đc k nhỉ nam c k nhi
1,1,0.9952,0,1,0.5935,0,0,0.0003,0,0,0.0003,0,0,0.0002,0,0,0.0003,óc nó được nhồi đậu phụ thối mà so sánh như thế là ad sai rồi oc no uoc nhoi au phu thoi ma so sanh nhu the la ad sai roi
0,0,0.0006,0,0,0.0002,0,0,0.0001,0,0,0.0001,0,0,0.0001,0,0,0.0001,nghe bảo người nhật có ý thức tốt lắm cơ mà d nghe bao nguoi nhat co y thuc tot lam co ma d
0,0,0.0005,0,0,0.0002,0,0,0.0001,0,0,0.0001,0,0,0.0001,0,0,0.0001,thu boo xuất sắc nhưng em lại làm mấy bạn kia buồn thêm thu boo xuat sac nhung em lai lam may ban kia buon them
1,0,0.0026,1,0,0.0003,0,0,0.0,0,0,0.0,0,0,0.0,0,0,0.0001,hết kêu gọi rồi lại nhắn tin c dây kinh nghiệm đâu r xin mời thủ tướng cứ rút thoải mái het keu goi roi lai nhan tin c day kinh nghiem au r xin moi thu tuong cu rut thoai mai
0,0,0.0005,0,0,0.0002,0,0,0.0001,0,0,0.0001,0,0,0.0001,0,0,0.0001,chị vui hóa chi vui hoa
0,0,0.0006,0,0,0.0002,0,0,0.0001,0,0,0.0001,0,0,0.0001,0,0,0.0001,thế tốti the toti
0,0,0.0013,0,0,0.0002,0,0,0.0,0,0,0.0001,0,0,0.0,0,0,0.0001,dạy học sinh k tốt này said hiệu trưởng tiểu levi day hoc sinh k tot nay said hieu truong tieu levi
0,0,0.0006,0,0,0.0002,0,0,0.0001,0,0,0.0001,0,0,0.0001,0,0,0.0001,nguyễn thị lệ chi gửi ảnh nhanh để mìn còn đú trend con cac nguyen thi le chi gui anh nhanh e min con u trend con cac
0,0,0.0006,0,0,0.0001,0,0,0.0001,0,0,0.0001,0,0,0.0001,0,0,0.0001,không hay thực sự khong hay thuc su
0,0,0.0006,0,0,0.0002,0,0,0.0001,0,0,0.0001,0,0,0.0001,0,0,0.0001,bùn lắm thì viết bức thư dời gđ vài ngày song trở về như a bun lam thi viet buc thu doi g vai ngay song tro ve nhu a
1,1,0.9946,1,1,0.6618,0,0,0.0002,0,0,0.0002,0,0,0.0002,0,0,0.0002,van hoa doc tai iiii van hoa doc tai iiii
0,0,0.0006,0,0,0.0002,0,0,0.0001,0,0,0.0001,0,0,0.0001,0,0,0.0001,được của ló uoc cua lo
0,0,0.0005,0,0,0.0002,0,0,0.0001,0,0,0.0001,0,0,0.0001,0,0,0.0001,sắp có sản phẩm hợp tác với bên jav nha các học trò sap co san pham hop tac voi ben jav nha cac hoc tro
0,0,0.0006,0,0,0.0002,0,0,0.0001,0,0,0.0001,0,0,0.0001,0,0,0.0001,áo rất đẹp nhưng thầy mặc ko đẹp c ao rat ep nhung thay mac ko ep c
0,0,0.0005,0,0,0.0002,0,0,0.0001,0,0,0.0001,0,0,0.0001,0,0,0.0001,đoàn sơn tênh mỹ mỹ hải nguyễn zui quá à oan son tenh my my hai nguyen zui qua a
0,0,0.0081,0,0,0.0006,0,0,0.0,0,0,0.0,0,0,0.0,0,0,0.0001,dương dương mất nhận thức hả duong duong mat nhan thuc ha
0,0,0.0006,0,0,0.0002,0,0,0.0001,0,0,0.0001,0,0,0.0001,0,0,0.0001,hello hello
1,1,0.6276,1,0,0.156,0,0,0.0001,0,0,0.0001,0,0,0.0001,0,0,0.0001,thiếui ý thức của người vn quá yếu và quá kém giờ giấc cao su cha chung ko ai khóc thiếu tinh thần hợp tác thieui y thuc cua nguoi vn qua yeu va qua kem gio giac cao su cha chung ko ai khoc thieu tinh than hop tac
1,1,0.9942,1,1,0.9591,0,0,0.0003,0,0,0.0003,0,0,0.0003,0,0,0.0002,họ bị mù mà iii tiền che hàng cave đi rồi chúng cơ quan thiểu năng ko thấy đâu ho bi mu ma iii tien che hang cave i roi chung co quan thieu nang ko thay au
0,0,0.0004,0,0,0.0002,0,0,0.0001,0,0,0.0001,0,0,0.0001,0,0,0.0001,xinh quá à bản lĩnh quá à yêu e xinh qua a ban linh qua a yeu e
0,0,0.0128,0,0,0.0008,0,0,0.0,0,0,0.0,0,0,0.0,0,0,0.0001,có ai suy nghi nếu lỡ hên hên bị ung thư rồi thì còn vài năm đừng có chữa trị gi hết lên kế hoạch trả thù c trả thù ai để đại nạn này cho dân việt đó c giống phim saw co ai suy nghi neu lo hen hen bi ung thu roi thi con vai nam ung co chua tri gi het len ke hoach tra thu c tra thu ai e ai nan nay cho dan viet o c giong phim saw
0,0,0.0008,0,0,0.0002,0,0,0.0001,0,0,0.0001,0,0,0.0,0,0,0.0001,nguyễn hiếu con cac i i là gì b ơi nguyen hieu con cac i i la gi b oi
0,0,0.0005,0,0,0.0002,0,0,0.0001,0,0,0.0001,0,0,0.0001,0,0,0.0001,bô lây cả nhà mày tiep ạ bo lay ca nha may tiep a
0,0,0.0007,0,0,0.0002,0,0,0.0001,0,0,0.0001,0,0,0.0,0,0,0.0001,chương trình chắc tìm mãi mới ra được đoạn thầy ko chửi thề chuong trinh chac tim mai moi ra uoc oan thay ko chui the
0,0,0.0006,0,0,0.0002,0,0,0.0001,0,0,0.0001,0,0,0.0001,0,0,0.0001,muốn vả mấy cái mỏ của mấy đứa cực kì thuyết phục ghê muon va may cai mo cua may ua cuc ki thuyet phuc ghe
0,0,0.0005,0,0,0.0002,0,0,0.0001,0,0,0.0001,0,0,0.0001,0,0,0.0001,nghe rất tùng sói nhưng lại rất phùng thanh độ nghe rat tung soi nhung lai rat phung thanh o
0,0,0.0005,0,0,0.0002,0,0,0.0001,0,0,0.0001,0,0,0.0001,0,0,0.0001,bộ này đẹp hơn mà bo nay ep hon ma
0,1,0.9261,0,1,0.5412,0,0,0.0001,0,0,0.0001,0,0,0.0001,0,0,0.0001,con chừng bị xử bắn con chung bi xu ban
0,0,0.0005,0,0,0.0002,0,0,0.0001,0,0,0.0001,0,0,0.0001,0,0,0.0001,nào cưới cũng phải đi chụp ntn nn nao cuoi cung phai i chup ntn nn
0,1,0.5469,0,0,0.1352,0,0,0.0001,0,0,0.0,0,0,0.0001,0,0,0.0001,còn ở vietnam thì là cánh bứm con o vietnam thi la canh bum
0,0,0.0005,0,0,0.0002,0,0,0.0001,0,0,0.0001,0,0,0.0001,0,0,0.0001,huỳnh vicky huynh vicky
0,0,0.0016,0,0,0.0002,0,0,0.0,0,0,0.0,0,0,0.0,0,0,0.0001,nếu mày mua hàng thật giá isok thì ko ai nói gì đây là hàng fake thưownc hiệu giống như m mua iphone nhái vậy đó thay vì mua con xiaomi chính hãng còn xịn hơn cái iphone fake neu may mua hang that gia isok thi ko ai noi gi ay la hang fake thuownc hieu giong nhu m mua iphone nhai vay o thay vi mua con xiaomi chinh hang con xin hon cai iphone fake
0,0,0.0005,0,0,0.0002,0,0,0.0001,0,0,0.0001,0,0,0.0001,0,0,0.0001,các cô phục vụ giặt quần không kịp nên phải lót khăn mà đúng ta không nên mặc quần cho nhanh nhưng nếu như trong hình mô tả thì chứng tỏ đêm qua tám không ngủ cac co phuc vu giat quan khong kip nen phai lot khan ma ung ta khong nen mac quan cho nhanh nhung neu nhu trong hinh mo ta thi chung to em qua tam khong ngu
0,0,0.0005,0,0,0.0002,0,0,0.0001,0,0,0.0001,0,0,0.0001,0,0,0.0001,thái dương thai duong
0,0,0.0006,0,0,0.0002,0,0,0.0001,0,0,0.0001,0,0,0.0001,0,0,0.0001,ko liên quan ko lien quan
0,0,0.0008,0,0,0.0002,0,0,0.0001,0,0,0.0001,0,0,0.0,0,0,0.0001,oanh thư có nên đú theo trend ko nhỉ oanh thu co nen u theo trend ko nhi
1,1,0.9871,0,1,0.5185,0,0,0.0002,0,0,0.0001,0,0,0.0001,0,0,0.0001,ý thức còn kém hơn điểm toán của tao y thuc con kem hon iem toan cua tao
0,0,0.0005,0,0,0.0002,0,0,0.0001,0,0,0.0001,0,0,0.0001,0,0,0.0001,nhưng mà ngt chỉ trách kế toán thôii nhung ma ngt chi trach ke toan thoii
0,0,0.0032,0,0,0.0005,0,0,0.0,0,0,0.0,0,0,0.0,0,0,0.0001,ailan huynh ghétiiiiii ailan huynh ghetiiiiii
0,0,0.0006,0,0,0.0002,0,0,0.0001,0,0,0.0001,0,0,0.0001,0,0,0.0001,hong hiểu chứ rảnh hay có drammar cứ lôi anh vào con cac anh hiền chứ tụi tao đâu hiền hong hieu chu ranh hay co drammar cu loi anh vao con cac anh hien chu tui tao au hien
0,0,0.0008,0,0,0.0002,0,0,0.0001,0,0,0.0001,0,0,0.0,0,0,0.0001,là một thằng con trai la mot thang con trai
0,0,0.0005,0,0,0.0002,0,0,0.0001,0,0,0.0001,0,0,0.0001,0,0,0.0001,ccccccc harriet chau dinh ccccccc harriet chau dinh
0,0,0.0006,0,0,0.0002,0,0,0.0001,0,0,0.0001,0,0,0.0001,0,0,0.0001,cười đ chịu đc luôn ccc cuoi chiu c luon ccc
0,0,0.0005,0,0,0.0002,0,0,0.0001,0,0,0.0001,0,0,0.0001,0,0,0.0001,xem ok phết xem ok phet
0,0,0.0005,0,0,0.0002,0,0,0.0001,0,0,0.0001,0,0,0.0001,0,0,0.0001,năm mới nghèo theo cách anh ba nam moi ngheo theo cach anh ba
0,0,0.0005,0,0,0.0002,0,0,0.0001,0,0,0.0001,0,0,0.0001,0,0,0.0001,hi hi là i trong ega fan cứng vvvv hi hi la i trong ega fan cung vvvv
0,0,0.0005,0,0,0.0002,0,0,0.0001,0,0,0.0001,0,0,0.0001,0,0,0.0001,nguyễn hồng phi cập nhật ttin phải nhanh nhưng cũg chíh xác anh ạ nguyen hong phi cap nhat ttin phai nhanh nhung cug chih xac anh a
0,0,0.0005,0,0,0.0002,0,0,0.0001,0,0,0.0001,0,0,0.0001,0,0,0.0001,người ta yêu nhau chân thành là đủ rồi đâu cần quan tâm đến ngoài lề nguoi ta yeu nhau chan thanh la u roi au can quan tam en ngoai le
0,0,0.0005,0,0,0.0002,0,0,0.0001,0,0,0.0001,0,0,0.0001,0,0,0.0001,vũ béoo hoàng hiệp thành st lâmbuisoicapytn hôm nào a đưa các chú đi chơi như vậy nhé khà khà vu beoo hoang hiep thanh st lambuisoicapytn hom nao a ua cac chu i choi nhu vay nhe kha kha
1,1,0.8861,1,0,0.0309,0,0,0.0001,0,0,0.0001,0,0,0.0001,0,0,0.0001,con cac ne chu tich phạt tao đi con cac ne chu tich phat tao i
1,0,0.0005,0,0,0.0002,0,0,0.0001,0,0,0.0001,0,0,0.0001,0,0,0.0001,cà khịa t chém ca khia t chem
0,0,0.0019,0,0,0.0002,0,0,0.0,0,0,0.0,0,0,0.0,0,0,0.0001,phạm quốc dũng con cac pham quoc dung con cac
0,1,0.8675,0,1,0.5467,0,0,0.0001,0,0,0.0001,0,0,0.0001,0,0,0.0001,dì ơi giàu có thì hưởng đê chứ đừng có tung lên mạng chỉ để cho người khác chửi rủa thôi cái thứ con người không biết coi trọng đồng tiền thì có đi ăn xin cũng không ai cho đâu lòng nhân từ của tôi cũng có giới hạn di oi giau co thi huong e chu ung co tung len mang chi e cho nguoi khac chui rua thoi cai thu con nguoi khong biet coi trong ong tien thi co i an xin cung khong ai cho au long nhan tu cua toi cung co gioi han
1,1,0.9928,0,1,0.5584,0,0,0.0002,0,0,0.0002,0,0,0.0002,0,0,0.0002,lợi cái đầu buồi j hả loi cai au buoi j ha
0,0,0.0005,0,0,0.0002,0,0,0.0001,0,0,0.0001,0,0,0.0001,0,0,0.0001,hoàng hồng phượng o ơi lôi hiếu về hoang hong phuong o oi loi hieu ve
1,1,0.9549,0,0,0.0486,0,0,0.0002,0,0,0.0001,0,0,0.0001,0,0,0.0002,này thì đáng sống mịa nó nay thi ang song mia no
0,0,0.0016,0,0,0.0002,0,0,0.0,0,0,0.0001,0,0,0.0,0,0,0.0001,kg có tiền sao sữa soạn dc chị kg co tien sao sua soan dc chi
0,0,0.0004,0,0,0.0002,0,0,0.0001,0,0,0.0001,0,0,0.0001,0,0,0.0001,cao lam danh tập chung chuyên môn nha e ccc cao lam danh tap chung chuyen mon nha e ccc
0,0,0.0017,0,0,0.0002,0,0,0.0,0,0,0.0,0,0,0.0,0,0,0.0001,dậy tập thể dục coi cười muốn trẹo lưng luôngggg day tap the duc coi cuoi muon treo lung luongggg
0,0,0.0006,0,0,0.0002,0,0,0.0001,0,0,0.0001,0,0,0.0001,0,0,0.0001,dừa lòng chưa nhung dua long chua nhung
0,0,0.0005,0,0,0.0002,0,0,0.0001,0,0,0.0001,0,0,0.0001,0,0,0.0001,định hợp tác sản xuất âm nhạc hay gì v thầy inh hop tac san xuat am nhac hay gi v thay
0,1,0.9819,0,1,0.838,0,0,0.0002,0,0,0.0001,0,0,0.0002,0,0,0.0001,anh có quyền tham nhũng và nhà tù có quyền chờ đợi anh đó là quy luật cho kẻ tham ô anh co quyen tham nhung va nha tu co quyen cho oi anh o la quy luat cho ke tham o
1,1,0.683,0,0,0.0092,0,0,0.0001,0,0,0.0001,0,0,0.0001,0,0,0.0001,đọc cmt mà tức vai lon oc cmt ma tuc vai lon
0,0,0.0008,0,0,0.0002,0,0,0.0001,0,0,0.0001,0,0,0.0001,0,0,0.0001,diệu diệu cầu giấy r đấy cẩn thận nhe dieu dieu cau giay r ay can than nhe
0,0,0.0009,0,0,0.0002,0,0,0.0001,0,0,0.0001,0,0,0.0,0,0,0.0001,combo bất hạnh combo bat hanh
0,0,0.0005,0,0,0.0002,0,0,0.0001,0,0,0.0001,0,0,0.0001,0,0,0.0001,e thích cây bút của chị con cac e thich cay but cua chi con cac
0,0,0.0006,0,0,0.0002,0,0,0.0001,0,0,0.0001,0,0,0.0001,0,0,0.0001,nhìn kỹ mặc cô ba giống đàn ông ghê nhin ky mac co ba giong an ong ghe
0,0,0.0006,0,0,0.0001,0,0,0.0001,0,0,0.0001,0,0,0.0001,0,0,0.0001,cực kỳ thuyết phụci cuc ky thuyet phuci
1,0,0.0277,1,0,0.0025,0,0,0.0,0,0,0.0,0,0,0.0,0,0,0.0001,dần ơi là dần nay eoa ngày giải phóng mà dân e que goi là ngày quốc hận ko biết hôm đó lên máy bay dần chạy cách nào vậy dan oi la dan nay eoa ngay giai phong ma dan e que goi la ngay quoc han ko biet hom o len may bay dan chay cach nao vay
1,0,0.0005,1,0,0.0002,0,0,0.0001,0,0,0.0001,0,0,0.0001,0,0,0.0001,anh bao ve di dc thi minh cung di dc tru phi ong can bo ay ko fai la nguoi lot giay xan quan ma loi wa thi se dep long dan do anh bao ve di dc thi minh cung di dc tru phi ong can bo ay ko fai la nguoi lot giay xan quan ma loi wa thi se dep long dan do
0,0,0.0005,0,0,0.0002,0,0,0.0001,0,0,0.0001,0,0,0.0001,0,0,0.0001,vũ đức duy t cũng thế m ạ vu uc duy t cung the m a
0,0,0.0009,0,0,0.0002,0,0,0.0001,0,0,0.0001,0,0,0.0,0,0,0.0001,nhìn tội mấy em qá nhin toi may em qa
0,0,0.0005,0,0,0.0002,0,0,0.0001,0,0,0.0001,0,0,0.0001,0,0,0.0001,hong này bà linh nói đúng mà coi cười ỉa luôn hong nay ba linh noi ung ma coi cuoi ia luon
0,1,0.5984,0,0,0.0272,0,0,0.0001,0,0,0.0001,0,0,0.0001,0,0,0.0001,tr ơi tr nc hoa gì mấy trăm sài nc hoa hàng hiệu là bt r tiền tr một chai bự còn hàng dùng thử chai nhỏ xíu s ml nhỏ hơn chai thuốc nhỏ mắt cũng trăm mấy z e trăm ngàn r tr oi tr nc hoa gi may tram sai nc hoa hang hieu la bt r tien tr mot chai bu con hang dung thu chai nho xiu s ml nho hon chai thuoc nho mat cung tram may z e tram ngan r
1,1,0.9954,1,1,0.9506,0,0,0.0003,0,0,0.0003,0,0,0.0004,0,0,0.0003,co lon dau ma chui lon mieng thang be de thui co lon dau ma chui lon mieng thang be de thui
0,0,0.0008,0,0,0.0002,0,0,0.0001,0,0,0.0001,0,0,0.0,0,0,0.0001,con trai kưng con trai kung
0,0,0.0005,0,0,0.0002,0,0,0.0001,0,0,0.0001,0,0,0.0001,0,0,0.0001,áo khá xịn xò v ao kha xin xo v
1,1,0.9935,1,1,0.9398,0,0,0.0003,0,0,0.0002,0,0,0.0002,0,0,0.0002,hải yến tổ sư con dở ng nghĩ mình hài hước hay lòn gì cmt để ngta ỉa vào mặt à hải yến ơi hai yen to su con do ng nghi minh hai huoc hay lon gi cmt e ngta ia vao mat a hai yen oi
0,1,0.9953,0,1,0.9436,0,0,0.0003,0,0,0.0003,0,0,0.0003,0,0,0.0003,no banh lon dam danh nguoi ta k chac de yen cho may danh no banh lon dam danh nguoi ta k chac de yen cho may danh
0,0,0.0014,0,0,0.0002,0,0,0.0001,0,0,0.0001,0,0,0.0,0,0,0.0001,lê thư what mày want to eat con cac le thu what may want to eat con cac
0,0,0.0006,0,0,0.0002,0,0,0.0001,0,0,0.0001,0,0,0.0001,0,0,0.0001,chi oi chi dong lê thuy đep pua smy chi oi chi dong le thuy ep pua smy
1,1,0.9955,1,1,0.9488,0,0,0.0003,0,0,0.0003,0,0,0.0003,0,0,0.0003,đụ me ngu còn ghi xàm nó lấp đất đầy cái đồng tháp mười chứ làm thinh cái c u me ngu con ghi xam no lap at ay cai ong thap muoi chu lam thinh cai c
1,0,0.0011,0,0,0.0002,0,0,0.0001,0,0,0.0001,0,0,0.0,0,0,0.0001,còn nhớ vụ gài đổi ioousd để tịch thu cả tiệm vàng nhà người ta năm zoia i làm cho những ai biết chuyện đều liên tưởng đến chiến dịch đánh tư sản xi xz xe của ông nào đó ko đáng nhớ con nho vu gai oi ioousd e tich thu ca tiem vang nha nguoi ta nam zoia i lam cho nhung ai biet chuyen eu lien tuong en chien dich anh tu san xi xz xe cua ong nao o ko ang nho
0,0,0.0038,0,0,0.0006,0,0,0.0,0,0,0.0,0,0,0.0,0,0,0.0,thuơg cho gia đình e bé cũg thuơg cho người lái xe nhìn qua tấm ảnh nhìn bác khắc khổ qá thuơg tật chiến tranh mình k binh ai k bỏ ai đặt trên cán cân tình cảm thì k dễ gì trách bác ấy đến cuối đời mà mang bản án ấy thì qá sức với cựu chiến binh r trách số phận bác bạc bẽo cuộc đời bạc với bác qá thuog cho gia inh e be cug thuog cho nguoi lai xe nhin qua tam anh nhin bac khac kho qa thuog tat chien tranh minh k binh ai k bo ai at tren can can tinh cam thi k de gi trach bac ay en cuoi oi ma mang ban an ay thi qa suc voi cuu chien binh r trach so phan bac bac beo cuoc oi bac voi bac qa
1,0,0.0813,1,0,0.0234,0,0,0.0,0,0,0.0,0,0,0.0,0,0,0.0,xin nhà tiên tri cho biết liệu trong đại dịch covid ig này lũ e cccđ tại hải ngoại có thể miễn dịch ko ạ và nếu bị nhiễm dịch thì lũ e sỏ lá sẽ đổ lỗi cho cộng sản hay do sự chủ quan của chính quyền mỹ xin nha tien tri cho biet lieu trong ai dich covid ig nay lu e ccc tai hai ngoai co the mien dich ko a va neu bi nhiem dich thi lu e so la se o loi cho cong san hay do su chu quan cua chinh quyen my
1,1,0.9949,1,1,0.9595,0,0,0.0003,0,0,0.0003,0,0,0.0004,0,0,0.0003,đm bọn thuyết phục xl m bon thuyet phuc xl
0,1,0.987,0,1,0.8041,0,0,0.0002,0,0,0.0002,0,0,0.0002,0,0,0.0001,chúng đang giết dần người việt chung ang giet dan nguoi viet
0,0,0.0018,0,0,0.0002,0,0,0.0,0,0,0.0,0,0,0.0,0,0,0.0001,mất ngủ vào xem ông mà tắt trym sớm thế hả mat ngu vao xem ong ma tat trym som the ha
1,1,0.995,1,1,0.9582,0,0,0.0004,0,0,0.0003,0,0,0.0004,0,0,0.0003,kết quả của việc cải cách của mày đây thằng mặt lờ ket qua cua viec cai cach cua may ay thang mat lo
0,0,0.0005,0,0,0.0002,0,0,0.0001,0,0,0.0001,0,0,0.0001,0,0,0.0001,quảng cáo khá tinh tế vv quang cao kha tinh te vv
1,1,0.9858,1,1,0.8803,0,0,0.0002,0,0,0.0001,0,0,0.0002,0,0,0.0001,ngô thanh vân coi đi có nhục quốc thể không gọi fan vô chửi như là chửi cái đứa ca sĩ nước mỹ mặc áo dài không quần ý rồi dạy cho cựu vdv nay vô gu ghồ tìm hiểu xem mảnh vải đỏ có hình sao vàng là cờ của nước nào ngo thanh van coi i co nhuc quoc the khong goi fan vo chui nhu la chui cai ua ca si nuoc my mac ao dai khong quan y roi day cho cuu vdv nay vo gu gho tim hieu xem manh vai o co hinh sao vang la co cua nuoc nao
0,0,0.0006,0,0,0.0002,0,0,0.0001,0,0,0.0001,0,0,0.0001,0,0,0.0001,cố lênnn co lennn
0,0,0.0005,0,0,0.0002,0,0,0.0001,0,0,0.0001,0,0,0.0001,0,0,0.0001,sống nhanh lên các bé ạ song nhanh len cac be a
0,0,0.0005,0,0,0.0002,0,0,0.0001,0,0,0.0001,0,0,0.0001,0,0,0.0001,trang tran hien teo bị cầm túc có đi đc đâuu trang tran hien teo bi cam tuc co i c auu
0,0,0.0015,0,0,0.0002,0,0,0.0,0,0,0.0,0,0,0.0,0,0,0.0001,cuối đời rồi ông trần dần cũng nghĩ ra được để sam hoi đoàn kết để còn một số thành phần chống cộng nghĩ lại cuoi oi roi ong tran dan cung nghi ra uoc e sam hoi oan ket e con mot so thanh phan chong cong nghi lai
0,0,0.0006,0,0,0.0001,0,0,0.0001,0,0,0.0001,0,0,0.0001,0,0,0.0001,cho e fan cứng đi a cho e fan cung i a
0,0,0.0145,0,0,0.0008,0,0,0.0,0,0,0.0,0,0,0.0,0,0,0.0001,y thức như vậy cũng làm đc hđqt cơ y thuc nhu vay cung lam c h qt co
1,0,0.046,0,0,0.0025,0,0,0.0001,0,0,0.0,0,0,0.0,0,0,0.0001,phim dở vai lon ạ hihi nữ chính đơ hơn nữ phụ phim do vai lon a hihi nu chinh o hon nu phu
0,1,0.6952,0,0,0.3205,0,0,0.0001,0,0,0.0001,0,0,0.0001,0,0,0.0001,ahung nguyen cờ vàng gặp covid là chết chắc còn nd vn có đảng lo rồi ahung nguyen co vang gap covid la chet chac con nd vn co ang lo roi
0,0,0.0005,0,0,0.0002,0,0,0.0001,0,0,0.0001,0,0,0.0001,0,0,0.0001,in vô vở nhà trường cấm học luôn đó abe ccc in vo vo nha truong cam hoc luon o abe ccc
0,0,0.0005,0,0,0.0002,0,0,0.0001,0,0,0.0001,0,0,0.0001,0,0,0.0001,cái mặt ông tuân cười phái chí nhìn ổng thấy cưng dễ sợ cai mat ong tuan cuoi phai chi nhin ong thay cung de so
0,0,0.0192,0,0,0.0018,0,0,0.0,0,0,0.0,0,0,0.0,0,0,0.0,mc nói giọng giống mc công tố mc noi giong giong mc cong to
0,0,0.4014,0,0,0.0462,0,0,0.0001,0,0,0.0001,0,0,0.0001,0,0,0.0001,cái cố ảo chi thêm một phân bảo đảm lão chết cai co ao chi them mot phan bao am lao chet
0,0,0.0005,0,0,0.0002,0,0,0.0001,0,0,0.0001,0,0,0.0001,0,0,0.0001,ngày xưa chị nghèo cccc ngay xua chi ngheo cccc
1,1,0.9933,1,0,0.3598,0,0,0.0002,0,0,0.0002,0,0,0.0002,0,0,0.0002,clm ccccc trí xuân clm ccccc tri xuan
0,0,0.0012,0,0,0.0003,0,0,0.0001,0,0,0.0001,0,0,0.0,0,0,0.0001,là cô my dù hả thầy la co my du ha thay
0,0,0.0006,0,0,0.0002,0,0,0.0001,0,0,0.0001,0,0,0.0001,0,0,0.0001,tuấn bảo chắc bác pro hơn thầy tuan bao chac bac pro hon thay
0,0,0.0088,0,0,0.0006,0,0,0.0,0,0,0.0,0,0,0.0,0,0,0.0001,hyeong tea thôi ông im hộ mồm đi thánh nhân đọc có vẻ như tiên nguyễn thì bảo tiên nguyễn bắt bẻ cái gì ở đây hyeong tea thoi ong im ho mom i thanh nhan oc co ve nhu tien nguyen thi bao tien nguyen bat be cai gi o ay
1,1,0.9943,1,1,0.9456,0,0,0.0003,0,0,0.0003,0,0,0.0003,0,0,0.0002,mấy cái thứ bắt chước trộm hình của người khác như mày muôn đời nát kinh tởm người ta đăng từ hôm qua thì mày ăn cắp hình rồi comment lại câu view hả mày tưởng vậy hay ho nhưng ko ai ngu như mày để mày qua mặt đâu may cai thu bat chuoc trom hinh cua nguoi khac nhu may muon oi nat kinh tom nguoi ta ang tu hom qua thi may an cap hinh roi comment lai cau view ha may tuong vay hay ho nhung ko ai ngu nhu may e may qua mat au
0,0,0.0005,0,0,0.0002,0,0,0.0001,0,0,0.0001,0,0,0.0001,0,0,0.0001,cực kì gần thuyết phục cuc ki gan thuyet phuc
0,1,0.6497,0,0,0.0504,0,0,0.0001,0,0,0.0001,0,0,0.0001,0,0,0.0001,chửi kinh thế chửi nhau lên lv à v chui kinh the chui nhau len lv a v
1,1,0.9849,1,1,0.8846,0,0,0.0002,0,0,0.0002,0,0,0.0002,0,0,0.0002,ông cho tui chém ông ba nhắc có chết nay kg ba ve nói chuyện buồn dụ o nhe ong cho tui chem ong ba nhac co chet nay kg ba ve noi chuyen buon du o nhe
0,0,0.0006,0,0,0.0002,0,0,0.0001,0,0,0.0001,0,0,0.0001,0,0,0.0001,sống chậm thôi đca ơi song cham thoi ca oi
0,0,0.0005,0,0,0.0002,0,0,0.0001,0,0,0.0001,0,0,0.0001,0,0,0.0001,đố anh không dùng fb nữa đấy hi o anh khong dung fb nua ay hi
0,1,0.9945,0,1,0.9621,0,0,0.0004,0,0,0.0003,0,0,0.0004,0,0,0.0003,về vn chửa free chính phủ lo từ a z ở nước ngoài chửa bằng niềm tin ak mà chả có con mà nào ở nước ngoài chửa free cho dân nước khác đâu ve vn chua free chinh phu lo tu a z o nuoc ngoai chua bang niem tin ak ma cha co con ma nao o nuoc ngoai chua free cho dan nuoc khac au
0,0,0.0005,0,0,0.0002,0,0,0.0001,0,0,0.0001,0,0,0.0001,0,0,0.0001,yêu quá đii yeu qua ii
0,0,0.0005,0,0,0.0002,0,0,0.0001,0,0,0.0001,0,0,0.0001,0,0,0.0001,ha anh tri nếu là so thì giờ k cmt dx đâu ha anh tri neu la so thi gio k cmt dx au
1,0,0.0006,1,0,0.0002,0,0,0.0001,0,0,0.0001,0,0,0.0001,0,0,0.0001,khánh hoà tuy k gần es nhưng lại gần ea mà vẫn đành lòng k cho nghỉ bệnh thành tích cem nói xong đừng ai ném đá em nhac khanh hoa tuy k gan es nhung lai gan ea ma van anh long k cho nghi benh thanh tich cem noi xong ung ai nem a em nhac
0,0,0.0006,0,0,0.0002,0,0,0.0001,0,0,0.0001,0,0,0.0001,0,0,0.0001,k phải táo mọi năm rồi ngọc hoàng vs cô đẩu đâuuuuu k phai tao moi nam roi ngoc hoang vs co au auuuuu
0,0,0.0005,0,0,0.0002,0,0,0.0001,0,0,0.0001,0,0,0.0001,0,0,0.0001,biểu cảm được thực sự con cac bieu cam uoc thuc su con cac
0,0,0.0005,0,0,0.0002,0,0,0.0001,0,0,0.0001,0,0,0.0001,0,0,0.0001,sang thái ae trong team phẩu thuật nhanh thực sự sang thai ae trong team phau thuat nhanh thuc su
0,0,0.0006,0,0,0.0002,0,0,0.0001,0,0,0.0001,0,0,0.0001,0,0,0.0001,đúng lun ung lun
1,0,0.0035,1,0,0.0003,0,0,0.0,0,0,0.0,0,0,0.0,0,0,0.0001,như z giọt nước luôn thầy ơi trinh giọt nước suối còn thầy giọt nước cống thầy ạ ccc nhu z giot nuoc luon thay oi trinh giot nuoc suoi con thay giot nuoc cong thay a ccc
0,0,0.091,0,0,0.0047,0,0,0.0001,0,0,0.0,0,0,0.0,0,0,0.0001,ăn ở không quá r hack f anh của mị an o khong qua r hack f anh cua mi
0,0,0.0006,0,0,0.0002,0,0,0.0001,0,0,0.0001,0,0,0.0001,0,0,0.0001,mều siu nhơn khanhly pham c trang mua tạm cái bút ntkia bù cho c ly đi ccc meu siu nhon khanhly pham c trang mua tam cai but ntkia bu cho c ly i ccc
0,0,0.0008,0,0,0.0002,0,0,0.0001,0,0,0.0001,0,0,0.0,0,0,0.0001,chắc mình mù âm nhạc nên thấy k hay chac minh mu am nhac nen thay k hay
0,0,0.0005,0,0,0.0002,0,0,0.0001,0,0,0.0001,0,0,0.0001,0,0,0.0001,nút này dc làm từ vàng hả ae v nut nay dc lam tu vang ha ae v
0,0,0.0006,0,0,0.0002,0,0,0.0001,0,0,0.0001,0,0,0.0001,0,0,0.0001,i love u chu cờ mo ccc i love u chu co mo ccc
0,0,0.0005,0,0,0.0002,0,0,0.0001,0,0,0.0001,0,0,0.0001,0,0,0.0001,đã bảo rồi công lí là i diễn viên hài thôi a bao roi cong li la i dien vien hai thoi
1,1,0.9147,1,0,0.0505,0,0,0.0001,0,0,0.0001,0,0,0.0001,0,0,0.0001,vải lông gì tỷ nổ lằn nổ lốn deo ai quan tâm vai long gi ty no lan no lon deo ai quan tam
0,0,0.0008,0,0,0.0002,0,0,0.0001,0,0,0.0001,0,0,0.0001,0,0,0.0001,ba dẻo vàng j den thui vay vàng mien ak ba deo vang j den thui vay vang mien ak
0,0,0.0006,0,0,0.0002,0,0,0.0001,0,0,0.0001,0,0,0.0001,0,0,0.0001,vui quá chừn ccc vui qua chun ccc
1,0,0.001,1,0,0.0002,0,0,0.0001,0,0,0.0001,0,0,0.0,0,0,0.0001,chuyển a sang phòng tạm giam cho đỡ ngột ngạt con cac chuyen a sang phong tam giam cho o ngot ngat con cac
0,0,0.0005,0,0,0.0002,0,0,0.0001,0,0,0.0001,0,0,0.0001,0,0,0.0001,quỳnh như hâhha k hổ danh idol bao nhiêu lâu quynh nhu hahha k ho danh idol bao nhieu lau
0,0,0.0008,0,0,0.0002,0,0,0.0001,0,0,0.0001,0,0,0.0,0,0,0.0001,nhà tiên tri sao bị nhiễm duong tính được hihihihih nha tien tri sao bi nhiem duong tinh uoc hihihihih
0,0,0.0005,0,0,0.0002,0,0,0.0001,0,0,0.0001,0,0,0.0001,0,0,0.0001,cho sem địa chỉ shop bán quần này ở cao bằng đi anh thất chất quá cho sem ia chi shop ban quan nay o cao bang i anh that chat qua
0,0,0.0005,0,0,0.0002,0,0,0.0001,0,0,0.0001,0,0,0.0001,0,0,0.0001,from lisa cailay with love from lisa cailay with love
0,0,0.0016,0,0,0.0002,0,0,0.0,0,0,0.0,0,0,0.0,0,0,0.0001,đề nghị ông trần dần nên cạo lông cạo râu sạch sẽ khi nói chiện với khán giả nghen e nghi ong tran dan nen cao long cao rau sach se khi noi chien voi khan gia nghen
0,0,0.0006,0,0,0.0002,0,0,0.0001,0,0,0.0001,0,0,0.0001,0,0,0.0001,hóng hong
1,1,0.9901,1,0,0.1903,0,0,0.0002,0,0,0.0002,0,0,0.0002,0,0,0.0002,đm m hồ khang ạ m m ho khang a
0,0,0.0006,0,0,0.0002,0,0,0.0001,0,0,0.0001,0,0,0.0001,0,0,0.0001,ai thích bóng bánh có thể theo ông tuấn này nhé rung vs k o lên ở tường cá nhân khá hay có cả nhóm hoàn toàn free chẳng mất đồng phí nào cải ai thich bong banh co the theo ong tuan nay nhe rung vs k o len o tuong ca nhan kha hay co ca nhom hoan toan free chang mat ong phi nao cai
0,0,0.0005,0,0,0.0002,0,0,0.0001,0,0,0.0001,0,0,0.0001,0,0,0.0001,nói đến đâu cười đến đó chị rrất đẹp nói chuyện có duyên noi en au cuoi en o chi rrat ep noi chuyen co duyen
0,0,0.0004,0,0,0.0002,0,0,0.0001,0,0,0.0001,0,0,0.0001,0,0,0.0001,chị dễ thương chất phát chúc chị luôn vui vẻ tươi trẻ và hạnh phúc chi de thuong chat phat chuc chi luon vui ve tuoi tre va hanh phuc
0,0,0.0007,0,0,0.0002,0,0,0.0001,0,0,0.0001,0,0,0.0,0,0,0.0001,ccc nhà bố mẹ không bắt wifi nên k coi anh stream được chỉ đứng trước nhà hút ké wifi hàng xóm để tải video anh cắt về máy coi ccc nha bo me khong bat wifi nen k coi anh stream uoc chi ung truoc nha hut ke wifi hang xom e tai video anh cat ve may coi
0,1,0.9922,0,1,0.9486,0,0,0.0003,0,0,0.0002,0,0,0.0003,0,0,0.0002,tụi m hong học thầy bắn sml tui m hong hoc thay ban sml
0,0,0.001,0,0,0.0002,0,0,0.0001,0,0,0.0001,0,0,0.0,0,0,0.0001,trốn thì im sửa cũng chả ai nghe tron thi im sua cung cha ai nghe
0,0,0.0005,0,0,0.0002,0,0,0.0001,0,0,0.0001,0,0,0.0001,0,0,0.0001,a châu đẹp zai ghê ák trời dì kim dthw quá ik a chau ep zai ghe ak troi di kim dthw qua ik
1,0,0.0903,0,0,0.0096,0,0,0.0,0,0,0.0,0,0,0.0,0,0,0.0001,vậy là ngay gần nhà mình mà có những kẻ tồi tệ vậy saoi hại người sẽ thành hại chính mình thôi vay la ngay gan nha minh ma co nhung ke toi te vay saoi hai nguoi se thanh hai chinh minh thoi
1,1,0.8996,0,0,0.026,0,0,0.0001,0,0,0.0001,0,0,0.0001,0,0,0.0001,cái lôz cai loz
0,0,0.0022,0,0,0.0002,0,0,0.0001,0,0,0.0001,0,0,0.0,0,0,0.0001,nghĩ nhiều phát mệttt nghi nhieu phat mettt
0,0,0.0006,0,0,0.0002,0,0,0.0001,0,0,0.0001,0,0,0.0001,0,0,0.0001,chụp ở mộc châu kìa chup o moc chau kia
0,0,0.0005,0,0,0.0002,0,0,0.0001,0,0,0.0001,0,0,0.0001,0,0,0.0001,anh mới trả góp xs max mà ra iphone ii r con cac anh moi tra gop xs max ma ra iphone ii r con cac
0,0,0.0005,0,0,0.0002,0,0,0.0001,0,0,0.0001,0,0,0.0001,0,0,0.0001,game gì đây ae game gi ay ae
0,0,0.0006,0,0,0.0001,0,0,0.0001,0,0,0.0001,0,0,0.0001,0,0,0.0001,trò này đi sau vn quá tro nay i sau vn qua
0,0,0.0005,0,0,0.0002,0,0,0.0001,0,0,0.0001,0,0,0.0001,0,0,0.0001,bỏ thôi a ạ bo thoi a a
0,0,0.0006,0,0,0.0002,0,0,0.0001,0,0,0.0001,0,0,0.0001,0,0,0.0001,chàng trai sau này chang trai sau nay
0,0,0.0006,0,0,0.0002,0,0,0.0001,0,0,0.0001,0,0,0.0001,0,0,0.0001,được z cái uoc z cai
0,0,0.0007,0,0,0.0002,0,0,0.0001,0,0,0.0001,0,0,0.0001,0,0,0.0001,chơi tí đồ ăn mừng choi ti o an mung
0,0,0.001,0,0,0.0002,0,0,0.0001,0,0,0.0001,0,0,0.0,0,0,0.0001,cô lan bây h nhìn sang chảnh deso ns chx nhỏ nhẹ nữa co lan bay h nhin sang chanh deso ns chx nho nhe nua
0,0,0.0005,0,0,0.0002,0,0,0.0001,0,0,0.0001,0,0,0.0001,0,0,0.0001,ai lớp du chu cờ mo ai lop du chu co mo
0,0,0.0005,0,0,0.0002,0,0,0.0001,0,0,0.0001,0,0,0.0001,0,0,0.0001,tuấn bảo coi thường thầy quá rồi tuan bao coi thuong thay qua roi
0,0,0.0005,0,0,0.0002,0,0,0.0001,0,0,0.0001,0,0,0.0001,0,0,0.0001,cần gì phải quyết định trc h vỉa hè ng dân hàng tháng vẫn nộp phí đều cho công an rồi đó thôi can gi phai quyet inh trc h via he ng dan hang thang van nop phi eu cho cong an roi o thoi
0,0,0.0008,0,0,0.0002,0,0,0.0001,0,0,0.0001,0,0,0.0,0,0,0.0001,ai tán t đi vã lắm rồi ai tan t i va lam roi
0,0,0.0005,0,0,0.0002,0,0,0.0001,0,0,0.0001,0,0,0.0001,0,0,0.0001,thông báo trên website chính thức của arsenal trận đấ của chúng tôi với man city vào đêm thứ tư sẽ bị hoãn thong bao tren website chinh thuc cua arsenal tran a cua chung toi voi man city vao em thu tu se bi hoan
0,0,0.0005,0,0,0.0002,0,0,0.0001,0,0,0.0001,0,0,0.0001,0,0,0.0001,lê hà thư có nên lưu hình gửi cho anh em ko nhờ le ha thu co nen luu hinh gui cho anh em ko nho
0,0,0.0008,0,0,0.0002,0,0,0.0001,0,0,0.0001,0,0,0.0,0,0,0.0001,vãi idol của tui cũng vô đây à con cac vai idol cua tui cung vo ay a con cac
0,0,0.0004,0,0,0.0002,0,0,0.0001,0,0,0.0001,0,0,0.0001,0,0,0.0001,cù hoàng thảo my này thì hóng hớt à con cac cu hoang thao my nay thi hong hot a con cac
0,0,0.0005,0,0,0.0002,0,0,0.0001,0,0,0.0001,0,0,0.0001,0,0,0.0001,giải nhất luôn nha giai nhat luon nha
0,0,0.0006,0,0,0.0002,0,0,0.0001,0,0,0.0001,0,0,0.0001,0,0,0.0001,bạn ý muốn xem xe nào cứng hơn xem xong clip em chắc chắn xe máy cứng hơn oto rồi ban y muon xem xe nao cung hon xem xong clip em chac chan xe may cung hon oto roi
0,0,0.0005,0,0,0.0002,0,0,0.0001,0,0,0.0001,0,0,0.0001,0,0,0.0001,từ miền nam em vượt ra bắc cccccc tu mien nam em vuot ra bac cccccc
1,1,0.9947,1,1,0.9338,0,0,0.0003,0,0,0.0003,0,0,0.0003,0,0,0.0002,nó quản lí internet nhồi sọ dân từng phút từng giây dân tq đông nhưng nói chung nòi giống cũng éo ra con mẹ gì no quan li internet nhoi so dan tung phut tung giay dan tq ong nhung noi chung noi giong cung eo ra con me gi
0,0,0.0005,0,0,0.0002,0,0,0.0001,0,0,0.0001,0,0,0.0001,0,0,0.0001,tôi là đệ nhất quốc sư hoa kì trần dần là cố dấn tối cao của tổng thống đô nan trum hiện tại là quốc trưởng của chánh phủ lâm thời việt nam cộng hòa trân trọng kính chào các dị đồng bào trong nước toi la e nhat quoc su hoa ki tran dan la co dan toi cao cua tong thong o nan trum hien tai la quoc truong cua chanh phu lam thoi viet nam cong hoa tran trong kinh chao cac di ong bao trong nuoc
0,1,0.9364,0,0,0.0696,0,0,0.0001,0,0,0.0001,0,0,0.0001,0,0,0.0001,ý kiến cái nhân y kien cai nhan
0,0,0.0005,0,0,0.0002,0,0,0.0001,0,0,0.0001,0,0,0.0001,0,0,0.0001,thu ngân b lm lẩu phan à v thu ngan b lm lau phan a v
0,0,0.0005,0,0,0.0002,0,0,0.0001,0,0,0.0001,0,0,0.0001,0,0,0.0001,có đi cùng chuyến bay với bệnh nhân zi không vậy co i cung chuyen bay voi benh nhan zi khong vay
0,0,0.1026,0,0,0.0076,0,0,0.0001,0,0,0.0,0,0,0.0,0,0,0.0001,có một lúc cuồng bài thất tình và thế giới ảo tình yêu thật của trịnh đình quang co mot luc cuong bai that tinh va the gioi ao tinh yeu that cua trinh inh quang
0,0,0.0005,0,0,0.0002,0,0,0.0001,0,0,0.0001,0,0,0.0001,0,0,0.0001,hay quá abe hay qua abe
0,0,0.0006,0,0,0.0002,0,0,0.0001,0,0,0.0001,0,0,0.0001,0,0,0.0001,ông nhật này chắc không biết ở ngoài ấy người ta giỏi ní nuận nắm ong nhat nay chac khong biet o ngoai ay nguoi ta gioi ni nuan nam
0,0,0.0007,0,0,0.0002,0,0,0.0001,0,0,0.0001,0,0,0.0001,0,0,0.0001,bạn ko hiểu vấn đề c ban ko hieu van e c
0,0,0.0007,0,0,0.0002,0,0,0.0001,0,0,0.0001,0,0,0.0,0,0,0.0001,gặp công an mà hỏi nó có trên facebook đâu mà trả lời gap cong an ma hoi no co tren facebook au ma tra loi
0,0,0.001,0,0,0.0002,0,0,0.0001,0,0,0.0001,0,0,0.0,0,0,0.0001,phan thị mỹ dung rambo nhấm phan thi my dung rambo nham
0,0,0.0005,0,0,0.0001,0,0,0.0001,0,0,0.0001,0,0,0.0001,0,0,0.0001,so với nghệ thuật sắp đặt trị giá b ioo tỷ vnd của ông hoàng trung hải thì tác phẩm trái chuối rất là chuối i so voi nghe thuat sap at tri gia b ioo ty vnd cua ong hoang trung hai thi tac pham trai chuoi rat la chuoi i
0,0,0.0006,0,0,0.0002,0,0,0.0001,0,0,0.0001,0,0,0.0001,0,0,0.0001,sơn hoàng cái điệu của bông nè ck son hoang cai ieu cua bong ne ck
0,0,0.001,0,0,0.0002,0,0,0.0001,0,0,0.0001,0,0,0.0,0,0,0.0001,áo ác vậy abe ccc ao ac vay abe ccc
0,0,0.0004,0,0,0.0002,0,0,0.0001,0,0,0.0001,0,0,0.0001,0,0,0.0001,cháu nó lại được bố cổ xuý cho kìa chau no lai uoc bo co xuy cho kia
0,0,0.0005,0,0,0.0002,0,0,0.0001,0,0,0.0001,0,0,0.0001,0,0,0.0001,cuong phan con này năm sau dự là zooo đô nhé cuong phan con nay nam sau du la zooo o nhe
0,0,0.0005,0,0,0.0002,0,0,0.0001,0,0,0.0001,0,0,0.0001,0,0,0.0001,lily panta milo bắt kịp trend luôn ghê hông lily panta milo bat kip trend luon ghe hong
0,0,0.0005,0,0,0.0002,0,0,0.0001,0,0,0.0001,0,0,0.0001,0,0,0.0001,về sau vụ này kết quả như nào ấy nhỉ ve sau vu nay ket qua nhu nao ay nhi
0,0,0.0006,0,0,0.0002,0,0,0.0001,0,0,0.0001,0,0,0.0001,0,0,0.0001,nguyễn tuấn văn thắng thì k tia đâu mà thua là phải soi kk nguyen tuan van thang thi k tia au ma thua la phai soi kk
0,0,0.0005,0,0,0.0002,0,0,0.0001,0,0,0.0001,0,0,0.0001,0,0,0.0001,nhắm mc làm lại cô tao k kkk nham mc lam lai co tao k kkk
0,0,0.0008,0,0,0.0002,0,0,0.0001,0,0,0.0001,0,0,0.0,0,0,0.0001,trần nhật hoài nhai lại nhiều thì nó quen ông ạ tran nhat hoai nhai lai nhieu thi no quen ong a
1,0,0.0487,0,0,0.0022,0,0,0.0001,0,0,0.0,0,0,0.0,0,0,0.0001,con cat ne choi hong con cat ne choi hong
0,0,0.0008,0,0,0.0002,0,0,0.0001,0,0,0.0001,0,0,0.0001,0,0,0.0001,còn chờ gì nữa con cho gi nua
0,0,0.0011,0,0,0.0002,0,0,0.0,0,0,0.0001,0,0,0.0,0,0,0.0001,chị này ở quận z ccc qua anh chơi tí bị nit lây bệnh mà chửi dữ z có vô duyên quá hong chi nay o quan z ccc qua anh choi ti bi nit lay benh ma chui du z co vo duyen qua hong
0,0,0.0005,0,0,0.0002,0,0,0.0001,0,0,0.0001,0,0,0.0001,0,0,0.0001,hà phương của m ccccccc ha phuong cua m ccccccc
0,0,0.0025,0,0,0.0003,0,0,0.0,0,0,0.0,0,0,0.0,0,0,0.0,việt e tuấn hưng nên sợ đ ai ccc viet e tuan hung nen so ai ccc
0,0,0.0005,0,0,0.0002,0,0,0.0001,0,0,0.0001,0,0,0.0001,0,0,0.0001,zg sg oo zg sg oo
0,0,0.0025,0,0,0.0003,0,0,0.0,0,0,0.0,0,0,0.0,0,0,0.0001,trung khá giả trung kha gia
0,0,0.0005,0,0,0.0002,0,0,0.0001,0,0,0.0001,0,0,0.0001,0,0,0.0001,okeeeee okeeeee
0,0,0.0006,0,0,0.0002,0,0,0.0001,0,0,0.0001,0,0,0.0001,0,0,0.0001,gần nhà em gan nha em
0,0,0.0006,0,0,0.0002,0,0,0.0001,0,0,0.0001,0,0,0.0001,0,0,0.0001,cứ tiếp tục như vầy thì không lâu nữa đâu cu tiep tuc nhu vay thi khong lau nua au
1,1,0.9851,1,1,0.8269,0,0,0.0002,0,0,0.0001,0,0,0.0001,0,0,0.0001,phương minn ngộ nghĩnh nhỉ lạ lone nhỉ rõ ràng cố tình tạo phốt để bán hàng online ccc mà làm như hay lắm sống dơ v ai mua đồ cho trời phuong minn ngo nghinh nhi la lone nhi ro rang co tinh tao phot e ban hang online ccc ma lam nhu hay lam song do v ai mua o cho troi
0,0,0.0005,0,0,0.0001,0,0,0.0001,0,0,0.0001,0,0,0.0001,0,0,0.0001,tìm một bạn nữ cùng cover tình yêu của nhà anh mixi tim mot ban nu cung cover tinh yeu cua nha anh mixi
0,0,0.0947,0,0,0.0063,0,0,0.0001,0,0,0.0,0,0,0.0,0,0,0.0001,tao cung dang ranh nen ghim may c tao cung dang ranh nen ghim may c
1,1,0.995,1,1,0.957,0,0,0.0003,0,0,0.0003,0,0,0.0004,0,0,0.0003,con di linh ca loc di cho con di linh ca loc di cho
0,0,0.0005,0,0,0.0002,0,0,0.0001,0,0,0.0001,0,0,0.0001,0,0,0.0001,ông già đi thái rồi i tối cháu live chơi subnautica phần z cho các chú coi nhé ong gia i thai roi i toi chau live choi subnautica phan z cho cac chu coi nhe
0,0,0.0006,0,0,0.0002,0,0,0.0001,0,0,0.0001,0,0,0.0001,0,0,0.0001,tưởng lại quảng cáo thuốc sinh lực con cac tuong lai quang cao thuoc sinh luc con cac
1,1,0.9917,1,1,0.8967,0,0,0.0002,0,0,0.0002,0,0,0.0002,0,0,0.0002,mà t cũng đ hiểu rõ ràng là bọn quan nó cũng dùng nước mà hay bọn nó có nguồn nước riêng nên kệ mẹ dân ma t cung hieu ro rang la bon quan no cung dung nuoc ma hay bon no co nguon nuoc rieng nen ke me dan
0,0,0.0005,0,0,0.0002,0,0,0.0001,0,0,0.0001,0,0,0.0001,0,0,0.0001,đức huy vô nghe thầy giảg bài nha uc huy vo nghe thay giag bai nha
0,0,0.0161,0,0,0.0013,0,0,0.0,0,0,0.0,0,0,0.0,0,0,0.0001,sơn tùng găm mì ở nhà đánh dota thôi son tung gam mi o nha anh dota thoi
0,1,0.9956,0,1,0.9491,0,0,0.0003,0,0,0.0003,0,0,0.0004,0,0,0.0003,con di trùng du học con di trung du hoc
0,0,0.0005,0,0,0.0002,0,0,0.0001,0,0,0.0001,0,0,0.0001,0,0,0.0001,lan anh a cũng hay thả hoa cho e đọ lan anh a cung hay tha hoa cho e o
0,0,0.0007,0,0,0.0002,0,0,0.0001,0,0,0.0001,0,0,0.0001,0,0,0.0001,nguyễn huỳnh anh thư haha hoy em chỉ nói sương sương dậy hoy chứ em hổng có ý định tiền túng tình tang mà công việc bay luôn thì khổ nguyen huynh anh thu haha hoy em chi noi suong suong day hoy chu em hong co y inh tien tung tinh tang ma cong viec bay luon thi kho
1,1,0.9944,0,1,0.954,0,0,0.0003,0,0,0.0003,0,0,0.0003,0,0,0.0002,kệ tổ nhà chúng nó chứ mắc mớ gì thế ke to nha chung no chu mac mo gi the
0,0,0.0005,0,0,0.0002,0,0,0.0001,0,0,0.0001,0,0,0.0001,0,0,0.0001,cặp bot tấu hài vcsb cap bot tau hai vcsb
0,0,0.0005,0,0,0.0002,0,0,0.0001,0,0,0.0001,0,0,0.0001,0,0,0.0001,cảm ơn thầy quá hay cam on thay qua hay
0,0,0.0005,0,0,0.0002,0,0,0.0001,0,0,0.0001,0,0,0.0001,0,0,0.0001,chào các chế nha chao cac che nha
0,0,0.0005,0,0,0.0002,0,0,0.0001,0,0,0.0001,0,0,0.0001,0,0,0.0001,chi minh hieu that de thuong chi minh hieu that de thuong
1,1,0.9895,0,0,0.0456,0,0,0.0004,0,0,0.0004,0,0,0.0003,0,0,0.0004,nghe như l nghe nhu l
1,1,0.8024,0,0,0.0366,0,0,0.0001,0,0,0.0001,0,0,0.0001,0,0,0.0001,cứ như thế này thì duyệt mẹ đi cho nhanh cu nhu the nay thi duyet me i cho nhanh
1,1,0.9947,1,1,0.935,0,0,0.0003,0,0,0.0003,0,0,0.0003,0,0,0.0002,i ty ma ko bang mieng vai chui lon con nguoi an noi biet la do vo học ko co dao dục thu do se bi qua bao se chẹt tham i ty ma ko bang mieng vai chui lon con nguoi an noi biet la do vo hoc ko co dao duc thu do se bi qua bao se chet tham
0,0,0.0005,0,0,0.0002,0,0,0.0001,0,0,0.0001,0,0,0.0001,0,0,0.0001,khoe khoan khoe khoan
0,0,0.0043,0,0,0.0003,0,0,0.0,0,0,0.0,0,0,0.0,0,0,0.0001,khong em thich toc nay con cac khong em thich toc nay con cac
0,0,0.0006,0,0,0.0002,0,0,0.0001,0,0,0.0001,0,0,0.0001,0,0,0.0001,an mặc riết chớt giữ r an mac riet chot giu r
0,1,0.9125,0,0,0.0206,0,0,0.0002,0,0,0.0001,0,0,0.0001,0,0,0.0002,đúng cmn rồi còn dề ung cmn roi con de
0,0,0.0186,0,0,0.0011,0,0,0.0,0,0,0.0,0,0,0.0,0,0,0.0001,xuất phát điểm khác nhau con đường đi khác nhau trở ngại khác nhau nỗ lực thì hết sức cũng chỉ đc gần bằng đứa sinh ra ở vạch đích thôi xuat phat iem khac nhau con uong i khac nhau tro ngai khac nhau no luc thi het suc cung chi c gan bang ua sinh ra o vach ich thoi
0,0,0.0006,0,0,0.0002,0,0,0.0001,0,0,0.0001,0,0,0.0001,0,0,0.0001,tức diêng là idol vẫn còn ngon cơm tức diêng là mắt thấy tai nghe chứ ko phải nằm chiêm bao tuc dieng la idol van con ngon com tuc dieng la mat thay tai nghe chu ko phai nam chiem bao
1,0,0.0755,1,0,0.0055,0,0,0.0001,0,0,0.0,0,0,0.0001,0,0,0.0001,hải đăng t gọi tường gió oánh bỏ mịa bây giờ con cac hai ang t goi tuong gio oanh bo mia bay gio con cac
0,0,0.0005,0,0,0.0002,0,0,0.0001,0,0,0.0001,0,0,0.0001,0,0,0.0001,mời tiên sư dũ chụ trần dần về sống tại vn kkkk moi tien su du chu tran dan ve song tai vn kkkk
0,0,0.0005,0,0,0.0002,0,0,0.0001,0,0,0.0001,0,0,0.0001,0,0,0.0001,phía sau là nụ cười thoả mãn phia sau la nu cuoi thoa man
0,0,0.0006,0,0,0.0002,0,0,0.0001,0,0,0.0001,0,0,0.0001,0,0,0.0001,sống chậm lại các mày song cham lai cac may
0,0,0.0006,0,0,0.0002,0,0,0.0001,0,0,0.0001,0,0,0.0001,0,0,0.0001,fan cô minh hiếu nè fan co minh hieu ne
0,0,0.0005,0,0,0.0002,0,0,0.0001,0,0,0.0001,0,0,0.0001,0,0,0.0001,độ tày cười đi con để còn nhận donate o tay cuoi i con e con nhan donate
0,0,0.0005,0,0,0.0002,0,0,0.0001,0,0,0.0001,0,0,0.0001,0,0,0.0001,ông già đi nghỉ dưỡng còn thằng con ở nhà cật lực làm việc ong gia i nghi duong con thang con o nha cat luc lam viec
1,1,0.995,1,1,0.9573,0,0,0.0004,0,0,0.0004,0,0,0.0004,0,0,0.0003,mấy thằg não cức may thag nao cuc
0,0,0.0009,0,0,0.0002,0,0,0.0001,0,0,0.0001,0,0,0.0,0,0,0.0001,hàn quất gáy sớm ăn j con cac han quat gay som an j con cac
0,0,0.0024,0,0,0.0002,0,0,0.0,0,0,0.0,0,0,0.0,0,0,0.0001,cứ đi ra đi vào như đi chợ thế thì s k tăng cho đc cu i ra i vao nhu i cho the thi s k tang cho c
0,0,0.0005,0,0,0.0002,0,0,0.0001,0,0,0.0001,0,0,0.0001,0,0,0.0001,xong xong
0,0,0.092,0,0,0.0043,0,0,0.0001,0,0,0.0001,0,0,0.0001,0,0,0.0001,linh an đeo hỉu hahhaha linh an eo hiu hahhaha
0,0,0.0005,0,0,0.0002,0,0,0.0001,0,0,0.0001,0,0,0.0001,0,0,0.0001,một điếu thuốc lào nâng cao sĩ diện mot ieu thuoc lao nang cao si dien
0,1,0.6826,0,0,0.0987,0,0,0.0001,0,0,0.0001,0,0,0.0001,0,0,0.0001,người mặc sáng láng mà ăn nói không có giáo dục than mình toàn là đồ sài do gia không mà keu người ta lại làm thẩm mỹ ê quá trời rồi ngồi đó kêu từ người đến làm nguoi mac sang lang ma an noi khong co giao duc than minh toan la o sai do gia khong ma keu nguoi ta lai lam tham my e qua troi roi ngoi o keu tu nguoi en lam
0,0,0.0006,0,0,0.0002,0,0,0.0001,0,0,0.0001,0,0,0.0001,0,0,0.0001,thúy nhi hieu nguyen phạm khánh trung mai mốt đừng kể chuyện cười cho hảo hảo nghe nha thuy nhi hieu nguyen pham khanh trung mai mot ung ke chuyen cuoi cho hao hao nghe nha
0,0,0.0005,0,0,0.0002,0,0,0.0001,0,0,0.0001,0,0,0.0001,0,0,0.0001,sao nay nc điềm tĩnh dạ sao nay nc iem tinh da
0,0,0.0006,0,0,0.0002,0,0,0.0001,0,0,0.0001,0,0,0.0001,0,0,0.0001,câu nói văn chương cau noi van chuong
0,0,0.2902,0,0,0.0189,0,0,0.0001,0,0,0.0,0,0,0.0001,0,0,0.0001,gia đình tan nát con cac gia inh tan nat con cac
0,0,0.0036,0,0,0.0003,0,0,0.0,0,0,0.0,0,0,0.0,0,0,0.0001,tôi thấy cái zookg dth hơn là cái gskg toi thay cai zookg dth hon la cai gskg
1,0,0.0004,1,0,0.0002,0,0,0.0001,0,0,0.0001,0,0,0.0001,0,0,0.0001,con nay ban do nhu vay ma cung co nguoi mua nua ha toi con nay ban do nhu vay ma cung co nguoi mua nua ha toi
0,0,0.0009,0,0,0.0002,0,0,0.0001,0,0,0.0001,0,0,0.0,0,0,0.0001,su bà nai à su ba nai a
0,0,0.0005,0,0,0.0002,0,0,0.0001,0,0,0.0001,0,0,0.0001,0,0,0.0001,yêu cô chu cà mo yeu co chu ca mo
1,1,0.9876,0,0,0.0272,0,0,0.0005,0,0,0.0005,0,0,0.0004,0,0,0.0005,đéo nói nhiều eo noi nhieu
1,0,0.1292,1,0,0.0136,0,0,0.0,0,0,0.0,0,0,0.0,0,0,0.0001,mọi người cứ yên tâm ở việt nam covid ig rất khó lây nó chỉ dễ lây khi đứng đối diện nói thẳng bắn nước bọt vào mặt nhau thôi mà người việt lại hay nói sau lưng moi nguoi cu yen tam o viet nam covid ig rat kho lay no chi de lay khi ung oi dien noi thang ban nuoc bot vao mat nhau thoi ma nguoi viet lai hay noi sau lung
1,1,0.9953,1,1,0.9643,0,0,0.0004,0,0,0.0004,0,0,0.0004,0,0,0.0003,thằng mặt l này đi trên đường tưởng thần kinh đấy thang mat l nay i tren uong tuong than kinh ay
0,0,0.0005,0,0,0.0002,0,0,0.0001,0,0,0.0001,0,0,0.0001,0,0,0.0001,hồ quang tiến viết tắt của chief executive officer tổng giám đốc điều hành bạn nhé ho quang tien viet tat cua chief executive officer tong giam oc ieu hanh ban nhe
0,0,0.0021,0,0,0.0002,0,0,0.0,0,0,0.0,0,0,0.0,0,0,0.0001,dừa con cac dua con cac
0,0,0.0009,0,0,0.0002,0,0,0.0001,0,0,0.0001,0,0,0.0,0,0,0.0001,theo t nghĩ đó là iok lính của trung quốc sáng chuẩn bị cho sau này đàn áp việt nam mà thôii theo t nghi o la iok linh cua trung quoc sang chuan bi cho sau nay an ap viet nam ma thoii
0,0,0.0005,0,0,0.0002,0,0,0.0001,0,0,0.0001,0,0,0.0001,0,0,0.0001,thí chủ cho bần tăng xin video con cac thi chu cho ban tang xin video con cac
0,0,0.0005,0,0,0.0002,0,0,0.0001,0,0,0.0001,0,0,0.0001,0,0,0.0001,hôm nay anh chưa đổi được tiền các em chịu khó mai anh em mình cùng bay hom nay anh chua oi uoc tien cac em chiu kho mai anh em minh cung bay
0,0,0.0005,0,0,0.0002,0,0,0.0001,0,0,0.0001,0,0,0.0001,0,0,0.0001,chúc mừng năm kỷ hợi zoig chúc mừng nhiều may mắn mới chuc mung nam ky hoi zoig chuc mung nhieu may man moi
0,0,0.0005,0,0,0.0002,0,0,0.0001,0,0,0.0001,0,0,0.0001,0,0,0.0001,phạm văn rạng từng bắt dính e quả của pele và vô địch sea game lần i pham van rang tung bat dinh e qua cua pele va vo ich sea game lan i
0,0,0.0006,0,0,0.0002,0,0,0.0001,0,0,0.0001,0,0,0.0001,0,0,0.0001,liên minh mobile lien minh mobile
0,1,0.9838,0,0,0.4857,0,0,0.0001,0,0,0.0001,0,0,0.0001,0,0,0.0001,bao giờ a nghèo thì a mới biết chứ giờ a giầu a ns cái đéo jk chả đúng bao gio a ngheo thi a moi biet chu gio a giau a ns cai eo jk cha ung
0,0,0.0007,0,0,0.0002,0,0,0.0001,0,0,0.0001,0,0,0.0001,0,0,0.0001,hoàng tử khói hoang tu khoi
0,0,0.0007,0,0,0.0002,0,0,0.0001,0,0,0.0001,0,0,0.0,0,0,0.0001,ai rồi cũng phải lớn thôii con cac ai roi cung phai lon thoii con cac
1,1,0.9743,1,1,0.6245,0,0,0.0001,0,0,0.0001,0,0,0.0001,0,0,0.0001,bậy à éo phải cơm sườn mà là cháu ngoan boác hù bay a eo phai com suon ma la chau ngoan boac hu
1,1,0.9559,0,0,0.053,0,0,0.0002,0,0,0.0001,0,0,0.0001,0,0,0.0002,quần gì ma nhìn vào thấy mất nết dễ sợ quan gi ma nhin vao thay mat net de so
0,0,0.0005,0,0,0.0002,0,0,0.0001,0,0,0.0001,0,0,0.0001,0,0,0.0001,kim tiêm hahahahaha kim tiem hahahahaha
0,0,0.0351,0,0,0.0053,0,0,0.0,0,0,0.0,0,0,0.0,0,0,0.0,ông này phải tù chung thân vì tội k chấp hành phương pháp cách li của nhà nước ong nay phai tu chung than vi toi k chap hanh phuong phap cach li cua nha nuoc
1,1,0.9955,1,1,0.8926,0,0,0.0003,0,0,0.0003,0,0,0.0003,0,0,0.0002,tinh trùng khuyết tật tinh trung khuyet tat
0,0,0.0005,0,0,0.0002,0,0,0.0001,0,0,0.0001,0,0,0.0001,0,0,0.0001,ông này là chủ đất cho ông tấn thuê iii ong nay la chu at cho ong tan thue iii
1,0,0.0009,0,0,0.0002,0,0,0.0001,0,0,0.0001,0,0,0.0,0,0,0.0001,thâm hết cả hậuiii tham het ca hauiii
0,0,0.0005,0,0,0.0002,0,0,0.0001,0,0,0.0001,0,0,0.0001,0,0,0.0001,nguyễn trung tuấn thôiii v để dành nguyen trung tuan thoiii v e danh
0,0,0.0005,0,0,0.0002,0,0,0.0001,0,0,0.0001,0,0,0.0001,0,0,0.0001,iphone ii được lấy cảm hứng tự độ phùng còn cái tên khác là anh độ mixi iphone ii uoc lay cam hung tu o phung con cai ten khac la anh o mixi
0,0,0.0005,0,0,0.0002,0,0,0.0001,0,0,0.0001,0,0,0.0001,0,0,0.0001,mãi mãi một huyền thoại faker tuổi so với thầy mai mai mot huyen thoai faker tuoi so voi thay
1,1,0.9947,0,1,0.9515,0,0,0.0003,0,0,0.0003,0,0,0.0003,0,0,0.0002,địt mẹ đến là hài cướp như thế mà nó chỉ bắt vì tội gây rối trật tự công cộng cái tội này là tội máu lon nhất dân oan đi khiếu kiện nó cũng vu cho người ta tội này được rồi thì thanh niên ra quảng trường chơi chúng nó cũng vu tội này nhưng tuyệt nhiên chúng nó cho lũ an ninh dlv đánh người giữa phố thì đéo thấy tội này đâu it me en la hai cuop nhu the ma no chi bat vi toi gay roi trat tu cong cong cai toi nay la toi mau lon nhat dan oan i khieu kien no cung vu cho nguoi ta toi nay uoc roi thi thanh nien ra quang truong choi chung no cung vu toi nay nhung tuyet nhien chung no cho lu an ninh dlv anh nguoi giua pho thi eo thay toi nay au
0,0,0.0005,0,0,0.0001,0,0,0.0001,0,0,0.0001,0,0,0.0001,0,0,0.0001,độ đi thái ăn mì còn tùng ở nhà ngủ vs vợ độ và tùng sắp ra mv o i thai an mi con tung o nha ngu vs vo o va tung sap ra mv
0,0,0.0005,0,0,0.0002,0,0,0.0001,0,0,0.0001,0,0,0.0001,0,0,0.0001,tui cháu nguyễn xuân phúc nè tui chau nguyen xuan phuc ne
0,0,0.0005,0,0,0.0002,0,0,0.0001,0,0,0.0001,0,0,0.0001,0,0,0.0001,i câu nói của ông trần dần kg biết bao nhiêu câu tứt diên và ở đờ i cau noi cua ong tran dan kg biet bao nhieu cau tut dien va o o
0,0,0.0009,0,0,0.0002,0,0,0.0001,0,0,0.0001,0,0,0.0,0,0,0.0001,chí bảo chi bao
0,0,0.0005,0,0,0.0002,0,0,0.0001,0,0,0.0001,0,0,0.0001,0,0,0.0001,toi roi toi roi
0,0,0.0004,0,0,0.0002,0,0,0.0001,0,0,0.0001,0,0,0.0001,0,0,0.0001,bao giờ bác dần mới live stream bao gio bac dan moi live stream
0,0,0.0005,0,0,0.0002,0,0,0.0001,0,0,0.0001,0,0,0.0001,0,0,0.0001,nguyễn hằng khanh nguyen hay ăn nè nguyen hang khanh nguyen hay an ne
0,0,0.0006,0,0,0.0002,0,0,0.0001,0,0,0.0001,0,0,0.0001,0,0,0.0001,có nút vàng thì lì xì đi thầy hok lì xì hok có tiền trả tiền học nữa co nut vang thi li xi i thay hok li xi hok co tien tra tien hoc nua
0,0,0.0005,0,0,0.0002,0,0,0.0001,0,0,0.0001,0,0,0.0001,0,0,0.0001,hoàng thị bé ba hoang thi be ba
1,1,0.9307,0,0,0.107,0,0,0.0001,0,0,0.0001,0,0,0.0001,0,0,0.0001,đào bảo khánh sẵn đồ bu nhiều đâm ra ngáo anh nhỉ ao bao khanh san o bu nhieu am ra ngao anh nhi
0,0,0.0012,0,0,0.0002,0,0,0.0001,0,0,0.0001,0,0,0.0,0,0,0.0001,minh thich the gioi thu ba lam khi ho that tha ho that tha lam luon minh kg phai la the gioi thu ba nhung minh thich choi voi ho da so nguoi tot nhieu hon nguoi xau minh thich the gioi thu ba lam khi ho that tha ho that tha lam luon minh kg phai la the gioi thu ba nhung minh thich choi voi ho da so nguoi tot nhieu hon nguoi xau
0,0,0.0005,0,0,0.0002,0,0,0.0001,0,0,0.0001,0,0,0.0001,0,0,0.0001,ông lân cũng ráng kìm không dám cười ong lan cung rang kim khong dam cuoi
0,0,0.0005,0,0,0.0002,0,0,0.0001,0,0,0.0001,0,0,0.0001,0,0,0.0001,ngừi ta hợp tác lại rồi ngui ta hop tac lai roi
1,0,0.0006,1,0,0.0002,0,0,0.0001,0,0,0.0001,0,0,0.0001,0,0,0.0001,dung la con linh dien dien vua thoi chang qua nt goi de choc my dien thoi con ng nhu linh dien thi ai them dung la con linh dien dien vua thoi chang qua nt goi de choc my dien thoi con ng nhu linh dien thi ai them
0,0,0.0005,0,0,0.0002,0,0,0.0001,0,0,0.0001,0,0,0.0001,0,0,0.0001,em thích chị cực thích từ lúc chim chưa mọc v em thich chi cuc thich tu luc chim chua moc v
1,0,0.0008,1,0,0.0002,0,0,0.0001,0,0,0.0001,0,0,0.0,0,0,0.0001,nhung ơi là nhung sao mày báo đời dữ vậy nhung c nhung oi la nhung sao may bao oi du vay nhung c
0,0,0.0005,0,0,0.0002,0,0,0.0001,0,0,0.0001,0,0,0.0001,0,0,0.0001,e e e từ hôm nay việt nam đã có pikachu go để chơi rồi nhé e e e tu hom nay viet nam a co pikachu go e choi roi nhe
0,0,0.0007,0,0,0.0002,0,0,0.0001,0,0,0.0001,0,0,0.0001,0,0,0.0001,hãy nghe và nhìn những gì thiệu làm con cac hay nghe va nhin nhung gi thieu lam con cac
0,0,0.0005,0,0,0.0002,0,0,0.0001,0,0,0.0001,0,0,0.0001,0,0,0.0001,lê khánh an đúng á trăm người trăm ý biết làm sao cho vừa lòng thiên hạ le khanh an ung a tram nguoi tram y biet lam sao cho vua long thien ha
0,0,0.0005,0,0,0.0002,0,0,0.0001,0,0,0.0001,0,0,0.0001,0,0,0.0001,đùa chứ nhiều lúc không hiểu nổi cảm xúc hiện tại của mk ra sao luôn ua chu nhieu luc khong hieu noi cam xuc hien tai cua mk ra sao luon
0,0,0.0213,0,0,0.0014,0,0,0.0,0,0,0.0,0,0,0.0,0,0,0.0001,lê thị huỳnh như m giống như cánh hoa vậy le thi huynh nhu m giong nhu canh hoa vay
1,1,0.7475,0,0,0.2414,0,0,0.0001,0,0,0.0001,0,0,0.0001,0,0,0.0001,thì bjo nó vẫn chiếm đó thôi giải thích để tỏ ra mình ngu hả thi bjo no van chiem o thoi giai thich e to ra minh ngu ha
0,0,0.0038,0,0,0.0003,0,0,0.0,0,0,0.0,0,0,0.0,0,0,0.0001,ủa bữa khóc lóc xin lỗi rồi giờ chửi tiếp hả ua bua khoc loc xin loi roi gio chui tiep ha
0,0,0.0005,0,0,0.0002,0,0,0.0001,0,0,0.0001,0,0,0.0001,0,0,0.0001,cực kì thuyết phục v cuc ki thuyet phuc v
0,0,0.0039,0,0,0.0003,0,0,0.0,0,0,0.0,0,0,0.0,0,0,0.0001,đc của ló c cua lo
1,0,0.2046,1,0,0.0742,0,0,0.0001,0,0,0.0,0,0,0.0001,0,0,0.0001,bóng già nói ckx nge muốn xỉu bong gia noi ckx nge muon xiu
1,1,0.9957,0,1,0.7388,0,0,0.0003,0,0,0.0003,0,0,0.0002,0,0,0.0002,súc vật suc vat
0,0,0.0007,0,0,0.0002,0,0,0.0001,0,0,0.0001,0,0,0.0001,0,0,0.0001,key atm cao lãnh key atm cao lanh
0,0,0.0009,0,0,0.0002,0,0,0.0001,0,0,0.0001,0,0,0.0,0,0,0.0001,tộc trưởng bị cáo hành ko khỏi đc con cac toc truong bi cao hanh ko khoi c con cac
0,0,0.0009,0,0,0.0002,0,0,0.0001,0,0,0.0001,0,0,0.0,0,0,0.0001,chao quoc sưtrân dân chut quôc sư sưt khoe doi dao va sông lâu trăm tuôi chao quoc sutran dan chut quoc su sut khoe doi dao va song lau tram tuoi
0,0,0.0005,0,0,0.0002,0,0,0.0001,0,0,0.0001,0,0,0.0001,0,0,0.0001,amanita phalloides amanita phalloides
0,0,0.0567,0,0,0.0082,0,0,0.0,0,0,0.0,0,0,0.0,0,0,0.0001,anh be đập hộp anh be ap hop
0,0,0.0005,0,0,0.0002,0,0,0.0001,0,0,0.0001,0,0,0.0001,0,0,0.0001,vs idol luôn luôn vs idol luon luon
0,0,0.0055,0,0,0.0003,0,0,0.0,0,0,0.0,0,0,0.0,0,0,0.0001,chẳng làm gì cũng bị hiểu lầm chang lam gi cung bi hieu lam
1,1,0.9951,1,1,0.9589,0,0,0.0004,0,0,0.0003,0,0,0.0004,0,0,0.0003,nó đi du lịch bị lây cũng ko có gì để bàn luận cái chính ở đây là nó khai gian nó nghĩ nhà nó nhiều tiền về nhà nó lấy tiền nấu thuốc uống sẽ khỏi bệnh cái lịt mẹ nó con chó nhung no i du lich bi lay cung ko co gi e ban luan cai chinh o ay la no khai gian no nghi nha no nhieu tien ve nha no lay tien nau thuoc uong se khoi benh cai lit me no con cho nhung
0,0,0.0005,0,0,0.0002,0,0,0.0001,0,0,0.0001,0,0,0.0001,0,0,0.0001,kicm là ca sĩ à kicm la ca si a
0,0,0.0014,0,0,0.0002,0,0,0.0001,0,0,0.0,0,0,0.0,0,0,0.0001,ngủ đang ngon bị lôi dậy đeo khẩu trang cáu ông bà già thực sự ngu ang ngon bi loi day eo khau trang cau ong ba gia thuc su
0,0,0.0005,0,0,0.0002,0,0,0.0001,0,0,0.0001,0,0,0.0001,0,0,0.0001,bình thường ông này cũng bị nhiễm rồi mà hài binh thuong ong nay cung bi nhiem roi ma hai
0,0,0.0005,0,0,0.0001,0,0,0.0001,0,0,0.0001,0,0,0.0001,0,0,0.0001,hí hí hi hi
0,0,0.0005,0,0,0.0002,0,0,0.0001,0,0,0.0001,0,0,0.0001,0,0,0.0001,vinahouse anh e con cac vinahouse anh e con cac
0,0,0.1649,0,0,0.0206,0,0,0.0001,0,0,0.0,0,0,0.0,0,0,0.0001,làm cho nhà nước là có quyền thua lỗ và nhàn c lam cho nha nuoc la co quyen thua lo va nhan c
0,0,0.0005,0,0,0.0002,0,0,0.0001,0,0,0.0001,0,0,0.0001,0,0,0.0001,cảm động cam ong
0,0,0.0005,0,0,0.0002,0,0,0.0001,0,0,0.0001,0,0,0.0001,0,0,0.0001,netflix đồng hành cùng bao ngườiii netflix ong hanh cung bao nguoiii
0,0,0.0057,0,0,0.0003,0,0,0.0,0,0,0.0,0,0,0.0,0,0,0.0001,mat do đẹp quá mat do ep qua
0,0,0.0006,0,0,0.0002,0,0,0.0001,0,0,0.0001,0,0,0.0001,0,0,0.0001,nguyễn hiếu quảng cáo quả chất vai lon bạn ạ nguyen hieu quang cao qua chat vai lon ban a
1,1,0.9954,1,1,0.9574,0,0,0.0003,0,0,0.0003,0,0,0.0004,0,0,0.0003,du me assmin mặt thộn sao mài thích bới cứt tìm giun thế thằng mặt thộn hơ hơ hơ du me assmin mat thon sao mai thich boi cut tim giun the thang mat thon ho ho ho
0,0,0.0005,0,0,0.0002,0,0,0.0001,0,0,0.0001,0,0,0.0001,0,0,0.0001,cảm ơn đảng cảm ơn bác p cam on ang cam on bac p
0,0,0.0005,0,0,0.0002,0,0,0.0001,0,0,0.0001,0,0,0.0001,0,0,0.0001,phải giống bố lương t btr nhưng vẫn có oto chạy và mua cua hoàng đế ăn nhé con cac phai giong bo luong t btr nhung van co oto chay va mua cua hoang e an nhe con cac
0,0,0.0007,0,0,0.0002,0,0,0.0001,0,0,0.0001,0,0,0.0001,0,0,0.0001,thanh tú thanh tu
1,1,0.9956,1,1,0.9477,0,0,0.0004,0,0,0.0004,0,0,0.0004,0,0,0.0003,dmcs dmcs
0,0,0.0712,0,0,0.0052,0,0,0.0001,0,0,0.0,0,0,0.0,0,0,0.0001,còn cái gì để chửi ko ad chuyện bây h ko nói ôm mãi cái quá khư làm gì e con cai gi e chui ko ad chuyen bay h ko noi om mai cai qua khu lam gi e
1,1,0.981,0,0,0.0461,0,0,0.0003,0,0,0.0002,0,0,0.0002,0,0,0.0003,nay bu hơi nhiều nay bu hoi nhieu
1,0,0.0009,0,0,0.0002,0,0,0.0001,0,0,0.0001,0,0,0.0001,0,0,0.0001,khịa vãi l cccc khia vai l cccc
1,0,0.0006,0,0,0.0002,0,0,0.0001,0,0,0.0001,0,0,0.0001,0,0,0.0001,phong cách lợn viên đây phong cach lon vien ay
1,1,0.9941,1,1,0.9438,0,0,0.0003,0,0,0.0003,0,0,0.0003,0,0,0.0002,bui hoang thầy lon bui hoang thay lon
1,1,0.9932,0,0,0.2057,0,0,0.0003,0,0,0.0003,0,0,0.0002,0,0,0.0003,má fong rộng z ma la ngột ngạt me nó ma fong rong z ma la ngot ngat me no
0,0,0.0007,0,0,0.0002,0,0,0.0001,0,0,0.0001,0,0,0.0001,0,0,0.0001,nhii bờmm sẽ bị phạt chứ mong là bị phạt nặng nhii bomm se bi phat chu mong la bi phat nang
0,0,0.0005,0,0,0.0002,0,0,0.0001,0,0,0.0001,0,0,0.0001,0,0,0.0001,võ hoài phong xin video vo hoai phong xin video
0,0,0.0012,0,0,0.0002,0,0,0.0,0,0,0.0,0,0,0.0,0,0,0.0001,nguyễn thiên ngọc sơn tùng chơi thể loại mới mấy ông chê còn hơn thế nguyen thien ngoc son tung choi the loai moi may ong che con hon the
1,1,0.6824,0,0,0.0222,0,0,0.0001,0,0,0.0001,0,0,0.0001,0,0,0.0001,họa từ miệng mà ra hoa tu mieng ma ra
0,0,0.0006,0,0,0.0002,0,0,0.0001,0,0,0.0001,0,0,0.0001,0,0,0.0001,uốn cho tỉnh đi thầy con cac uon cho tinh i thay con cac
0,0,0.1597,0,0,0.0157,0,0,0.0001,0,0,0.0,0,0,0.0,0,0,0.0001,côca in bế r con cac coca in be r con cac
0,0,0.0005,0,0,0.0002,0,0,0.0001,0,0,0.0001,0,0,0.0001,0,0,0.0001,hợp đồng iphone với mixigaming có trị giá lên tới hàng nghìn đô hop ong iphone voi mixigaming co tri gia len toi hang nghin o
1,0,0.048,1,0,0.0092,0,0,0.0,0,0,0.0,0,0,0.0,0,0,0.0,cảnh sát giựt tiền csgt canh sat giut tien csgt
0,0,0.0007,0,0,0.0002,0,0,0.0001,0,0,0.0001,0,0,0.0001,0,0,0.0001,cảm giác chênh vênh cam giac chenh venh
0,0,0.0005,0,0,0.0002,0,0,0.0001,0,0,0.0001,0,0,0.0001,0,0,0.0001,phong thanh phong thanh
0,0,0.0284,0,0,0.0022,0,0,0.0,0,0,0.0,0,0,0.0,0,0,0.0,trung đầu nấm trung au nam
0,0,0.0005,0,0,0.0002,0,0,0.0001,0,0,0.0001,0,0,0.0001,0,0,0.0001,anh ơi anh làm gì cháu nó thế anh oi anh lam gi chau no the
0,0,0.0005,0,0,0.0002,0,0,0.0001,0,0,0.0001,0,0,0.0001,0,0,0.0001,khi dịch được cách ly tốt bgdvđt said vẫn diễn biến phức tạp cho nghỉ a tuần khi dich uoc cach ly tot bgdv t said van dien bien phuc tap cho nghi a tuan
1,1,0.9932,1,1,0.9453,0,0,0.0003,0,0,0.0002,0,0,0.0003,0,0,0.0002,con lợn ad thế mày định làm gì vác súng ra biển đi đừng vác bàn phím mà sủa theo lũ dâm chủ nữa nhé con con lon ad the may inh lam gi vac sung ra bien i ung vac ban phim ma sua theo lu dam chu nua nhe con
0,0,0.0004,0,0,0.0002,0,0,0.0001,0,0,0.0001,0,0,0.0001,0,0,0.0001,thầy thể hiện con susan này ở allstar nha thầy thay the hien con susan nay o allstar nha thay
1,0,0.0841,1,0,0.0092,0,0,0.0,0,0,0.0,0,0,0.0,0,0,0.0001,dư luận viên vào ẳng nào v du luan vien vao ang nao v
0,0,0.0005,0,0,0.0002,0,0,0.0001,0,0,0.0001,0,0,0.0001,0,0,0.0001,hiếu tuấn chú hiếu trốn dịch ở đâu thế hieu tuan chu hieu tron dich o au the
0,0,0.0007,0,0,0.0002,0,0,0.0001,0,0,0.0001,0,0,0.0001,0,0,0.0001,dỗi doi
0,0,0.0005,0,0,0.0002,0,0,0.0001,0,0,0.0001,0,0,0.0001,0,0,0.0001,nghe nói c nhung là con chủ tịch linh sarang nghe noi c nhung la con chu tich linh sarang
0,0,0.0005,0,0,0.0002,0,0,0.0001,0,0,0.0001,0,0,0.0001,0,0,0.0001,fan cứng alooooo fan cung alooooo
0,0,0.0005,0,0,0.0002,0,0,0.0001,0,0,0.0001,0,0,0.0001,0,0,0.0001,trần đức hahaa có hậu hoàng luôn tran uc hahaa co hau hoang luon
0,0,0.0973,0,0,0.0049,0,0,0.0001,0,0,0.0,0,0,0.0,0,0,0.0001,nguyễn thanh quang đc có í tưởng nguyen thanh quang c co i tuong
0,0,0.0005,0,0,0.0002,0,0,0.0001,0,0,0.0001,0,0,0.0001,0,0,0.0001,mai facebook thầy ko còn i đứa bạn nào nữa luôn v mai facebook thay ko con i ua ban nao nua luon v
0,0,0.0005,0,0,0.0002,0,0,0.0001,0,0,0.0001,0,0,0.0001,0,0,0.0001,chúng ta xây dựng gần xong cnxh rồi hoan hô chung ta xay dung gan xong cnxh roi hoan ho
0,0,0.0008,0,0,0.0002,0,0,0.0001,0,0,0.0001,0,0,0.0,0,0,0.0001,có vẻ hay nhưng nói có đoạn giật mình thì lại sợ hix tim mình nhỏ tẹo nên sợ phim kinh dị co ve hay nhung noi co oan giat minh thi lai so hix tim minh nho teo nen so phim kinh di
0,1,0.985,0,0,0.1381,0,0,0.0002,0,0,0.0002,0,0,0.0001,0,0,0.0002,ôi đm nhìn mà thèm coi thủy thủ mặt trăng vc oi m nhin ma them coi thuy thu mat trang vc
0,0,0.0005,0,0,0.0002,0,0,0.0001,0,0,0.0001,0,0,0.0001,0,0,0.0001,yêu a độ yeu a o
0,0,0.0005,0,0,0.0002,0,0,0.0001,0,0,0.0001,0,0,0.0001,0,0,0.0001,người thật việc thật chị ơi cuộc sống mình thật thà mà cuộc đời nó k cho chị ơi nguoi that viec that chi oi cuoc song minh that tha ma cuoc oi no k cho chi oi
0,0,0.2121,0,0,0.0049,0,0,0.0001,0,0,0.0001,0,0,0.0001,0,0,0.0001,được vãi lon a ơiiii uoc vai lon a oiiii
0,0,0.0006,0,0,0.0002,0,0,0.0001,0,0,0.0001,0,0,0.0001,0,0,0.0001,dô văn quá do van qua
0,0,0.0006,0,0,0.0002,0,0,0.0001,0,0,0.0001,0,0,0.0001,0,0,0.0001,mưa gió tối đến chỉ muốn xem stream mua gio toi en chi muon xem stream
0,0,0.0006,0,0,0.0002,0,0,0.0001,0,0,0.0001,0,0,0.0001,0,0,0.0001,tú nguyễn nước hoa mà tính vài trăm ngàn thì lấy đâu ra loại tốt b tu nguyen nuoc hoa ma tinh vai tram ngan thi lay au ra loai tot b
0,0,0.0006,0,0,0.0002,0,0,0.0001,0,0,0.0001,0,0,0.0001,0,0,0.0001,chỉ là tết nay mọi thứ đã quá đầy đủ chúng ta không thiếu thốn về vật chất quên cái cảm giác chỉ có tết mới đem lại sum vầy chi la tet nay moi thu a qua ay u chung ta khong thieu thon ve vat chat quen cai cam giac chi co tet moi em lai sum vay
0,0,0.0007,0,0,0.0002,0,0,0.0001,0,0,0.0001,0,0,0.0001,0,0,0.0001,hẹn mỹ nè cưng con cac xin giới thiệu cưng đây là cộng đồng ngừoi việt con cac k có dlv hen my ne cung con cac xin gioi thieu cung ay la cong ong nguoi viet con cac k co dlv
0,0,0.0005,0,0,0.0002,0,0,0.0001,0,0,0.0001,0,0,0.0001,0,0,0.0001,phạm văn lộc pham van loc
0,0,0.0006,0,0,0.0002,0,0,0.0001,0,0,0.0001,0,0,0.0001,0,0,0.0001,việt nam thì mang hàng xách tay ncov ig về từ châu âu viet nam thi mang hang xach tay ncov ig ve tu chau au
1,1,0.9951,0,1,0.7601,0,0,0.0002,0,0,0.0003,0,0,0.0002,0,0,0.0002,stt ngu mức này còn cop lại được đm stt ngu muc nay con cop lai uoc m
0,0,0.0005,0,0,0.0002,0,0,0.0001,0,0,0.0001,0,0,0.0001,0,0,0.0001,chào chị ạ chao chi a
0,0,0.0004,0,0,0.0002,0,0,0.0001,0,0,0.0001,0,0,0.0001,0,0,0.0001,quỳnhh hoa ngta vẫn quốc tịch việt nam mà quynhh hoa ngta van quoc tich viet nam ma
0,0,0.0005,0,0,0.0002,0,0,0.0001,0,0,0.0001,0,0,0.0001,0,0,0.0001,thay việt nam a thái lanz vào phương trình trên ta được thay viet nam a thai lanz vao phuong trinh tren ta uoc
0,0,0.0005,0,0,0.0002,0,0,0.0001,0,0,0.0001,0,0,0.0001,0,0,0.0001,tỏ tình với anh độ to tinh voi anh o
0,0,0.0005,0,0,0.0002,0,0,0.0001,0,0,0.0001,0,0,0.0001,0,0,0.0001,dth quá cô ơi dth qua co oi
0,0,0.0005,0,0,0.0002,0,0,0.0001,0,0,0.0001,0,0,0.0001,0,0,0.0001,tự hào về vn mà cũng thương bác tu hao ve vn ma cung thuong bac
0,0,0.0005,0,0,0.0002,0,0,0.0001,0,0,0.0001,0,0,0.0001,0,0,0.0001,mình nhận bán sản phẩm trong hình nhé minh nhan ban san pham trong hinh nhe
0,0,0.0006,0,0,0.0002,0,0,0.0001,0,0,0.0001,0,0,0.0001,0,0,0.0001,vâng anh vang anh
0,0,0.0008,0,0,0.0002,0,0,0.0001,0,0,0.0001,0,0,0.0001,0,0,0.0001,buồn thật chứ buon that chu
1,0,0.0038,1,0,0.0005,0,0,0.0,0,0,0.0,0,0,0.0,0,0,0.0001,djtmenhaong djtmenhaong
1,1,0.9932,1,1,0.8914,0,0,0.0002,0,0,0.0002,0,0,0.0002,0,0,0.0002,nó chửi cô minh hiếu là sai nhưng mà đm tụi m thật sự rất quá đáng nó có xạo hay gì đó nếu ko ảnh hưởng ai thì việc gì phải đập phá chén cơm người khác v còn việc giá i chai nước hoa rẻ thì tự tụi m phải nhận thức được nó là hàng loại nào nếu thấy chấp nhận thì mua nó đâu ship lại hay lấy dao kề cổ bắt bây mua còn trần đoàn nên có lời xin lôi tới cô mh đi còn tđ nó có xạo sài hàng fake hay thật kệ nó tụi bây chắc gì ko sống ảo chắc gì ko sài hàng fake nên ai làm gì kệ ngta tạo nghiệp chi v no chui co minh hieu la sai nhung ma m tui m that su rat qua ang no co xao hay gi o neu ko anh huong ai thi viec gi phai ap pha chen com nguoi khac v con viec gia i chai nuoc hoa re thi tu tui m phai nhan thuc uoc no la hang loai nao neu thay chap nhan thi mua no au ship lai hay lay dao ke co bat bay mua con tran oan nen co loi xin loi toi co mh i con t no co xao sai hang fake hay that ke no tui bay chac gi ko song ao chac gi ko sai hang fake nen ai lam gi ke ngta tao nghiep chi v
0,0,0.0007,0,0,0.0002,0,0,0.0001,0,0,0.0001,0,0,0.0,0,0,0.0001,đây là thầy giáo ba đẹp trai vai lon ý tau là thằng ở phía dưới góc phải đó ay la thay giao ba ep trai vai lon y tau la thang o phia duoi goc phai o
0,0,0.0005,0,0,0.0002,0,0,0.0001,0,0,0.0001,0,0,0.0001,0,0,0.0001,trúc mơ talk like zậy nèk improve inglish truc mo talk like zay nek improve inglish
0,1,0.9813,0,0,0.0192,0,0,0.0004,0,0,0.0003,0,0,0.0003,0,0,0.0004,đéo lo bị cháy eo lo bi chay
0,0,0.0005,0,0,0.0002,0,0,0.0001,0,0,0.0001,0,0,0.0001,0,0,0.0001,phương noble s sao hk để tóc đen cho đẹp nhuộm chi vậy trơid phuong noble s sao hk e toc en cho ep nhuom chi vay troid
0,0,0.071,0,0,0.0048,0,0,0.0001,0,0,0.0,0,0,0.0,0,0,0.0001,phan mạnh cường hâm à thế là loạn lên hết đấy phan manh cuong ham a the la loan len het ay
1,0,0.0995,0,0,0.0083,0,0,0.0001,0,0,0.0,0,0,0.0,0,0,0.0001,đang vi phạm thì im re xong xuôi rồi thì mới rà soát sau đó thay đổi pháp lý để chính thức công nhận vi phạm hỏi sao ko xử lý kịp thời thì nhân đc câu trl là ko hay biết lực lượng mỏng cần thời gian kiểm tra aa ang vi pham thi im re xong xuoi roi thi moi ra soat sau o thay oi phap ly e chinh thuc cong nhan vi pham hoi sao ko xu ly kip thoi thi nhan c cau trl la ko hay biet luc luong mong can thoi gian kiem tra aa
1,1,0.9965,1,1,0.917,0,0,0.0003,0,0,0.0004,0,0,0.0003,0,0,0.0003,dit me cai quy trinh vao cap cuu deo co tien deo bao hiem thi nam do di dit me cai quy trinh vao cap cuu deo co tien deo bao hiem thi nam do di
1,0,0.0004,1,0,0.0002,0,0,0.0001,0,0,0.0001,0,0,0.0001,0,0,0.0001,taocutaodiia cccc nghiệp quá cô e ư taocutaodiia cccc nghiep qua co e u
1,1,0.9947,1,1,0.9637,0,0,0.0004,0,0,0.0003,0,0,0.0004,0,0,0.0003,cái bọn trẻ trâu miền bắc hô hô miệng việt kiều hàn mang bịnh dìa r bảo viết thì nói chung chung việt kiều cai bon tre trau mien bac ho ho mieng viet kieu han mang binh dia r bao viet thi noi chung chung viet kieu
1,1,0.9932,0,0,0.099,0,0,0.0005,0,0,0.0004,0,0,0.0003,0,0,0.0004,nung nung nung nung
0,0,0.0006,0,0,0.0002,0,0,0.0001,0,0,0.0001,0,0,0.0001,0,0,0.0001,ok a ok a
0,0,0.0418,0,0,0.0024,0,0,0.0,0,0,0.0,0,0,0.0,0,0,0.0001,thế mới là thiên đường the moi la thien uong
0,0,0.0005,0,0,0.0002,0,0,0.0001,0,0,0.0001,0,0,0.0001,0,0,0.0001,vũ thanh huyền ngta cũng đâu muốn đâu bạn vu thanh huyen ngta cung au muon au ban
0,0,0.0004,0,0,0.0002,0,0,0.0001,0,0,0.0001,0,0,0.0001,0,0,0.0001,hợp thì mình cưới thôi anh ccc hop thi minh cuoi thoi anh ccc
0,0,0.0005,0,0,0.0002,0,0,0.0001,0,0,0.0001,0,0,0.0001,0,0,0.0001,xím chút thì còn g miếng đất xim chut thi con g mieng at
0,1,0.9905,0,1,0.7958,0,0,0.0002,0,0,0.0002,0,0,0.0002,0,0,0.0002,cocc nó đâu nào dám cho cắt cổ điều từ chỗ này sang chỗ kia thì lại sẽ ăn theo vị trí cái máu đã chảy trong người thì cái gì ăn được là nó ăn dọng hết thôi cocc no au nao dam cho cat co ieu tu cho nay sang cho kia thi lai se an theo vi tri cai mau a chay trong nguoi thi cai gi an uoc la no an dong het thoi
0,0,0.0005,0,0,0.0002,0,0,0.0001,0,0,0.0001,0,0,0.0001,0,0,0.0001,nguyễn hữu đạt có duyên chết liền nhưng mk lại thích kkkk nguyen huu at co duyen chet lien nhung mk lai thich kkkk
0,0,0.0008,0,0,0.0002,0,0,0.0001,0,0,0.0001,0,0,0.0,0,0,0.0001,bình thường binh thuong
0,0,0.0007,0,0,0.0002,0,0,0.0001,0,0,0.0001,0,0,0.0001,0,0,0.0001,sản phẩm vs tiểu tiểu ak abe san pham vs tieu tieu ak abe
0,0,0.0005,0,0,0.0002,0,0,0.0001,0,0,0.0001,0,0,0.0001,0,0,0.0001,duyên vụ chị gái livetream đấyi duyen vu chi gai livetream ayi
0,1,0.9926,0,1,0.8625,0,0,0.0002,0,0,0.0002,0,0,0.0002,0,0,0.0002,lò a kí thôi xong no more ra ngoài lo a ki thoi xong no more ra ngoai
0,0,0.0004,0,0,0.0002,0,0,0.0001,0,0,0.0001,0,0,0.0001,0,0,0.0001,ta bắt trend hàn hay hàn bắt trend ta ta bat trend han hay han bat trend ta
0,0,0.0005,0,0,0.0002,0,0,0.0001,0,0,0.0001,0,0,0.0001,0,0,0.0001,cũng vui hầy cung vui hay
0,0,0.0059,0,0,0.0006,0,0,0.0,0,0,0.0,0,0,0.0,0,0,0.0,tại sao hành hạ thầy như vật phải đánh mạnh lên sela oiii tai sao hanh ha thay nhu vat phai anh manh len sela oiii
0,0,0.0006,0,0,0.0002,0,0,0.0001,0,0,0.0001,0,0,0.0001,0,0,0.0001,kỳ này e vắng bóng rồi không có e để chửi nữa đâu giờ xem hài trầng dầng cho đỡ buồn ccc ky nay e vang bong roi khong co e e chui nua au gio xem hai trang dang cho o buon ccc
0,0,0.0005,0,0,0.0002,0,0,0.0001,0,0,0.0001,0,0,0.0001,0,0,0.0001,nguyễn ngân thanh nguyển thị bích trâm ngọc nhi tụi m có như vậy ko ccc nguyen ngan thanh nguyen thi bich tram ngoc nhi tui m co nhu vay ko ccc
0,0,0.0008,0,0,0.0002,0,0,0.0001,0,0,0.0001,0,0,0.0,0,0,0.0001,xem clip thấy phẫn nộ như này mà tha được sao xin lỗi gì cũng phải diệt xem clip thay phan no nhu nay ma tha uoc sao xin loi gi cung phai diet
0,0,0.0007,0,0,0.0002,0,0,0.0001,0,0,0.0001,0,0,0.0,0,0,0.0001,hợp lý hop ly
0,0,0.3025,0,0,0.0138,0,0,0.0001,0,0,0.0001,0,0,0.0001,0,0,0.0001,khoảng cách là gì mà ghê gớm vậy chỉ có khoảng cách trong tâm trí thôi chứ khoảng cách địa lý chả có ý nghĩa gì nếu thật lòng khoang cach la gi ma ghe gom vay chi co khoang cach trong tam tri thoi chu khoang cach ia ly cha co y nghia gi neu that long
0,0,0.0005,0,0,0.0002,0,0,0.0001,0,0,0.0001,0,0,0.0001,0,0,0.0001,khiến chị em gục ngã khien chi em guc nga
0,0,0.0058,0,0,0.0003,0,0,0.0,0,0,0.0,0,0,0.0,0,0,0.0001,ảnh cưới đẹp vai ca lon ạ anh cuoi ep vai ca lon a
0,0,0.0005,0,0,0.0002,0,0,0.0001,0,0,0.0001,0,0,0.0001,0,0,0.0001,giống y công ty e luôn giong y cong ty e luon
0,0,0.0006,0,0,0.0001,0,0,0.0001,0,0,0.0001,0,0,0.0001,0,0,0.0001,vậy giờ nói sao để nó đền bù đây nói bao nhiu lâu rồi vay gio noi sao e no en bu ay noi bao nhiu lau roi
0,0,0.0768,0,0,0.0032,0,0,0.0001,0,0,0.0,0,0,0.0001,0,0,0.0001,bd my lùn my meo con cac bd my lun my meo con cac
0,0,0.0005,0,0,0.0002,0,0,0.0001,0,0,0.0001,0,0,0.0001,0,0,0.0001,fan cô minh hiếu đâu taaaa fan co minh hieu au taaaa
0,0,0.0005,0,0,0.0002,0,0,0.0001,0,0,0.0001,0,0,0.0001,0,0,0.0001,hài hước mà hai huoc ma
0,0,0.0005,0,0,0.0002,0,0,0.0001,0,0,0.0001,0,0,0.0001,0,0,0.0001,hần ccccccc han ccccccc
0,0,0.0079,0,0,0.0006,0,0,0.0,0,0,0.0,0,0,0.0,0,0,0.0001,khoe sáu múi đi abe khoe sau mui i abe
0,0,0.0013,0,0,0.0002,0,0,0.0,0,0,0.0001,0,0,0.0,0,0,0.0001,chị ba chửi dần văn nghe phê đỡ tốn tiền mua ce chi ba chui dan van nghe phe o ton tien mua ce
0,0,0.0006,0,0,0.0002,0,0,0.0001,0,0,0.0001,0,0,0.0001,0,0,0.0001,mua đi đc dịp têt này thôi mua i c dip tet nay thoi
0,1,0.8065,0,0,0.2616,0,0,0.0001,0,0,0.0001,0,0,0.0001,0,0,0.0001,cảm ơn các bạn chả là mình bị tắc đít mấy hôm nay may nhờ có các cmt của các bạn mà mình cười phụt cả cứt ra rồi tks nhiều e cam on cac ban cha la minh bi tac it may hom nay may nho co cac cmt cua cac ban ma minh cuoi phut ca cut ra roi tks nhieu e
0,0,0.0005,0,0,0.0002,0,0,0.0001,0,0,0.0001,0,0,0.0001,0,0,0.0001,đoàn anh thư dìa quê cũng ko yên cẩn thận nha cô bé oan anh thu dia que cung ko yen can than nha co be
0,0,0.0529,0,0,0.0014,0,0,0.0001,0,0,0.0,0,0,0.0001,0,0,0.0001,yêu thế tình vai ca lon e yeu the tinh vai ca lon e
0,0,0.0007,0,0,0.0002,0,0,0.0001,0,0,0.0001,0,0,0.0001,0,0,0.0001,dễ ăn sootr như thế mới sướng de an sootr nhu the moi suong
0,0,0.0074,0,0,0.0007,0,0,0.0,0,0,0.0,0,0,0.0,0,0,0.0,nho lâm sợ người việt từ nước dề kìa chứ bắt đầu ngày mai là miễn thị thực đối vs khách châu âu rồi nho lam so nguoi viet tu nuoc de kia chu bat au ngay mai la mien thi thuc oi vs khach chau au roi
0,0,0.0009,0,0,0.0002,0,0,0.0001,0,0,0.0001,0,0,0.0,0,0,0.0001,sang thái bắn giải xong lại đại diện cho đná đi bắn giải quốc tế thằng nào bảo refund hết thời con cac sang thai ban giai xong lai ai dien cho na i ban giai quoc te thang nao bao refund het thoi con cac
0,0,0.0005,0,0,0.0002,0,0,0.0001,0,0,0.0001,0,0,0.0001,0,0,0.0001,nguyễn như quỳnh haha nguyen nhu quynh haha
0,0,0.0008,0,0,0.0002,0,0,0.0001,0,0,0.0001,0,0,0.0,0,0,0.0001,abe nóng quá abe nong qua
1,1,0.9732,0,0,0.0512,0,0,0.0002,0,0,0.0001,0,0,0.0001,0,0,0.0002,đéo phải cái gì thích thử là thử đc nhá nhất là những thứ liên quan đến vũ trang hay chính trị giờ m sáng tạo ra bom mới m cũng mang ra thử nghiệm ak eo phai cai gi thich thu la thu c nha nhat la nhung thu lien quan en vu trang hay chinh tri gio m sang tao ra bom moi m cung mang ra thu nghiem ak
0,0,0.0005,0,0,0.0002,0,0,0.0001,0,0,0.0001,0,0,0.0001,0,0,0.0001,minh hồng nguyễn có vẻ mình ngược lại thì phải á c minh hong nguyen co ve minh nguoc lai thi phai a c
0,0,0.0005,0,0,0.0002,0,0,0.0001,0,0,0.0001,0,0,0.0001,0,0,0.0001,đang nắng đẹp tranh thủ chụp ảnh ang nang ep tranh thu chup anh
1,1,0.9927,1,1,0.9381,0,0,0.0002,0,0,0.0002,0,0,0.0002,0,0,0.0002,duma hỗm em trúng dc zok k dám chơi nhiều thầy ơi so anh ba giáo án xạo lon duma hom em trung dc zok k dam choi nhieu thay oi so anh ba giao an xao lon
1,1,0.9957,0,0,0.4275,0,0,0.0004,0,0,0.0004,0,0,0.0003,0,0,0.0003,nhìn thấy sợ mẹ rồi ăn con cac j nữa nhin thay so me roi an con cac j nua
0,0,0.0225,0,0,0.0015,0,0,0.0,0,0,0.0,0,0,0.0,0,0,0.0001,con cac những người ế không thích điều này con cac nhung nguoi e khong thich ieu nay
0,0,0.045,0,0,0.0023,0,0,0.0001,0,0,0.0,0,0,0.0,0,0,0.0001,gửi tặng đũn đĩn hàng nghìn cánh hoa cccc gui tang un in hang nghin canh hoa cccc
0,0,0.0005,0,0,0.0002,0,0,0.0001,0,0,0.0001,0,0,0.0001,0,0,0.0001,giống trường mình bắt học onl nhg học phí vẫn đóng đủ như học ở trường giong truong minh bat hoc onl nhg hoc phi van ong u nhu hoc o truong
0,0,0.0005,0,0,0.0002,0,0,0.0001,0,0,0.0001,0,0,0.0001,0,0,0.0001,phòng trương tử la người gốc hoa u nêu la gốc hoa thiêt thi cung phai đê phong ca cai ctâmc cua ông ta người hoa la phai vô cung thân trong phong truong tu la nguoi goc hoa u neu la goc hoa thiet thi cung phai e phong ca cai ctamc cua ong ta nguoi hoa la phai vo cung than trong
1,1,0.9907,1,1,0.5586,0,0,0.0002,0,0,0.0002,0,0,0.0002,0,0,0.0002,lanh dao dang nhau phat bieu coi ai la quan quan phat bieu ngu nhat day ma lanh dao dang nhau phat bieu coi ai la quan quan phat bieu ngu nhat day ma
0,0,0.0006,0,0,0.0002,0,0,0.0001,0,0,0.0001,0,0,0.0001,0,0,0.0001,đấng chíp chất thật ang chip chat that
0,0,0.0012,0,0,0.0002,0,0,0.0,0,0,0.0001,0,0,0.0,0,0,0.0001,cờ giáo hội tựng trưng cho hòa bình công lý ko biết ah co giao hoi tung trung cho hoa binh cong ly ko biet ah
1,1,0.9963,1,1,0.9384,0,0,0.0004,0,0,0.0004,0,0,0.0004,0,0,0.0003,con nay mat dai con nay mat dai
0,1,0.9578,0,0,0.026,0,0,0.0002,0,0,0.0002,0,0,0.0001,0,0,0.0002,xem mà máu dồn lên não luôn xem ma mau don len nao luon
1,0,0.4416,1,0,0.0238,0,0,0.0001,0,0,0.0,0,0,0.0001,0,0,0.0001,vai lon cô e vàng ngọc giới tính gì vậy vai lon co e vang ngoc gioi tinh gi vay
0,0,0.0005,0,0,0.0002,0,0,0.0001,0,0,0.0001,0,0,0.0001,0,0,0.0001,ngoc pham cho vài chiếc ảnh minh hoạ nhỉ ngoc pham cho vai chiec anh minh hoa nhi
0,0,0.0004,0,0,0.0002,0,0,0.0001,0,0,0.0001,0,0,0.0001,0,0,0.0001,nghiên nguyễn cũng là bạn bên phải ở một thời điểm khác ạ hehe nghien nguyen cung la ban ben phai o mot thoi iem khac a hehe
0,0,0.0005,0,0,0.0002,0,0,0.0001,0,0,0.0001,0,0,0.0001,0,0,0.0001,ok a êiiiii ok a eiiiii
1,1,0.9878,0,0,0.0473,0,0,0.0004,0,0,0.0003,0,0,0.0003,0,0,0.0004,nguyễn nhật long vai lon nắc nguyen nhat long vai lon nac
0,0,0.0005,0,0,0.0002,0,0,0.0001,0,0,0.0001,0,0,0.0001,0,0,0.0001,happy new year bộ tộc ơiiiiii happy new year bo toc oiiiiii
0,0,0.0005,0,0,0.0002,0,0,0.0001,0,0,0.0001,0,0,0.0001,0,0,0.0001,có giỏi thì ông ad đứng lên để chứng tỏ mình ko hèn đi v co gioi thi ong ad ung len e chung to minh ko hen i v
0,0,0.0662,0,0,0.0029,0,0,0.0001,0,0,0.0,0,0,0.0001,0,0,0.0001,phan thai đệt t về vn liền phan thai et t ve vn lien
1,1,0.9951,1,1,0.8488,0,0,0.0003,0,0,0.0003,0,0,0.0003,0,0,0.0003,bắn chết mẹ nó đi ban chet me no i
0,0,0.0005,0,0,0.0002,0,0,0.0001,0,0,0.0001,0,0,0.0001,0,0,0.0001,tại ba cả đấy tai ba ca ay
0,0,0.0005,0,0,0.0002,0,0,0.0001,0,0,0.0001,0,0,0.0001,0,0,0.0001,oke abe e oke abe e
0,0,0.0022,0,0,0.0003,0,0,0.0,0,0,0.0,0,0,0.0,0,0,0.0,kinh tế mỹ bây giờ không còn như xưa nữa đâu việt kiều giờ xài tiền căn bản rồi kinh te my bay gio khong con nhu xua nua au viet kieu gio xai tien can ban roi
0,0,0.0005,0,0,0.0002,0,0,0.0001,0,0,0.0001,0,0,0.0001,0,0,0.0001,lê bích loan aichi đấy dịp này may là k có tiền đi chơi ấy le bich loan aichi ay dip nay may la k co tien i choi ay
0,0,0.0005,0,0,0.0002,0,0,0.0001,0,0,0.0001,0,0,0.0001,0,0,0.0001,egiz wish lucky egiz wish lucky
1,1,0.9943,1,1,0.894,0,0,0.0002,0,0,0.0002,0,0,0.0002,0,0,0.0002,gọi trần dần là con tinh trùng khuyết tật goi tran dan la con tinh trung khuyet tat
1,1,0.98,0,1,0.7579,0,0,0.0002,0,0,0.0001,0,0,0.0001,0,0,0.0001,dân mà gạt tay vậy chắc tô lâm nó cho vào tội cưỡng hiếp nun dan ma gat tay vay chac to lam no cho vao toi cuong hiep nun
1,1,0.9921,1,1,0.6594,0,0,0.0002,0,0,0.0002,0,0,0.0002,0,0,0.0002,khắc thành nguyễn phục cái máu lon khac thanh nguyen phuc cai mau lon
0,0,0.0005,0,0,0.0002,0,0,0.0001,0,0,0.0001,0,0,0.0001,0,0,0.0001,ý bạn này có phải là người khác nỗ lực để xắm oto cho bạn ngồi tránh mưa phải không i y ban nay co phai la nguoi khac no luc e xam oto cho ban ngoi tranh mua phai khong i
1,1,0.9964,1,1,0.7013,0,0,0.0003,0,0,0.0004,0,0,0.0003,0,0,0.0003,co ba lon ve khi du no banh xac co ba lon ve khi du no banh xac
1,0,0.0359,0,0,0.0015,0,0,0.0001,0,0,0.0,0,0,0.0,0,0,0.0001,đẹp trai nhau nhà giàu sao ma bi nhũng thế này ep trai nhau nha giau sao ma bi nhung the nay
0,0,0.0576,0,0,0.0031,0,0,0.0001,0,0,0.0,0,0,0.0,0,0,0.0001,chrissy ho thiệt là ko bit kiềm chế j trơn trọi con cac chrissy ho thiet la ko bit kiem che j tron troi con cac
1,1,0.541,0,0,0.2367,0,0,0.0001,0,0,0.0,0,0,0.0001,0,0,0.0001,trông khổ vãi đái mong bác quay về với tổ quốc trong kho vai ai mong bac quay ve voi to quoc
1,1,0.9949,0,1,0.5271,0,0,0.0003,0,0,0.0003,0,0,0.0002,0,0,0.0003,sang vn thành cái l cat khong sang vn thanh cai l cat khong
1,1,0.9463,1,1,0.6984,0,0,0.0001,0,0,0.0001,0,0,0.0001,0,0,0.0001,thầy địt mẹ giả tạo vai lon con cac thay it me gia tao vai lon con cac
0,0,0.0005,0,0,0.0002,0,0,0.0001,0,0,0.0001,0,0,0.0001,0,0,0.0001,stream hôm qua à a stream hom qua a a
0,0,0.0013,0,0,0.0002,0,0,0.0,0,0,0.0001,0,0,0.0,0,0,0.0001,âm tính rồi mà am tinh roi ma
0,0,0.0006,0,0,0.0001,0,0,0.0001,0,0,0.0001,0,0,0.0001,0,0,0.0001,dỗi thực sự ccc doi thuc su ccc
0,0,0.3546,0,0,0.0508,0,0,0.0001,0,0,0.0,0,0,0.0001,0,0,0.0001,quốc thắng chẳng có gì tỏ vẻ ghê gớm ở đây cả các bạn thích các bạn đc vào bày tỏ ý kiến mình k thích thì mình bày tỏ k thích động đả gì đến aiii quoc thang chang co gi to ve ghe gom o ay ca cac ban thich cac ban c vao bay to y kien minh k thich thi minh bay to k thich ong a gi en aiii
0,0,0.0006,0,0,0.0002,0,0,0.0001,0,0,0.0001,0,0,0.0001,0,0,0.0001,hahah hahah
0,0,0.0005,0,0,0.0002,0,0,0.0001,0,0,0.0001,0,0,0.0001,0,0,0.0001,mong cho năm nay thầy vẫn giữ vững phong độ và tiếp tục là ng gác cổng kc ccc mong cho nam nay thay van giu vung phong o va tiep tuc la ng gac cong kc ccc
0,0,0.0005,0,0,0.0002,0,0,0.0001,0,0,0.0001,0,0,0.0001,0,0,0.0001,ko cần hoa ko cần quà chỉ i lời chúc đủ làm ta thấy vui ko can hoa ko can qua chi i loi chuc u lam ta thay vui
0,0,0.0007,0,0,0.0002,0,0,0.0001,0,0,0.0001,0,0,0.0,0,0,0.0001,bữa nay ít chửi nói chuyện nhẹ nhàng hơn livechim duyên dáng nc vs fan vui tính ăn mặc sexy vs chất hơn ủng hộ chị bua nay it chui noi chuyen nhe nhang hon livechim duyen dang nc vs fan vui tinh an mac sexy vs chat hon ung ho chi
0,0,0.0005,0,0,0.0002,0,0,0.0001,0,0,0.0001,0,0,0.0001,0,0,0.0001,nghỉ lâu thế thầy ccc nghi lau the thay ccc
0,0,0.0009,0,0,0.0002,0,0,0.0001,0,0,0.0001,0,0,0.0,0,0,0.0001,đúng vai lon anh ưiiiii ung vai lon anh uiiiii
1,0,0.0009,0,0,0.0002,0,0,0.0001,0,0,0.0001,0,0,0.0,0,0,0.0001,lê chánh huy vai lon nhật văn mình dữ v le chanh huy vai lon nhat van minh du v
0,0,0.0143,0,0,0.0015,0,0,0.0,0,0,0.0,0,0,0.0,0,0,0.0,cac gì bóng của thầy là con chó à hay linh thú nằm trong thầy đây cac gi bong cua thay la con cho a hay linh thu nam trong thay ay
0,0,0.0117,0,0,0.0015,0,0,0.0,0,0,0.0,0,0,0.0,0,0,0.0,có ông cũng thấy vui vui chờ ngày đón cs nhừ qùynh lên xe tăng i kk co ong cung thay vui vui cho ngay on cs nhu quynh len xe tang i kk
0,0,0.0006,0,0,0.0002,0,0,0.0001,0,0,0.0001,0,0,0.0001,0,0,0.0001,có ai lễ mà vẫn ở nhà giống mình không v co ai le ma van o nha giong minh khong v
0,0,0.0006,0,0,0.0002,0,0,0.0001,0,0,0.0001,0,0,0.0001,0,0,0.0001,iige lê đức thọ p ie gò vấp là trạm y tế mà iige le uc tho p ie go vap la tram y te ma
0,0,0.0004,0,0,0.0002,0,0,0.0001,0,0,0.0001,0,0,0.0001,0,0,0.0001,yêu chị minh hiếu quá lisa cai lậy ccc yeu chi minh hieu qua lisa cai lay ccc
0,0,0.0005,0,0,0.0002,0,0,0.0001,0,0,0.0001,0,0,0.0001,0,0,0.0001,chị ba nói chuyện dễ thương quá chi ba noi chuyen de thuong qua
0,0,0.0005,0,0,0.0002,0,0,0.0001,0,0,0.0001,0,0,0.0001,0,0,0.0001,dễ thương quá bé ba ơi de thuong qua be ba oi
0,0,0.0021,0,0,0.0002,0,0,0.0,0,0,0.0,0,0,0.0,0,0,0.0001,chơi hẳn auto để đuổi chúng nó đây con cac choi han auto e uoi chung no ay con cac
0,0,0.0006,0,0,0.0002,0,0,0.0001,0,0,0.0001,0,0,0.0001,0,0,0.0001,nguyễn anh tuấn cộng sản nằm vùng nhâ nguyen anh tuan cong san nam vung nha
0,0,0.0054,0,0,0.0004,0,0,0.0,0,0,0.0,0,0,0.0,0,0,0.0001,cà khịa thầy vai lon cccc ca khia thay vai lon cccc
0,0,0.0005,0,0,0.0002,0,0,0.0001,0,0,0.0001,0,0,0.0001,0,0,0.0001,phong quá khen phong qua khen
0,0,0.0005,0,0,0.0002,0,0,0.0001,0,0,0.0001,0,0,0.0001,0,0,0.0001,sương sương thôi nha suong suong thoi nha
0,0,0.0005,0,0,0.0002,0,0,0.0001,0,0,0.0001,0,0,0.0001,0,0,0.0001,chang le noi la toi nhan chang le noi la toi nhan
0,0,0.0005,0,0,0.0002,0,0,0.0001,0,0,0.0001,0,0,0.0001,0,0,0.0001,thanhks mình hiểu thanhks minh hieu
1,1,0.995,1,1,0.9645,0,0,0.0004,0,0,0.0004,0,0,0.0004,0,0,0.0003,đù cái bọn dlv lại được dịp vào như này mà đòi biểu tình đòi cá cái du me bọn này éo thấy nhục xz thì thôi chứ éo thể nào tả được con cac u cai bon dlv lai uoc dip vao nhu nay ma oi bieu tinh oi ca cai du me bon nay eo thay nhuc xz thi thoi chu eo the nao ta uoc con cac
0,0,0.0005,0,0,0.0002,0,0,0.0001,0,0,0.0001,0,0,0.0001,0,0,0.0001,nguyễn quang thức còn mấy ảnh như này không bro nguyen quang thuc con may anh nhu nay khong bro
0,0,0.0009,0,0,0.0002,0,0,0.0001,0,0,0.0001,0,0,0.0,0,0,0.0001,mũi bi lệch rùi mui bi lech rui
0,0,0.0006,0,0,0.0002,0,0,0.0001,0,0,0.0001,0,0,0.0001,0,0,0.0001,thuyết phục thuyet phuc
0,0,0.0005,0,0,0.0002,0,0,0.0001,0,0,0.0001,0,0,0.0001,0,0,0.0001,lại khịa rồi anh ơi cccc lai khia roi anh oi cccc
0,0,0.0264,0,0,0.0035,0,0,0.0,0,0,0.0,0,0,0.0,0,0,0.0,nếu mà ông này ôm trọn sootr thj chuyện này cũng im lặng luôn và chẳng ai biết suy cho cùng thì tấc cả cũng vì đồng tiền mak thoy nhưng gì thì gì tốt hơn hết tránh xa những thức uống đóng chai sẽ tốt hơn neu ma ong nay om tron sootr thj chuyen nay cung im lang luon va chang ai biet suy cho cung thi tac ca cung vi ong tien mak thoy nhung gi thi gi tot hon het tranh xa nhung thuc uong ong chai se tot hon
0,0,0.0007,0,0,0.0002,0,0,0.0001,0,0,0.0001,0,0,0.0,0,0,0.0001,tui mệt bà quá tui met ba qua
0,0,0.0005,0,0,0.0002,0,0,0.0001,0,0,0.0001,0,0,0.0001,0,0,0.0001,chi tieng nhiều cho e vay vay tram triệu di chi chi tieng nhieu cho e vay vay tram trieu di chi
0,0,0.2174,0,0,0.0063,0,0,0.0001,0,0,0.0001,0,0,0.0001,0,0,0.0001,đừng có vậy nghe hôn m ung co vay nghe hon m
0,0,0.0005,0,0,0.0002,0,0,0.0001,0,0,0.0001,0,0,0.0001,0,0,0.0001,cty e lam khuc thường tín cty e lam khuc thuong tin
0,0,0.3988,0,0,0.0907,0,0,0.0001,0,0,0.0,0,0,0.0001,0,0,0.0001,bùi đức hậu cr nó còn nói với bạn thì nó lại quê vai lon a bui uc hau cr no con noi voi ban thi no lai que vai lon a
0,0,0.0005,0,0,0.0002,0,0,0.0001,0,0,0.0001,0,0,0.0001,0,0,0.0001,tôi xin video với toi xin video voi
0,0,0.0006,0,0,0.0002,0,0,0.0001,0,0,0.0001,0,0,0.0001,0,0,0.0001,thanh trường thanh truong
0,0,0.0009,0,0,0.0002,0,0,0.0001,0,0,0.0001,0,0,0.0,0,0,0.0001,nguyễn thành công thầy cố tình vậy để đỡ mất công biến về đấy nguyen thanh cong thay co tinh vay e o mat cong bien ve ay
1,0,0.0005,1,0,0.0002,0,0,0.0001,0,0,0.0001,0,0,0.0001,0,0,0.0001,thủ tướng lương nghe bảo tầm istr i tháng io căn nhà căn cấp a xây sơ xài ở quê giờ cũng eootr là ít io căn cho e tỷ đi lương thủ tướng i năm ibotr cho là ông ta không xài gì đi vì nhà xe cơm nước đảng lo vậy chắc phải làm thủ tướng gần thu tuong luong nghe bao tam istr i thang io can nha can cap a xay so xai o que gio cung eootr la it io can cho e ty i luong thu tuong i nam ibotr cho la ong ta khong xai gi i vi nha xe com nuoc ang lo vay chac phai lam thu tuong gan
1,1,0.994,1,1,0.9613,0,0,0.0003,0,0,0.0003,0,0,0.0003,0,0,0.0002,lũ bán nước đang ngồi lên mả bố mày ad chủi tiếp đi like lu ban nuoc ang ngoi len ma bo may ad chui tiep i like
0,0,0.0011,0,0,0.0002,0,0,0.0001,0,0,0.0001,0,0,0.0,0,0,0.0001,lại dân chịu chứ ai chịu lai dan chiu chu ai chiu
0,0,0.0006,0,0,0.0002,0,0,0.0001,0,0,0.0001,0,0,0.0001,0,0,0.0001,siêu lạm phát sieu lam phat
0,0,0.0005,0,0,0.0002,0,0,0.0001,0,0,0.0001,0,0,0.0001,0,0,0.0001,ôi anh quang oi anh quang
0,1,0.9827,0,1,0.8921,0,0,0.0002,0,0,0.0001,0,0,0.0002,0,0,0.0001,thằng tủn gì đó nó kêu là bán nc hoa fi thang tun gi o no keu la ban nc hoa fi
1,1,0.9958,0,1,0.811,0,0,0.0003,0,0,0.0003,0,0,0.0003,0,0,0.0002,bớt xạo lon nha bot xao lon nha
0,0,0.0006,0,0,0.0002,0,0,0.0001,0,0,0.0001,0,0,0.0001,0,0,0.0001,tấc nhiêng chỉ lung lay mỗi bộ xay xát thôi tac nhieng chi lung lay moi bo xay xat thoi
0,0,0.0035,0,0,0.0004,0,0,0.0,0,0,0.0,0,0,0.0,0,0,0.0001,qua đấy đừng dạng háng chờ team gánh nha abe dấu bé e qua ay ung dang hang cho team ganh nha abe dau be e
0,0,0.0005,0,0,0.0002,0,0,0.0001,0,0,0.0001,0,0,0.0001,0,0,0.0001,ở việt nam chúng tôi vẫn làm thế o viet nam chung toi van lam the
0,0,0.0148,0,0,0.0009,0,0,0.0,0,0,0.0,0,0,0.0,0,0,0.0001,lam đi ha chi lam i ha chi
0,0,0.0141,0,0,0.0007,0,0,0.0,0,0,0.0,0,0,0.0,0,0,0.0001,nhậu riết rụng hết lông nhau riet rung het long
0,0,0.0006,0,0,0.0002,0,0,0.0001,0,0,0.0001,0,0,0.0001,0,0,0.0001,heloo abe heloo abe
0,0,0.0005,0,0,0.0002,0,0,0.0001,0,0,0.0001,0,0,0.0001,0,0,0.0001,đẹp quá thầy ơi ep qua thay oi
0,0,0.0006,0,0,0.0002,0,0,0.0001,0,0,0.0001,0,0,0.0001,0,0,0.0001,nhà không có gì ăn cả bữa sáng ăn thịt bò thôi bữa trưa ăn cơm với tôm hùm cua hoàng đế do nhà nghèo tối k có cơm ăn nên ra ngoài ăn khách sạn nha khong co gi an ca bua sang an thit bo thoi bua trua an com voi tom hum cua hoang e do nha ngheo toi k co com an nen ra ngoai an khach san
0,0,0.021,0,0,0.0009,0,0,0.0,0,0,0.0,0,0,0.0,0,0,0.0001,có màu rằn ri ko b co mau ran ri ko b
0,0,0.0005,0,0,0.0002,0,0,0.0001,0,0,0.0001,0,0,0.0001,0,0,0.0001,thanh niên thế này ai xem hoạt hình thanh nien the nay ai xem hoat hinh
0,0,0.0005,0,0,0.0002,0,0,0.0001,0,0,0.0001,0,0,0.0001,0,0,0.0001,trần long hahahaha tran long hahahaha
0,0,0.0005,0,0,0.0002,0,0,0.0001,0,0,0.0001,0,0,0.0001,0,0,0.0001,cực kì thuyết phục nha cuc ki thuyet phuc nha
0,0,0.0006,0,0,0.0002,0,0,0.0001,0,0,0.0001,0,0,0.0001,0,0,0.0001,idol tuổi ther cccc giờ đã khác idol tuoi ther cccc gio a khac
1,0,0.0006,1,0,0.0002,0,0,0.0001,0,0,0.0001,0,0,0.0001,0,0,0.0001,phạm tuong không có cái gì cũng tự dưng lôi anh tao vào cái thứ dòng đỗn lì không khịa anh tao thì m bị ngứa tay à pham tuong khong co cai gi cung tu dung loi anh tao vao cai thu dong on li khong khia anh tao thi m bi ngua tay a
1,1,0.9854,0,0,0.0391,0,0,0.0004,0,0,0.0003,0,0,0.0002,0,0,0.0003,việc đéo gì phải nhường nhịn quyền lợi của mình bị xâm phạm mà viec eo gi phai nhuong nhin quyen loi cua minh bi xam pham ma
0,0,0.008,0,0,0.0005,0,0,0.0,0,0,0.0,0,0,0.0,0,0,0.0001,vinh nguyễn nghĩ nó buồn vinh nguyen nghi no buon
0,0,0.0306,0,0,0.0015,0,0,0.0,0,0,0.0,0,0,0.0,0,0,0.0001,minh hiếu đi đâu đep gái quá minh hieu i au ep gai qua
0,0,0.0005,0,0,0.0002,0,0,0.0001,0,0,0.0001,0,0,0.0001,0,0,0.0001,xin vd ạ xin vd a
0,0,0.0005,0,0,0.0002,0,0,0.0001,0,0,0.0001,0,0,0.0001,0,0,0.0001,i love eooo cô i love eooo co
0,0,0.0009,0,0,0.0002,0,0,0.0,0,0,0.0001,0,0,0.0,0,0,0.0001,b ss tại vì ngta ganh tị i là ko đẹp bằng mình z là người ta xấu hơn mình cô biết cách tách ý ghê b ss tai vi ngta ganh ti i la ko ep bang minh z la nguoi ta xau hon minh co biet cach tach y ghe
0,0,0.0005,0,0,0.0002,0,0,0.0001,0,0,0.0001,0,0,0.0001,0,0,0.0001,hoàng thu trang hoang thu trang
0,0,0.0008,0,0,0.0002,0,0,0.0001,0,0,0.0001,0,0,0.0,0,0,0.0001,nhà con đó tài sản cũng khá khá đó khỏi cần phạt tù cứ bắt nó nộp phạt bằng với số tiền tp bỏ ra đc rồi con cac nha con o tai san cung kha kha o khoi can phat tu cu bat no nop phat bang voi so tien tp bo ra c roi con cac
0,1,0.993,0,0,0.3495,0,0,0.0002,0,0,0.0002,0,0,0.0002,0,0,0.0002,du me đéo hiểu sao giờ vẫn hỏi bác thăng ccc báo thì i năm trc rồii câu like vai lon ad ơi du me eo hieu sao gio van hoi bac thang ccc bao thi i nam trc roii cau like vai lon ad oi
0,0,0.0009,0,0,0.0002,0,0,0.0001,0,0,0.0001,0,0,0.0,0,0,0.0001,áo vàng cả áo xanh chơi ống cả nhau ao vang ca ao xanh choi ong ca nhau
0,0,0.0006,0,0,0.0002,0,0,0.0001,0,0,0.0001,0,0,0.0001,0,0,0.0001,chi đẹp chi ep
0,0,0.0487,0,0,0.0036,0,0,0.0001,0,0,0.0,0,0,0.0,0,0,0.0001,con cac rồi đó em về đây con cac roi o em ve ay
0,0,0.001,0,0,0.0002,0,0,0.0001,0,0,0.0001,0,0,0.0,0,0,0.0001,cả đời thì cũng sẽ trở về với cát bụi thôi được trở về quê hương tổ tiên thôi ca oi thi cung se tro ve voi cat bui thoi uoc tro ve que huong to tien thoi
0,0,0.0005,0,0,0.0002,0,0,0.0001,0,0,0.0001,0,0,0.0001,0,0,0.0001,kyo york bạn hát tiếng việt chắc ko hay bang nữa là mà so sánh ha ha kyo york ban hat tieng viet chac ko hay bang nua la ma so sanh ha ha
0,0,0.0006,0,0,0.0002,0,0,0.0001,0,0,0.0001,0,0,0.0001,0,0,0.0001,đúng thực sự ung thuc su
0,0,0.0007,0,0,0.0002,0,0,0.0001,0,0,0.0001,0,0,0.0001,0,0,0.0001,hihi hihi
0,0,0.2369,0,0,0.0206,0,0,0.0001,0,0,0.0,0,0,0.0,0,0,0.0001,chồ ui ăn mặc sẹt si quá chị minh hiếu ơi i cho ui an mac set si qua chi minh hieu oi i
0,0,0.0005,0,0,0.0002,0,0,0.0001,0,0,0.0001,0,0,0.0001,0,0,0.0001,tùng sói từ hành tinh khác đã bay vô thả tim tung soi tu hanh tinh khac a bay vo tha tim
0,1,0.9899,0,0,0.0537,0,0,0.0004,0,0,0.0004,0,0,0.0003,0,0,0.0004,nguyễn thuận không hay thì nói không hay ý kiến cái đéo gì nguyen thuan khong hay thi noi khong hay y kien cai eo gi
0,0,0.0005,0,0,0.0002,0,0,0.0001,0,0,0.0001,0,0,0.0001,0,0,0.0001,toàn thanh niên nghiêm túc v toan thanh nien nghiem tuc v
0,0,0.0007,0,0,0.0002,0,0,0.0001,0,0,0.0001,0,0,0.0001,0,0,0.0001,ao oo oo ao oo oo
1,1,0.8282,1,0,0.4095,0,0,0.0001,0,0,0.0001,0,0,0.0001,0,0,0.0001,ae e cố gắng ở trong nhà tránh dịch nha chết nó chôn tập thể đó e mà chết hết thì ko có ai ăn cứt cho mỹ đâu ae e co gang o trong nha tranh dich nha chet no chon tap the o e ma chet het thi ko co ai an cut cho my au
0,0,0.0007,0,0,0.0002,0,0,0.0001,0,0,0.0001,0,0,0.0001,0,0,0.0001,thịt này là hải cẩu nha thit nay la hai cau nha
0,0,0.0006,0,0,0.0002,0,0,0.0001,0,0,0.0001,0,0,0.0001,0,0,0.0001,ơ thế lưỡi thầy k có đốm à o the luoi thay k co om a
1,0,0.0009,1,0,0.0002,0,0,0.0001,0,0,0.0001,0,0,0.0,0,0,0.0001,cường sirô khắc đông lào cuong siro khac ong lao
1,1,0.9894,1,1,0.8964,0,0,0.0002,0,0,0.0002,0,0,0.0002,0,0,0.0001,atuyen ta chỉ là loại nằm vùng tại mỹ and tiếp tục sống chui rút để thủ lợi như thời vc sống trong bưng dùng e xỏ lá để dành chùi rửa atuyen ta chi la loai nam vung tai my and tiep tuc song chui rut e thu loi nhu thoi vc song trong bung dung e xo la e danh chui rua
0,0,0.0006,0,0,0.0002,0,0,0.0001,0,0,0.0001,0,0,0.0001,0,0,0.0001,châu hạ nghi duma t cười gần chếttt chau ha nghi duma t cuoi gan chettt
0,0,0.0006,0,0,0.0001,0,0,0.0001,0,0,0.0001,0,0,0.0001,0,0,0.0001,thót tim nhưng p dài chút nữa thì hay hơn thot tim nhung p dai chut nua thi hay hon
1,1,0.9947,1,1,0.9614,0,0,0.0003,0,0,0.0003,0,0,0.0004,0,0,0.0003,con linh ca vo nay dang bi hien tuong nung lon gio rat nang dang can bi hiep dam khan cap ca c ban dong y cho mot like con linh ca vo nay dang bi hien tuong nung lon gio rat nang dang can bi hiep dam khan cap ca c ban dong y cho mot like
0,0,0.0005,0,0,0.0002,0,0,0.0001,0,0,0.0001,0,0,0.0001,0,0,0.0001,mình muốn đi học quá minh muon i hoc qua
0,0,0.0005,0,0,0.0002,0,0,0.0001,0,0,0.0001,0,0,0.0001,0,0,0.0001,nghe mắc cười quá nghe mac cuoi qua
0,0,0.0004,0,0,0.0002,0,0,0.0001,0,0,0.0001,0,0,0.0001,0,0,0.0001,giang giang đỗ thị ngọc hà trend mới kìa kìa giang giang o thi ngoc ha trend moi kia kia
0,0,0.0008,0,0,0.0002,0,0,0.0001,0,0,0.0001,0,0,0.0,0,0,0.0001,thành cương tết đóng cửa ngủ con cac thanh cuong tet ong cua ngu con cac
0,0,0.0005,0,0,0.0002,0,0,0.0001,0,0,0.0001,0,0,0.0001,0,0,0.0001,lên ảnh da dẻ a đẹp vll thật len anh da de a ep vll that
0,0,0.0011,0,0,0.0002,0,0,0.0,0,0,0.0001,0,0,0.0,0,0,0.0001,tóc tai như lông gà anh ơi con cac toc tai nhu long ga anh oi con cac
0,0,0.0007,0,0,0.0002,0,0,0.0001,0,0,0.0001,0,0,0.0001,0,0,0.0001,con xài sim mobi con xai sim mobi
1,0,0.0508,1,0,0.0059,0,0,0.0,0,0,0.0,0,0,0.0,0,0,0.0001,deo hiểu mấy đứa ấy nghĩ j nhỉ mà cứ thích lây bệnh cho người khác v deo hieu may ua ay nghi j nhi ma cu thich lay benh cho nguoi khac v
0,0,0.0973,0,0,0.0144,0,0,0.0001,0,0,0.0,0,0,0.0,0,0,0.0001,trần đần này nói cho vui i tran an nay noi cho vui i
0,0,0.0007,0,0,0.0002,0,0,0.0001,0,0,0.0001,0,0,0.0001,0,0,0.0001,vẫn đang phân vân xem có nên đảo k van ang phan van xem co nen ao k
0,0,0.0005,0,0,0.0002,0,0,0.0001,0,0,0.0001,0,0,0.0001,0,0,0.0001,đỗ vân anh đạt cảnh tình này chưa o van anh at canh tinh nay chua
0,0,0.1249,0,0,0.011,0,0,0.0001,0,0,0.0,0,0,0.0,0,0,0.0001,nguyễn hữu luân nói đạo lí nhưng giàu thì luôn đúng nhé con cac nguyen huu luan noi ao li nhung giau thi luon ung nhe con cac
1,0,0.2198,1,0,0.0388,0,0,0.0001,0,0,0.0,0,0,0.0,0,0,0.0001,cần lắm tiếng nói của i dâm loạn viên can lam tieng noi cua i dam loan vien
0,0,0.0006,0,0,0.0002,0,0,0.0001,0,0,0.0001,0,0,0.0001,0,0,0.0001,em thích nhất đoạn đầu em thich nhat oan au
1,1,0.9948,1,1,0.9485,0,0,0.0003,0,0,0.0003,0,0,0.0003,0,0,0.0002,a lúc nào chả xạo lon a luc nao cha xao lon
0,0,0.0275,0,0,0.0043,0,0,0.0,0,0,0.0,0,0,0.0,0,0,0.0,vây ha co mot ngan đô kía co moi vay ha co mot ngan o kia co moi
0,0,0.0005,0,0,0.0002,0,0,0.0001,0,0,0.0001,0,0,0.0001,0,0,0.0001,hóng hóng hong hong
0,0,0.0006,0,0,0.0001,0,0,0.0001,0,0,0.0001,0,0,0.0001,0,0,0.0001,cuối cùng cũng chỉ là kiếm chứ gì cuoi cung cung chi la kiem chu gi
0,0,0.0005,0,0,0.0002,0,0,0.0001,0,0,0.0001,0,0,0.0001,0,0,0.0001,neu anh chi em nao dap con linh dai loan i tran tet mom toi dua sooous neu anh chi em nao dap con linh dai loan i tran tet mom toi dua sooous
0,0,0.0297,0,0,0.0014,0,0,0.0001,0,0,0.0,0,0,0.0,0,0,0.0001,nhìn cái j đeo khẩu trang vào nhin cai j eo khau trang vao
0,0,0.0005,0,0,0.0002,0,0,0.0001,0,0,0.0001,0,0,0.0001,0,0,0.0001,dàn allstar của vn may mắn lắm mới đc cùng chụp hình cùng the shy top lane số i thế giới đến từ sa đéc chứ đùai dan allstar cua vn may man lam moi c cung chup hinh cung the shy top lane so i the gioi en tu sa ec chu uai
0,0,0.0018,0,0,0.0002,0,0,0.0,0,0,0.0,0,0,0.0,0,0,0.0001,mua giày sốp pe để đc giá mềm nhé con cac mua giay sop pe e c gia mem nhe con cac
0,0,0.0005,0,0,0.0002,0,0,0.0001,0,0,0.0001,0,0,0.0001,0,0,0.0001,thuyết phục lắm abe thuyet phuc lam abe
1,0,0.1995,0,0,0.009,0,0,0.0001,0,0,0.0001,0,0,0.0001,0,0,0.0001,loằng ngoằng thì được cái éo gì mà ông thích loằng ngoằng thế lạ vai lon loang ngoang thi uoc cai eo gi ma ong thich loang ngoang the la vai lon
0,0,0.0005,0,0,0.0002,0,0,0.0001,0,0,0.0001,0,0,0.0001,0,0,0.0001,giờ này thì gọi grab ship hàng thui chứ ra đường chi nữa cccc gio nay thi goi grab ship hang thui chu ra uong chi nua cccc
1,1,0.9495,1,0,0.1593,0,0,0.0001,0,0,0.0001,0,0,0.0001,0,0,0.0001,báo chí gì mà nói sạo lộ liễu nản bao chi gi ma noi sao lo lieu nan
0,0,0.0006,0,0,0.0002,0,0,0.0001,0,0,0.0001,0,0,0.0001,0,0,0.0001,ngô phước minh mặt thầy tựa tựa binz sao sao ấy có nào như tao không ngo phuoc minh mat thay tua tua binz sao sao ay co nao nhu tao khong
0,0,0.0008,0,0,0.0002,0,0,0.0001,0,0,0.0001,0,0,0.0001,0,0,0.0001,ngắn quá coi không có đã ngan qua coi khong co a
0,1,0.9497,0,0,0.1165,0,0,0.0001,0,0,0.0001,0,0,0.0001,0,0,0.0001,đu xe như khỉ ấy u xe nhu khi ay
1,1,0.989,1,1,0.8138,0,0,0.0002,0,0,0.0001,0,0,0.0002,0,0,0.0001,nguyễn thuận trước khi phát ngôn ko chịu suy nghĩ xem chủ tus nó nói gì thì ăn chửi là đúng thằng ngu ạ con cac nguyen thuan truoc khi phat ngon ko chiu suy nghi xem chu tus no noi gi thi an chui la ung thang ngu a con cac
1,1,0.9951,1,1,0.9463,0,0,0.0003,0,0,0.0003,0,0,0.0003,0,0,0.0002,mày lại ngu nữaiii mày bị nhồi sọ đến mức không thể biết đâu là biển đâu là bờ ài tội cho m quá may lai ngu nuaiii may bi nhoi so en muc khong the biet au la bien au la bo ai toi cho m qua
0,0,0.0005,0,0,0.0002,0,0,0.0001,0,0,0.0001,0,0,0.0001,0,0,0.0001,ghé fb mình xem váy đồng giá igsk đi ạ ghe fb minh xem vay ong gia igsk i a
1,1,0.9919,0,1,0.8551,0,0,0.0002,0,0,0.0002,0,0,0.0002,0,0,0.0002,dân có phải toàn đầu bó đâu mà đcm lấy cái lý do thuỷ triều đỏ ra loè nhau dan co phai toan au bo au ma cm lay cai ly do thuy trieu o ra loe nhau
0,0,0.0005,0,0,0.0002,0,0,0.0001,0,0,0.0001,0,0,0.0001,0,0,0.0001,facebook bả là gì vậy mn facebook ba la gi vay mn
0,0,0.0005,0,0,0.0002,0,0,0.0001,0,0,0.0001,0,0,0.0001,0,0,0.0001,uầy đc a ưiii uay c a uiii
1,1,0.9915,0,1,0.674,0,0,0.0002,0,0,0.0002,0,0,0.0002,0,0,0.0002,minh anh mai ơ đm bất công ông cmt cái là sắp có ny luôn à con cac minh anh mai o m bat cong ong cmt cai la sap co ny luon a con cac
0,0,0.0008,0,0,0.0002,0,0,0.0001,0,0,0.0001,0,0,0.0,0,0,0.0001,bán hàng siêu thị xác định rồi ban hang sieu thi xac inh roi
0,0,0.0007,0,0,0.0002,0,0,0.0001,0,0,0.0001,0,0,0.0001,0,0,0.0001,bác dần biết mình cũng không còn bao lâu nữa nên đã bắt đầu mở đầu óc ra hiểu lý lẽ thời thế hơn tý rồi đó chờ sự thay đổi từ ngô kỷ thì chắc còn hơi lâu e bac dan biet minh cung khong con bao lau nua nen a bat au mo au oc ra hieu ly le thoi the hon ty roi o cho su thay oi tu ngo ky thi chac con hoi lau e
1,1,0.9928,1,1,0.9537,0,0,0.0003,0,0,0.0002,0,0,0.0003,0,0,0.0002,thủ tướng thì lấy đâu ra ủng hộ nhiều lại bảo là lấy tiền của dân ra ủng hộ tội mấy bác làm lãnh đạo quá có tiền mà k giám tiêu toàn gửi ngân hàng nước ngoài thu tuong thi lay au ra ung ho nhieu lai bao la lay tien cua dan ra ung ho toi may bac lam lanh ao qua co tien ma k giam tieu toan gui ngan hang nuoc ngoai
0,0,0.0006,0,0,0.0002,0,0,0.0001,0,0,0.0001,0,0,0.0001,0,0,0.0001,r a r a
0,0,0.0005,0,0,0.0002,0,0,0.0001,0,0,0.0001,0,0,0.0001,0,0,0.0001,e triệu nhưng nay còn eook e trieu nhung nay con eook
0,1,0.9942,0,1,0.9362,0,0,0.0003,0,0,0.0002,0,0,0.0003,0,0,0.0002,phan nhuệ anh con cac gì vậy má phan nhue anh con cac gi vay ma
0,0,0.0005,0,0,0.0002,0,0,0.0001,0,0,0.0001,0,0,0.0001,0,0,0.0001,mỗi lần thầy cười là e lại cười theo moi lan thay cuoi la e lai cuoi theo
0,0,0.0013,0,0,0.0002,0,0,0.0,0,0,0.0001,0,0,0.0,0,0,0.0001,chỉ có i chữ thương chi co i chu thuong
0,0,0.0006,0,0,0.0002,0,0,0.0001,0,0,0.0001,0,0,0.0001,0,0,0.0001,nguyễn nhung nhung nguyen nhung nhung
1,0,0.0005,1,0,0.0002,0,0,0.0001,0,0,0.0001,0,0,0.0001,0,0,0.0001,nhạ ngọng học sinh thi trường lào là đỗ trường ý nha ngong hoc sinh thi truong lao la o truong y
0,0,0.0006,0,0,0.0002,0,0,0.0001,0,0,0.0001,0,0,0.0001,0,0,0.0001,run men house run men house
1,0,0.003,0,0,0.0003,0,0,0.0,0,0,0.0,0,0,0.0,0,0,0.0001,sáng nghe các đài phát thanh của loa phường ra rả kết luận mà nghe nực cười quá thể hoá ra mấy tháng qua điều tra các kiểu cũng quay lại giả thuyết ban đầu theo i phía trường cung cấp vậy thì điều tra quái gì cứ phán quyết bất chấp ngay từ đầu luôn đi cho gọni quả báo tới từng người bây giời nhanh lắmi sang nghe cac ai phat thanh cua loa phuong ra ra ket luan ma nghe nuc cuoi qua the hoa ra may thang qua ieu tra cac kieu cung quay lai gia thuyet ban au theo i phia truong cung cap vay thi ieu tra quai gi cu phan quyet bat chap ngay tu au luon i cho goni qua bao toi tung nguoi bay gioi nhanh lami
0,0,0.0006,0,0,0.0002,0,0,0.0001,0,0,0.0001,0,0,0.0001,0,0,0.0001,thôi xong vn là điểm đến của hòa bình điểm đến của những danh lam thắng cảnh đẹp mà đâu p nơi di trú hay hay tạm chốn nạn đâu thoi xong vn la iem en cua hoa binh iem en cua nhung danh lam thang canh ep ma au p noi di tru hay hay tam chon nan au
0,1,0.9865,0,1,0.7973,0,0,0.0002,0,0,0.0001,0,0,0.0001,0,0,0.0001,không yêu nước tinh thần này nọ vượng vin kệ xác nó cứ toyota honda mazda bèo cũng hyundai kia mà chơi cho chắc cú khong yeu nuoc tinh than nay no vuong vin ke xac no cu toyota honda mazda beo cung hyundai kia ma choi cho chac cu
0,1,0.9932,0,1,0.9472,0,0,0.0003,0,0,0.0002,0,0,0.0003,0,0,0.0002,sau hôm nay mặt cuốc sư xệ quá vậy nghi nhiễm corona lắm nàc a men tiết nhiên tui là đạo phật màc sau hom nay mat cuoc su xe qua vay nghi nhiem corona lam nac a men tiet nhien tui la ao phat mac
0,0,0.0006,0,0,0.0002,0,0,0.0001,0,0,0.0001,0,0,0.0001,0,0,0.0001,cực kì thất nghiệp c cuc ki that nghiep c
0,0,0.0023,0,0,0.0003,0,0,0.0,0,0,0.0,0,0,0.0,0,0,0.0,hô ng việt dùng hàng việt đâu hết rồi làm mẫu đi chứ ho ng viet dung hang viet au het roi lam mau i chu
0,0,0.0005,0,0,0.0002,0,0,0.0001,0,0,0.0001,0,0,0.0001,0,0,0.0001,đây mới là lý do tú chia tay abe ay moi la ly do tu chia tay abe
0,0,0.0005,0,0,0.0002,0,0,0.0001,0,0,0.0001,0,0,0.0001,0,0,0.0001,xem mèo tôm bị bản quyền là bay jeenh đấy xem meo tom bi ban quyen la bay jeenh ay
1,0,0.0008,1,0,0.0002,0,0,0.0001,0,0,0.0001,0,0,0.0,0,0,0.0001,tùng hỏng cccc tung hong cccc
0,1,0.7717,0,0,0.401,0,0,0.0001,0,0,0.0,0,0,0.0001,0,0,0.0001,đội quân khùng khậu ủng hộ ae hồng công oi quan khung khau ung ho ae hong cong
0,0,0.0008,0,0,0.0002,0,0,0.0001,0,0,0.0001,0,0,0.0,0,0,0.0001,cần info áo can info ao
0,0,0.0006,0,0,0.0002,0,0,0.0001,0,0,0.0001,0,0,0.0001,0,0,0.0001,bữa nay có thêm chị trang đi lang thang từ ea đen eb rui và còn hơn nữa bua nay co them chi trang i lang thang tu ea en eb rui va con hon nua
1,0,0.0008,1,0,0.0002,0,0,0.0001,0,0,0.0001,0,0,0.0,0,0,0.0001,kính gửi barack ngài nên học cách sống đế vương như bọn anh đây khaaaaaa khaaaa kinh gui barack ngai nen hoc cach song e vuong nhu bon anh ay khaaaaaa khaaaa
0,1,0.685,0,0,0.2158,0,0,0.0001,0,0,0.0001,0,0,0.0001,0,0,0.0001,các anh xin ghi nhận sữ lỗ nực của em cac anh xin ghi nhan su lo nuc cua em
0,1,0.9713,0,0,0.4754,0,0,0.0001,0,0,0.0001,0,0,0.0001,0,0,0.0001,linh chó biệt danh linh cau linh cho biet danh linh cau
0,0,0.0005,0,0,0.0002,0,0,0.0001,0,0,0.0001,0,0,0.0001,0,0,0.0001,ngô tấn hưng trình thầy ba hơn chứ ông duke có bao giờ dám cầm poppy fl cướp red chưa ngo tan hung trinh thay ba hon chu ong duke co bao gio dam cam poppy fl cuop red chua
0,0,0.0004,0,0,0.0002,0,0,0.0001,0,0,0.0001,0,0,0.0001,0,0,0.0001,ii năm đấy các ông ah ii nam ay cac ong ah
0,0,0.0005,0,0,0.0002,0,0,0.0001,0,0,0.0001,0,0,0.0001,0,0,0.0001,nguyễn bảo trung t cũng ko bt nữa nguyen bao trung t cung ko bt nua
0,0,0.0006,0,0,0.0002,0,0,0.0001,0,0,0.0001,0,0,0.0001,0,0,0.0001,nguyễn trọng quốc nguyễn khánh toàn chứ trần cái gì nguyen trong quoc nguyen khanh toan chu tran cai gi
0,0,0.0005,0,0,0.0002,0,0,0.0001,0,0,0.0001,0,0,0.0001,0,0,0.0001,nguyễn đào nguyên nguyen ao nguyen
0,0,0.0011,0,0,0.0002,0,0,0.0,0,0,0.0001,0,0,0.0,0,0,0.0,https youtu befpgqggppeow mọi người vô xem xe hiểu tại sao bac này bị đồn này tôi nghĩ là vị này đã tiên đoán đất nước mỹ bị dịch bệnh tấn công https youtu befpgqggppeow moi nguoi vo xem xe hieu tai sao bac nay bi on nay toi nghi la vi nay a tien oan at nuoc my bi dich benh tan cong
0,0,0.0011,0,0,0.0002,0,0,0.0,0,0,0.0001,0,0,0.0,0,0,0.0001,dân chơi nhìn phát biết ngay ông già thằng sói cccccc dan choi nhin phat biet ngay ong gia thang soi cccccc
1,1,0.9867,1,1,0.8931,0,0,0.0002,0,0,0.0002,0,0,0.0002,0,0,0.0001,khả năng thằng ad chỉ có thế thông cảm kha nang thang ad chi co the thong cam
0,1,0.9904,0,0,0.1033,0,0,0.0003,0,0,0.0003,0,0,0.0002,0,0,0.0003,xàm quá đó là phá hoại chứ giỏi cái gì xam qua o la pha hoai chu gioi cai gi
0,0,0.0006,0,0,0.0002,0,0,0.0001,0,0,0.0001,0,0,0.0001,0,0,0.0001,trên tream nhìn nhỏ hơn tren tream nhin nho hon
0,0,0.0005,0,0,0.0002,0,0,0.0001,0,0,0.0001,0,0,0.0001,0,0,0.0001,lê nhật bạn thân ơi duyên số sinh ra chúng mình le nhat ban than oi duyen so sinh ra chung minh
0,0,0.4996,0,0,0.0343,0,0,0.0001,0,0,0.0,0,0,0.0001,0,0,0.0001,fake và xịn thế thôi tốt nhất đeo thượng đình cho thượng đẳng fake va xin the thoi tot nhat eo thuong inh cho thuong ang
0,0,0.0007,0,0,0.0002,0,0,0.0001,0,0,0.0001,0,0,0.0,0,0,0.0001,chung bị dân việt chơi đến cùng chung bi dan viet choi en cung
0,0,0.0005,0,0,0.0001,0,0,0.0001,0,0,0.0001,0,0,0.0001,0,0,0.0001,ỳe ỳe ỳe e ye ye ye e
0,0,0.0005,0,0,0.0002,0,0,0.0001,0,0,0.0001,0,0,0.0001,0,0,0.0001,mai là tròn ia ngày kể từ hôm đó hi vọng ko sao mai la tron ia ngay ke tu hom o hi vong ko sao
1,1,0.9515,1,1,0.7668,0,0,0.0001,0,0,0.0001,0,0,0.0001,0,0,0.0001,cái thớt idol live này đăng tin toàn để chúng chửi con cac cai thot idol live nay ang tin toan e chung chui con cac
0,0,0.0006,0,0,0.0002,0,0,0.0001,0,0,0.0001,0,0,0.0001,0,0,0.0001,ra đường bọn nó đều có cặp có đôi một đứa fa như t sao chịu nổi ra uong bon no eu co cap co oi mot ua fa nhu t sao chiu noi
0,0,0.0012,0,0,0.0002,0,0,0.0001,0,0,0.0001,0,0,0.0,0,0,0.0001,nghi vu khống à ccc nghi vu khong a ccc
0,0,0.0007,0,0,0.0002,0,0,0.0001,0,0,0.0001,0,0,0.0001,0,0,0.0001,uk uk
0,0,0.0005,0,0,0.0002,0,0,0.0001,0,0,0.0001,0,0,0.0001,0,0,0.0001,thầy tuu thay tuu
0,0,0.0142,0,0,0.0008,0,0,0.0,0,0,0.0,0,0,0.0,0,0,0.0001,vì mao tội lớn và khó che đậy vi mao toi lon va kho che ay
0,0,0.0005,0,0,0.0002,0,0,0.0001,0,0,0.0001,0,0,0.0001,0,0,0.0001,ccc coi xem fb r khẩu nghiệp ccc coi xem fb r khau nghiep
0,0,0.0005,0,0,0.0002,0,0,0.0001,0,0,0.0001,0,0,0.0001,0,0,0.0001,kem dâu e ck tăng thanh hà kem dau e ck tang thanh ha
0,0,0.0005,0,0,0.0002,0,0,0.0001,0,0,0.0001,0,0,0.0001,0,0,0.0001,thái thuỳ trang ok bro thai thuy trang ok bro
0,0,0.0005,0,0,0.0002,0,0,0.0001,0,0,0.0001,0,0,0.0001,0,0,0.0001,lung linh là lên luôn lung linh la len luon
0,0,0.0006,0,0,0.0002,0,0,0.0001,0,0,0.0001,0,0,0.0001,0,0,0.0001,không lối thoát tiến k được lùi cũng không xong khong loi thoat tien k uoc lui cung khong xong
0,0,0.0004,0,0,0.0002,0,0,0.0001,0,0,0.0001,0,0,0.0001,0,0,0.0001,một nhà sư thái lan đã bày tỏ cảm súc về video này mot nha su thai lan a bay to cam suc ve video nay
0,1,0.9941,0,1,0.9472,0,0,0.0003,0,0,0.0003,0,0,0.0003,0,0,0.0002,tiec cho gd bac sy qua con vi rut nay that nguy h on troi nuoc việt nami minh con may man nheu tiec cho gd bac sy qua con vi rut nay that nguy h on troi nuoc viet nami minh con may man nheu
0,0,0.0005,0,0,0.0002,0,0,0.0001,0,0,0.0001,0,0,0.0001,0,0,0.0001,chị ơi chị có làm từ thiện thì em xin nhờ chị giúp dùm cho một người có được không nếu chị muốn giúp cho họ thì chị cứ gọi điện thoại cho họ số điện thoại oga gzi eeea người này là người khuyết tật hiện nay rất khổ cũng đang làm thuốc nam từ thiện chi oi chi co lam tu thien thi em xin nho chi giup dum cho mot nguoi co uoc khong neu chi muon giup cho ho thi chi cu goi ien thoai cho ho so ien thoai oga gzi eeea nguoi nay la nguoi khuyet tat hien nay rat kho cung ang lam thuoc nam tu thien
0,0,0.0005,0,0,0.0002,0,0,0.0001,0,0,0.0001,0,0,0.0001,0,0,0.0001,cảm ơn thầy yêu thầy cam on thay yeu thay
1,1,0.995,1,1,0.9627,0,0,0.0004,0,0,0.0004,0,0,0.0004,0,0,0.0003,thằng lon này chỉ biết tham mu chứ biết con cac gì thang lon nay chi biet tham mu chu biet con cac gi
0,0,0.0005,0,0,0.0002,0,0,0.0001,0,0,0.0001,0,0,0.0001,0,0,0.0001,linh nấu làm được gì nữa làm đi linh nau lam uoc gi nua lam i
0,0,0.3095,0,0,0.0887,0,0,0.0001,0,0,0.0,0,0,0.0,0,0,0.0001,em chẳng biết sao xem trên youtube thấy fan rf bị chửi quá trời chắc cũng do nhiều bạn nói chuyện vô văn hóa quá mình bắn cbs thì cổ vũ còn md bắn mình thì chửi các bạn yêu thích rf thì cũng mên yêu thích lại ý thức của mình đừng để ngta vơ đũa cả nắm em chang biet sao xem tren youtube thay fan rf bi chui qua troi chac cung do nhieu ban noi chuyen vo van hoa qua minh ban cbs thi co vu con md ban minh thi chui cac ban yeu thich rf thi cung men yeu thich lai y thuc cua minh ung e ngta vo ua ca nam
0,0,0.0004,0,0,0.0002,0,0,0.0001,0,0,0.0001,0,0,0.0001,0,0,0.0001,em được làm fan cứng luôn rồi nè reaction quá hay quá cute coi mấy giờ này quá hợp lí em uoc lam fan cung luon roi ne reaction qua hay qua cute coi may gio nay qua hop li
0,0,0.001,0,0,0.0002,0,0,0.0,0,0,0.0001,0,0,0.0,0,0,0.0001,chửi một bị đánh sao chời chửi cả một đất nước thì có người còn thương chớ chui mot bi anh sao choi chui ca mot at nuoc thi co nguoi con thuong cho
0,0,0.0007,0,0,0.0002,0,0,0.0001,0,0,0.0001,0,0,0.0001,0,0,0.0001,câu nói vô dụng nhất game cau noi vo dung nhat game
1,1,0.9957,0,1,0.9401,0,0,0.0003,0,0,0.0003,0,0,0.0003,0,0,0.0003,nguyễn trọng thái đợi cái lon thêm e chữ địt chị mày nữa nhé nguyen trong thai oi cai lon them e chu it chi may nua nhe
0,0,0.0005,0,0,0.0002,0,0,0.0001,0,0,0.0001,0,0,0.0001,0,0,0.0001,fl duck fuu mình trả bằng pos iaz fl duck fuu minh tra bang pos iaz
0,0,0.0005,0,0,0.0002,0,0,0.0001,0,0,0.0001,0,0,0.0001,0,0,0.0001,mê tik tok xem cười muốn chết kkk me tik tok xem cuoi muon chet kkk
0,0,0.0005,0,0,0.0002,0,0,0.0001,0,0,0.0001,0,0,0.0001,0,0,0.0001,lê đinh cường ko lẽ trên đời này có i chiếc anh z le inh cuong ko le tren oi nay co i chiec anh z
0,0,0.0015,0,0,0.0002,0,0,0.0,0,0,0.0,0,0,0.0,0,0,0.0001,uiii đk thực sự uiii k thuc su
0,0,0.0005,0,0,0.0002,0,0,0.0001,0,0,0.0001,0,0,0.0001,0,0,0.0001,iu tha y ee iu tha y ee
0,0,0.0006,0,0,0.0002,0,0,0.0001,0,0,0.0001,0,0,0.0001,0,0,0.0001,sẵn đây e nói lun hôm bữa e có nhặt được cộng lông ở nhà nghỉ ac nào đánh rơi thì tìm e e cho xin lại san ay e noi lun hom bua e co nhat uoc cong long o nha nghi ac nao anh roi thi tim e e cho xin lai
0,0,0.0011,0,0,0.0002,0,0,0.0001,0,0,0.0001,0,0,0.0,0,0,0.0001,buồn nhỉ buon nhi
0,0,0.0008,0,0,0.0002,0,0,0.0001,0,0,0.0001,0,0,0.0,0,0,0.0001,phu nguyen sửa chữ thôi chứ ngọng gì anh em bên tre cũng gọi li quăng phu nguyen sua chu thoi chu ngong gi anh em ben tre cung goi li quang
1,0,0.0005,1,0,0.0002,0,0,0.0001,0,0,0.0001,0,0,0.0001,0,0,0.0001,quang minh best xiaolin v quang minh best xiaolin v
0,0,0.0259,0,0,0.0012,0,0,0.0001,0,0,0.0,0,0,0.0,0,0,0.0001,chie oi cho con xin lam oxin cho ce nhe cung ce va ah chie oi cho con xin lam oxin cho ce nhe cung ce va ah
0,0,0.0005,0,0,0.0001,0,0,0.0001,0,0,0.0001,0,0,0.0001,0,0,0.0001,em làm thế từ đó bị ế em lam the tu o bi e
0,0,0.0005,0,0,0.0002,0,0,0.0001,0,0,0.0001,0,0,0.0001,0,0,0.0001,ơ k icm là ca sĩ hả o k icm la ca si ha
0,0,0.2999,0,0,0.0202,0,0,0.0001,0,0,0.0001,0,0,0.0001,0,0,0.0001,hằng bắp hôm e bị đấy là con sứa hang bap hom e bi ay la con sua
1,1,0.9885,1,0,0.4583,0,0,0.0002,0,0,0.0001,0,0,0.0001,0,0,0.0001,xaolol riết quen cô ba ơi xaolol riet quen co ba oi
0,0,0.0004,0,0,0.0002,0,0,0.0001,0,0,0.0001,0,0,0.0001,0,0,0.0001,duy trần cho xin video vs bạn ơi duy tran cho xin video vs ban oi
0,0,0.0005,0,0,0.0002,0,0,0.0001,0,0,0.0001,0,0,0.0001,0,0,0.0001,a lớp du chu cà mo a lop du chu ca mo
0,0,0.0004,0,0,0.0002,0,0,0.0001,0,0,0.0001,0,0,0.0001,0,0,0.0001,tran anh duc theo dõi gửi vd nha ông tran anh duc theo doi gui vd nha ong
1,0,0.0008,0,0,0.0002,0,0,0.0001,0,0,0.0001,0,0,0.0,0,0,0.0001,ăn điêu nói hớt quen an ieu noi hot quen
1,0,0.0329,1,0,0.0028,0,0,0.0,0,0,0.0,0,0,0.0,0,0,0.0,một số lớn người vn phải xếp vào một trong những dân tộc tàn độc nhất thế giới mục tiêu là chủ nghĩa cá nhân là trên hết mot so lon nguoi vn phai xep vao mot trong nhung dan toc tan oc nhat the gioi muc tieu la chu nghia ca nhan la tren het
0,0,0.0005,0,0,0.0002,0,0,0.0001,0,0,0.0001,0,0,0.0001,0,0,0.0001,có vẻ là người nổi tiếng v co ve la nguoi noi tieng v
0,0,0.0006,0,0,0.0002,0,0,0.0001,0,0,0.0001,0,0,0.0001,0,0,0.0001,nhà thơ làm thủ tướngctố hữuc nha tho lam thu tuongcto huuc
1,1,0.9947,0,1,0.9351,0,0,0.0003,0,0,0.0003,0,0,0.0003,0,0,0.0002,atiktok official nói k lại rooid phán là chó hùa t chúng tao đang nói đây đéo phải hàng real bớt xl lại đéo có fan của ai đây hết bán vậy rồi nghiệp quật thử nghỉ cha mẹ bây uống thuốc chống đột quỵ mà trúng thuốc giả rồi k có tác dụng rồi sao đéo biết suy nghỉ ừ hàng giả nói giả rẻ cũng chạy bày đặt real hàng pháp xạo l atiktok official noi k lai rooid phan la cho hua t chung tao ang noi ay eo phai hang real bot xl lai eo co fan cua ai ay het ban vay roi nghiep quat thu nghi cha me bay uong thuoc chong ot quy ma trung thuoc gia roi k co tac dung roi sao eo biet suy nghi u hang gia noi gia re cung chay bay at real hang phap xao l
1,0,0.0005,1,0,0.0002,0,0,0.0001,0,0,0.0001,0,0,0.0001,0,0,0.0001,abe bu cu abe bu cu
0,0,0.0006,0,0,0.0002,0,0,0.0001,0,0,0.0001,0,0,0.0001,0,0,0.0001,tụi bay sao nỡ cướp miếng cơm của thầy c mà thầy nói nhưng không làm tui bay sao no cuop mieng com cua thay c ma thay noi nhung khong lam
1,1,0.9946,0,1,0.8821,0,0,0.0002,0,0,0.0002,0,0,0.0002,0,0,0.0002,k hèn thì lấy cứt nuôi bụng bầu ah k hen thi lay cut nuoi bung bau ah
1,1,0.9947,0,1,0.923,0,0,0.0003,0,0,0.0002,0,0,0.0003,0,0,0.0002,chào thầy ba girl nung vai ca lon chao thay ba girl nung vai ca lon
0,0,0.0015,0,0,0.0002,0,0,0.0,0,0,0.0001,0,0,0.0,0,0,0.0001,mẹ chứ hk phải vợ đâu me chu hk phai vo au
0,0,0.0005,0,0,0.0002,0,0,0.0001,0,0,0.0001,0,0,0.0001,0,0,0.0001,linh chi nhạc của jack trước giờ luôn có đặc thù như vậy nghe lần i chưa hề qua lần z lần e mới thấy oke duyệt linh chi nhac cua jack truoc gio luon co ac thu nhu vay nghe lan i chua he qua lan z lan e moi thay oke duyet
0,0,0.0005,0,0,0.0002,0,0,0.0001,0,0,0.0001,0,0,0.0001,0,0,0.0001,nguyễn bảo nguyen bao minh lời hứa năm xưa nguyen bao nguyen bao minh loi hua nam xua
0,0,0.0005,0,0,0.0002,0,0,0.0001,0,0,0.0001,0,0,0.0001,0,0,0.0001,quá chất abe ơi qua chat abe oi
0,0,0.0006,0,0,0.0002,0,0,0.0001,0,0,0.0001,0,0,0.0001,0,0,0.0001,cang ngay hieu cang đep duyen lam em cang ngay hieu cang ep duyen lam em
1,1,0.9951,1,1,0.9602,0,0,0.0004,0,0,0.0004,0,0,0.0004,0,0,0.0003,mat day qua bac ky lam gi den linh dien ma dam chui tat ca bac ky nhu vay mat day qua bac ky lam gi den linh dien ma dam chui tat ca bac ky nhu vay
0,0,0.1453,0,0,0.0059,0,0,0.0001,0,0,0.0001,0,0,0.0001,0,0,0.0001,chửi vừa lòng vai lon chui vua long vai lon
0,1,0.9401,0,0,0.3395,0,0,0.0002,0,0,0.0001,0,0,0.0002,0,0,0.0002,tử hình còn j nữa tu hinh con j nua
0,1,0.9602,0,0,0.0341,0,0,0.0002,0,0,0.0002,0,0,0.0001,0,0,0.0002,khổ con cac kho con cac
0,0,0.0006,0,0,0.0002,0,0,0.0001,0,0,0.0001,0,0,0.0001,0,0,0.0001,cay chứ v cay chu v
0,0,0.0027,0,0,0.0003,0,0,0.0,0,0,0.0,0,0,0.0,0,0,0.0,khi mày mặc quần trong đắt hơn quần ngoài con cac khi may mac quan trong at hon quan ngoai con cac
1,0,0.0005,1,0,0.0002,0,0,0.0001,0,0,0.0001,0,0,0.0001,0,0,0.0001,ba gà ba ga
1,1,0.991,0,0,0.0675,0,0,0.0004,0,0,0.0004,0,0,0.0003,0,0,0.0004,nghe mà muốn đập cái đth đm ccc nghe ma muon ap cai th m ccc
0,0,0.0005,0,0,0.0002,0,0,0.0001,0,0,0.0001,0,0,0.0001,0,0,0.0001,hồng thắm vy triệu phi philê ngọc hân mừng rớt nước mắt haha hong tham vy trieu phi phile ngoc han mung rot nuoc mat haha
0,0,0.0211,0,0,0.0021,0,0,0.0,0,0,0.0,0,0,0.0,0,0,0.0,chán thầy chan thay
0,0,0.0014,0,0,0.0004,0,0,0.0,0,0,0.0001,0,0,0.0,0,0,0.0001,cô này chủ vlxd giàu có và chuyên từ thiện luôn nhaaa bạn bớt nói cho bớt nghiệppp co nay chu vlxd giau co va chuyen tu thien luon nhaaa ban bot noi cho bot nghieppp
1,1,0.8347,1,0,0.1951,0,0,0.0001,0,0,0.0001,0,0,0.0001,0,0,0.0001,người ta chuyển giới nc giống đàn bà con gái còn lâm khách chi giọng như vịt đực í nhỉ nguoi ta chuyen gioi nc giong an ba con gai con lam khach chi giong nhu vit uc i nhi
1,1,0.588,1,0,0.0293,0,0,0.0001,0,0,0.0,0,0,0.0001,0,0,0.0001,tộc trưởng nói nghe xàm cac nhưng em thích ccc toc truong noi nghe xam cac nhung em thich ccc
0,1,0.9817,0,0,0.0397,0,0,0.0003,0,0,0.0002,0,0,0.0002,0,0,0.0003,nhieu tuoi mak theo vet xe do c mat l ol nhieu tuoi mak theo vet xe do c mat l ol
0,0,0.0005,0,0,0.0002,0,0,0.0001,0,0,0.0001,0,0,0.0001,0,0,0.0001,cười xỉu lun má ơi cô có duyên quá like cho cô cuoi xiu lun ma oi co co duyen qua like cho co
0,0,0.0005,0,0,0.0002,0,0,0.0001,0,0,0.0001,0,0,0.0001,0,0,0.0001,sao chi noi tieng de thuong qua chi oi nam nay chi bao nhieu tuoi roi chi dep gai qua chi oi sao chi noi tieng de thuong qua chi oi nam nay chi bao nhieu tuoi roi chi dep gai qua chi oi
0,0,0.1201,0,0,0.013,0,0,0.0001,0,0,0.0,0,0,0.0,0,0,0.0001,thùy dươn con cac thuy duon con cac
0,0,0.0007,0,0,0.0001,0,0,0.0001,0,0,0.0001,0,0,0.0,0,0,0.0001,nghe lần đầu thấy ko hay mấy lần sau nghe lại nghiện nghe lan au thay ko hay may lan sau nghe lai nghien
0,0,0.0009,0,0,0.0002,0,0,0.0001,0,0,0.0001,0,0,0.0,0,0,0.0001,thời nay biết mặt không biết lòng thôi thì cứ để xem cho kĩ hẳn nói thoi nay biet mat khong biet long thoi thi cu e xem cho ki han noi
1,1,0.995,0,1,0.9625,0,0,0.0004,0,0,0.0004,0,0,0.0004,0,0,0.0003,loại này chỉ có đút cu vào mồm loai nay chi co ut cu vao mom
0,0,0.0005,0,0,0.0002,0,0,0.0001,0,0,0.0001,0,0,0.0001,0,0,0.0001,chúc cô panda và thầy ba và bò viên và các bạn nữ trong lớp zoio vui vẻ e chuc co panda va thay ba va bo vien va cac ban nu trong lop zoio vui ve e
0,1,0.8679,0,1,0.6463,0,0,0.0001,0,0,0.0001,0,0,0.0001,0,0,0.0001,lay cai quai zi lam nen tang lay cai quai zi lam nen tang
1,1,0.9927,0,1,0.5521,0,0,0.0002,0,0,0.0002,0,0,0.0002,0,0,0.0002,cho vào tù cách ly mẹ đi cho vao tu cach ly me i
0,0,0.0005,0,0,0.0002,0,0,0.0001,0,0,0.0001,0,0,0.0001,0,0,0.0001,vào đây kiếm thóc nè các trò của abe liên hệ mình để nhận ưu đãi etr nè vao ay kiem thoc ne cac tro cua abe lien he minh e nhan uu ai etr ne
0,0,0.0005,0,0,0.0002,0,0,0.0001,0,0,0.0001,0,0,0.0001,0,0,0.0001,hoa minaa cực kì hoa minaa cuc ki
1,0,0.0006,1,0,0.0002,0,0,0.0001,0,0,0.0001,0,0,0.0001,0,0,0.0001,trong khi thế giới đang đi lên thì nước mình lại đi xuống trong khi the gioi ang i len thi nuoc minh lai i xuong
0,0,0.0005,0,0,0.0002,0,0,0.0001,0,0,0.0001,0,0,0.0001,0,0,0.0001,năm nay chị bao nhiêu tuổi nam nay chi bao nhieu tuoi
0,0,0.0008,0,0,0.0002,0,0,0.0001,0,0,0.0001,0,0,0.0,0,0,0.0001,tập này minh tuân cười không nhặt được mồm tap nay minh tuan cuoi khong nhat uoc mom
0,0,0.0005,0,0,0.0002,0,0,0.0001,0,0,0.0001,0,0,0.0001,0,0,0.0001,gửi thầy gui thay
0,0,0.0006,0,0,0.0002,0,0,0.0001,0,0,0.0001,0,0,0.0001,0,0,0.0001,lily trịnh đang từ bê vác lên bấm order khệnh tự nhiên nhận i tin quán sập lily trinh ang tu be vac len bam order khenh tu nhien nhan i tin quan sap
1,1,0.9949,1,1,0.9627,0,0,0.0004,0,0,0.0003,0,0,0.0004,0,0,0.0003,nhục cho bạn này là con dân nước việt đang góp phần chia re thuần hoá dân tộc và thủ tục dân nước cho bọn trung quốc đến khi mất nước vào tay bọn tq thì nó là tội nhân thiên cổ nhuc cho ban nay la con dan nuoc viet ang gop phan chia re thuan hoa dan toc va thu tuc dan nuoc cho bon trung quoc en khi mat nuoc vao tay bon tq thi no la toi nhan thien co
0,0,0.0121,0,0,0.0007,0,0,0.0,0,0,0.0,0,0,0.0,0,0,0.0001,chạ bù cho cty s cha bu cho cty s
1,1,0.954,1,1,0.7892,0,0,0.0001,0,0,0.0001,0,0,0.0001,0,0,0.0001,bọn bò thì vẫn bảo nhau rằng tự hào vì ông chủ mình thật giàu bon bo thi van bao nhau rang tu hao vi ong chu minh that giau
1,1,0.992,0,1,0.9291,0,0,0.0002,0,0,0.0002,0,0,0.0002,0,0,0.0001,trời đất dân dừng xe vô tình cán vạch hoặc đi cán làn mà chỉ dừng xe nhắc nhở không xử phạt sao các anh khác xa mấy con cđịnh bảo con chó nhung thấy xúc phạm con chó quác ở hải phòng quá vậy chúng nó tìm đủ mọi cách bày binh bố trận để dân hở troi at dan dung xe vo tinh can vach hoac i can lan ma chi dung xe nhac nho khong xu phat sao cac anh khac xa may con c inh bao con cho nhung thay xuc pham con cho quac o hai phong qua vay chung no tim u moi cach bay binh bo tran e dan ho
0,0,0.0005,0,0,0.0002,0,0,0.0001,0,0,0.0001,0,0,0.0001,0,0,0.0001,link này nhìn chất lượng z link nay nhin chat luong z
0,0,0.0007,0,0,0.0001,0,0,0.0001,0,0,0.0001,0,0,0.0001,0,0,0.0001,mệt chả buồn giải thích nữa met cha buon giai thich nua
0,0,0.0006,0,0,0.0002,0,0,0.0001,0,0,0.0001,0,0,0.0001,0,0,0.0001,thương hiệu của chú độ thuong hieu cua chu o
0,0,0.0127,0,0,0.0006,0,0,0.0,0,0,0.0,0,0,0.0,0,0,0.0001,xin người con cac xin nguoi con cac
1,0,0.0007,1,0,0.0002,0,0,0.0001,0,0,0.0001,0,0,0.0,0,0,0.0001,tưởng a lên tiếng gì chứ hoá ra giữ thể diện à đúng là người hay nói triết lí thì sống như vẫn phải nói là dạo này a lọt top show chart chỉ sau zo du khách hàn quốc thôi ạ tuong a len tieng gi chu hoa ra giu the dien a ung la nguoi hay noi triet li thi song nhu van phai noi la dao nay a lot top show chart chi sau zo du khach han quoc thoi a
1,1,0.9942,1,1,0.9611,0,0,0.0003,0,0,0.0003,0,0,0.0003,0,0,0.0003,mày nói như lon bọn đa cấp nó đóng thuế còn gấp chục lần doanh nghiệp tao cho thằng thớt ăn lon không oan chứ thằng bên dưới may noi nhu lon bon a cap no ong thue con gap chuc lan doanh nghiep tao cho thang thot an lon khong oan chu thang ben duoi
0,1,0.9884,0,0,0.1378,0,0,0.0002,0,0,0.0002,0,0,0.0002,0,0,0.0002,động não con cac ong nao con cac
0,0,0.0005,0,0,0.0002,0,0,0.0001,0,0,0.0001,0,0,0.0001,0,0,0.0001,t thấy quen quen kim chi kim ngân helen vy nguyen cỏ xanh t thay quen quen kim chi kim ngan helen vy nguyen co xanh
0,0,0.0005,0,0,0.0002,0,0,0.0001,0,0,0.0001,0,0,0.0001,0,0,0.0001,gặp trường hợp này e thường chạy qua bàn khác e gap truong hop nay e thuong chay qua ban khac e
0,0,0.0013,0,0,0.0002,0,0,0.0,0,0,0.0001,0,0,0.0,0,0,0.0001,ciel phạm biết là ngta làm hời hợt mà thân là người có tiền thì sợ quái gì cứ quăng tiền đấy mà vào viện cách li thôi chứ về vn nhỡ đâu trong quá trình di chuyển lại lây ko chừng con cac ciel pham biet la ngta lam hoi hot ma than la nguoi co tien thi so quai gi cu quang tien ay ma vao vien cach li thoi chu ve vn nho au trong qua trinh di chuyen lai lay ko chung con cac
0,0,0.0005,0,0,0.0002,0,0,0.0001,0,0,0.0001,0,0,0.0001,0,0,0.0001,và là i tr likes i tr likes ko phải dislikes đâu va la i tr likes i tr likes ko phai dislikes au
0,0,0.0005,0,0,0.0002,0,0,0.0001,0,0,0.0001,0,0,0.0001,0,0,0.0001,game đâu game đâu game au game au
0,0,0.001,0,0,0.0002,0,0,0.0001,0,0,0.0001,0,0,0.0,0,0,0.0001,c c
0,0,0.0005,0,0,0.0002,0,0,0.0001,0,0,0.0001,0,0,0.0001,0,0,0.0001,nguyễn jonh nói lý hay ko nói lý thì vẫn là tự do ngôn luận nguyen jonh noi ly hay ko noi ly thi van la tu do ngon luan
1,1,0.9949,1,1,0.9186,0,0,0.0003,0,0,0.0002,0,0,0.0003,0,0,0.0002,tàu hủ bản lĩnh lấy nick chính ra sủa nữa đừng lấy nick face clmmm tau hu ban linh lay nick chinh ra sua nua ung lay nick face clmmm
0,0,0.0005,0,0,0.0002,0,0,0.0001,0,0,0.0001,0,0,0.0001,0,0,0.0001,cô này là gia sư của tao nè co nay la gia su cua tao ne
0,1,0.9919,0,1,0.6833,0,0,0.0005,0,0,0.0003,0,0,0.0004,0,0,0.0003,tử hình tu hinh
0,0,0.0358,0,0,0.0017,0,0,0.0,0,0,0.0,0,0,0.0,0,0,0.0001,cẫm tiền hoi trễ ời ngủ đi ngoan k thôi giận á cccc cam tien hoi tre oi ngu i ngoan k thoi gian a cccc
0,0,0.0004,0,0,0.0002,0,0,0.0001,0,0,0.0001,0,0,0.0001,0,0,0.0001,good luck to all my friends good luck to all my friends
0,0,0.0005,0,0,0.0002,0,0,0.0001,0,0,0.0001,0,0,0.0001,0,0,0.0001,người gì mà dễ thương quá vậy con cac nguoi gi ma de thuong qua vay con cac
0,0,0.0009,0,0,0.0002,0,0,0.0001,0,0,0.0001,0,0,0.0,0,0,0.0001,đôn chề đi rồi thì tuyển gu chì đi abe ccc on che i roi thi tuyen gu chi i abe ccc
0,0,0.0007,0,0,0.0002,0,0,0.0001,0,0,0.0001,0,0,0.0001,0,0,0.0001,nguyễn nam ai làm chủ đây tất nhiên là mèo con cac nguyen nam ai lam chu ay tat nhien la meo con cac
0,0,0.3695,0,0,0.0266,0,0,0.0001,0,0,0.0001,0,0,0.0001,0,0,0.0001,chọt dô đít sela chot do it sela
0,0,0.0006,0,0,0.0002,0,0,0.0001,0,0,0.0001,0,0,0.0001,0,0,0.0001,bảo bảo như này là mấy tí rồi ccc bao bao nhu nay la may ti roi ccc
0,0,0.0006,0,0,0.0002,0,0,0.0001,0,0,0.0001,0,0,0.0001,0,0,0.0001,tiểu tiểu đại đại nữa bé ba ơi con cac tieu tieu ai ai nua be ba oi con cac
0,1,0.8973,0,0,0.4727,0,0,0.0001,0,0,0.0001,0,0,0.0001,0,0,0.0001,nói quá đúng chỉ buồn con người vn hiện giờ đã quá sợ hãi trước sự tàn ác của cs nên họ bịt tai bịt mắt bịt miệng trước nỗi đau của đồng bào đồng loại nhưng họ ko hiểu rằng hôm nay là chuyện đã xãy ra với anh ấy ngay mai nó sẽ xảy ra là chính mình bởi thế có bịt tai bịt mắt cũng vô ích hãy liên kết để hành động vì sự thật vì lẽ phải noi qua ung chi buon con nguoi vn hien gio a qua so hai truoc su tan ac cua cs nen ho bit tai bit mat bit mieng truoc noi au cua ong bao ong loai nhung ho ko hieu rang hom nay la chuyen a xay ra voi anh ay ngay mai no se xay ra la chinh minh boi the co bit tai bit mat cung vo ich hay lien ket e hanh ong vi su that vi le phai
1,1,0.9932,1,1,0.9465,0,0,0.0003,0,0,0.0002,0,0,0.0003,0,0,0.0002,bậy rồi ad đăng bài v nhiều cháu bò lại sồn lên phải có liềm tin tuyệt đối vào đường nối chính sách của đoảng trung khựa cứ đăng bài kiểu này là mấy cháu bò hoang mang lắm con cac bay roi ad ang bai v nhieu chau bo lai son len phai co liem tin tuyet oi vao uong noi chinh sach cua oang trung khua cu ang bai kieu nay la may chau bo hoang mang lam con cac
0,0,0.0005,0,0,0.0002,0,0,0.0001,0,0,0.0001,0,0,0.0001,0,0,0.0001,anh ơi em muốn vào group bộ tộc thì làm sao ạ anh oi em muon vao group bo toc thi lam sao a
0,0,0.0005,0,0,0.0002,0,0,0.0001,0,0,0.0001,0,0,0.0001,0,0,0.0001,này là clip củ mà nay la clip cu ma
1,0,0.0005,1,0,0.0002,0,0,0.0001,0,0,0.0001,0,0,0.0001,0,0,0.0001,anh e ngu vải ra hahaha anh e ngu vai ra hahaha
0,0,0.0005,0,0,0.0002,0,0,0.0001,0,0,0.0001,0,0,0.0001,0,0,0.0001,hoàng dương j toi co ne hoang duong j toi co ne
0,1,0.963,0,0,0.0336,0,0,0.0002,0,0,0.0001,0,0,0.0001,0,0,0.0002,trong bóng đêm đè nghẹt trong bong em e nghet
0,0,0.0005,0,0,0.0002,0,0,0.0001,0,0,0.0001,0,0,0.0001,0,0,0.0001,trưởng tộc mixi tuổi mới thành công truong toc mixi tuoi moi thanh cong
0,0,0.0005,0,0,0.0002,0,0,0.0001,0,0,0.0001,0,0,0.0001,0,0,0.0001,vào like ảnh đại diện của em vs mn ơi vao like anh ai dien cua em vs mn oi
1,1,0.984,1,0,0.0344,0,0,0.0004,0,0,0.0003,0,0,0.0002,0,0,0.0003,đm gội làm lồ n gìi m goi lam lo n gii
0,0,0.0007,0,0,0.0002,0,0,0.0001,0,0,0.0001,0,0,0.0,0,0,0.0001,nguyễn uyên người có tầm nhìn xa và sâu vai lon bạn tôi đc của ló đấy nguyen uyen nguoi co tam nhin xa va sau vai lon ban toi c cua lo ay
0,0,0.0005,0,0,0.0002,0,0,0.0001,0,0,0.0001,0,0,0.0001,0,0,0.0001,nghe nói em thích người đàn ông có sức hút nghe noi em thich nguoi an ong co suc hut
0,0,0.0005,0,0,0.0002,0,0,0.0001,0,0,0.0001,0,0,0.0001,0,0,0.0001,cực kì thuyết phục cuc ki thuyet phuc
1,0,0.0005,1,0,0.0002,0,0,0.0001,0,0,0.0001,0,0,0.0001,0,0,0.0001,topi kicm ca sĩ hát trên giọng hát của người khác topi kicm ca si hat tren giong hat cua nguoi khac
0,0,0.0014,0,0,0.0002,0,0,0.0,0,0,0.0,0,0,0.0,0,0,0.0001,lên chi sg bà đó ở đài loan mà tìm gì trời len chi sg ba o o ai loan ma tim gi troi
0,0,0.0007,0,0,0.0002,0,0,0.0001,0,0,0.0001,0,0,0.0,0,0,0.0001,không ngủ được nữa mới cay con cac khong ngu uoc nua moi cay con cac
0,0,0.0448,0,0,0.0018,0,0,0.0001,0,0,0.0,0,0,0.0,0,0,0.0001,thề đc mấy năm con cac the c may nam con cac
0,0,0.0005,0,0,0.0001,0,0,0.0001,0,0,0.0001,0,0,0.0001,0,0,0.0001,hợp lý a ưiii hop ly a uiii
0,0,0.0005,0,0,0.0002,0,0,0.0001,0,0,0.0001,0,0,0.0001,0,0,0.0001,thì thầm em nói nhỏ việt nam never die thi tham em noi nho viet nam never die
1,1,0.9947,1,1,0.9494,0,0,0.0003,0,0,0.0003,0,0,0.0003,0,0,0.0002,những cái chó gì mà của bọn vc hanoi nói hay ghi chép gì cũng là bố láo cả i vì kinh nghiệm hơn to năm nhung cai cho gi ma cua bon vc hanoi noi hay ghi chep gi cung la bo lao ca i vi kinh nghiem hon to nam
0,0,0.0005,0,0,0.0002,0,0,0.0001,0,0,0.0001,0,0,0.0001,0,0,0.0001,việt nam vô địch ccc viet nam vo ich ccc
0,0,0.0007,0,0,0.0002,0,0,0.0001,0,0,0.0001,0,0,0.0,0,0,0.0001,má lấn sân chơi local brand luôn ccc ma lan san choi local brand luon ccc
0,0,0.0005,0,0,0.0002,0,0,0.0001,0,0,0.0001,0,0,0.0001,0,0,0.0001,mầy là ai mà phải ghép với m may la ai ma phai ghep voi m
0,0,0.0252,0,0,0.0016,0,0,0.0,0,0,0.0,0,0,0.0,0,0,0.0001,chán anh chan anh
0,0,0.0113,0,0,0.0007,0,0,0.0,0,0,0.0,0,0,0.0,0,0,0.0001,mạnh thắng trần nguyễn đức hoàng ko đi tơi ở cầu giấy nha con cac manh thang tran nguyen uc hoang ko i toi o cau giay nha con cac
0,0,0.0005,0,0,0.0002,0,0,0.0001,0,0,0.0001,0,0,0.0001,0,0,0.0001,lưu ý nhà thằng nam có bộ sưu tập tượng rất đẹp luu y nha thang nam co bo suu tap tuong rat ep
0,0,0.0005,0,0,0.0002,0,0,0.0001,0,0,0.0001,0,0,0.0001,0,0,0.0001,cực kì thuyết phục thầy ơi cuc ki thuyet phuc thay oi
0,0,0.0555,0,0,0.0045,0,0,0.0001,0,0,0.0,0,0,0.0,0,0,0.0001,giang thanh cừi ị đc hông giang thanh cui i c hong
0,0,0.0005,0,0,0.0002,0,0,0.0001,0,0,0.0001,0,0,0.0001,0,0,0.0001,chúng cháu tình nguyện nghỉ học ở nhà để các bác các chú yên tâm chống dịch chung chau tinh nguyen nghi hoc o nha e cac bac cac chu yen tam chong dich
1,1,0.9957,1,1,0.8785,0,0,0.0003,0,0,0.0003,0,0,0.0003,0,0,0.0002,sua cap thi lien quan den bang thong quoc te chu noi dia van bt ad ngu ngu con cac sua cap thi lien quan den bang thong quoc te chu noi dia van bt ad ngu ngu con cac
0,1,0.7219,0,0,0.0339,0,0,0.0001,0,0,0.0001,0,0,0.0001,0,0,0.0001,mới gặp face lần đầu nhưng cảm giác kết rồi đấy đkm admin phát làm quen nhé v cơ mà cái tên admin vai lon thật p lẽ ra a chữ t luôn cho nó hoành tráng lệ moi gap face lan au nhung cam giac ket roi ay km admin phat lam quen nhe v co ma cai ten admin vai lon that p le ra a chu t luon cho no hoanh trang le
0,0,0.0022,0,0,0.0002,0,0,0.0,0,0,0.0,0,0,0.0,0,0,0.0001,sấy lòi mắt ng xem say loi mat ng xem
0,0,0.0006,0,0,0.0002,0,0,0.0001,0,0,0.0001,0,0,0.0001,0,0,0.0001,sản phẩm mới nói chung chưa hợp tai lắm vẫn thích khi cùng team với jombie san pham moi noi chung chua hop tai lam van thich khi cung team voi jombie
0,0,0.0011,0,0,0.0002,0,0,0.0,0,0,0.0001,0,0,0.0,0,0,0.0001,đi xe đạp cho vui xe điện làm gì con cac i xe ap cho vui xe ien lam gi con cac
0,1,0.9745,0,1,0.8205,0,0,0.0001,0,0,0.0001,0,0,0.0001,0,0,0.0001,người nghèo thì bị chúng đó đàng áp cho không ngốc đầu lên nổi nghèo thì cho chết hết đất nước thiên đường của người giàu nguoi ngheo thi bi chung o ang ap cho khong ngoc au len noi ngheo thi cho chet het at nuoc thien uong cua nguoi giau
0,1,0.9929,0,1,0.905,0,0,0.0002,0,0,0.0002,0,0,0.0002,0,0,0.0002,anh hoàng lân này hết việc để nói xàm anh hoang lan nay het viec e noi xam
0,1,0.9409,0,0,0.0842,0,0,0.0001,0,0,0.0001,0,0,0.0001,0,0,0.0001,nhìn mặc ngu ngu thấy thôi đã mắc cười zồi nhin mac ngu ngu thay thoi a mac cuoi zoi
1,0,0.2512,0,0,0.0072,0,0,0.0001,0,0,0.0001,0,0,0.0001,0,0,0.0001,vãi thật con cac lạy luôn vai that con cac lay luon
0,0,0.0005,0,0,0.0002,0,0,0.0001,0,0,0.0001,0,0,0.0001,0,0,0.0001,thôi rồi đời con đời cháu mình trả cũng ko hết nợ thoi roi oi con oi chau minh tra cung ko het no
1,0,0.0005,0,0,0.0001,0,0,0.0001,0,0,0.0001,0,0,0.0001,0,0,0.0001,lại hợp sâm wtf lai hop sam wtf
0,0,0.0005,0,0,0.0002,0,0,0.0001,0,0,0.0001,0,0,0.0001,0,0,0.0001,tập cover ko m ngọc thủy tap cover ko m ngoc thuy
0,0,0.0006,0,0,0.0001,0,0,0.0001,0,0,0.0001,0,0,0.0001,0,0,0.0001,t đã đy trc trend này mừ mấy năm r lạc hậu quá t a y trc trend nay mu may nam r lac hau qua
0,0,0.002,0,0,0.0004,0,0,0.0,0,0,0.0001,0,0,0.0,0,0,0.0001,nó cà khịa cụ kìa no ca khia cu kia
0,0,0.0005,0,0,0.0002,0,0,0.0001,0,0,0.0001,0,0,0.0001,0,0,0.0001,dc nha dc nha
0,0,0.0016,0,0,0.0002,0,0,0.0,0,0,0.0,0,0,0.0,0,0,0.0001,abe như này thì bĩu sao hk trò nó không thành ra như vậy e chán abe quá mà abe nhu nay thi biu sao hk tro no khong thanh ra nhu vay e chan abe qua ma
0,0,0.001,0,0,0.0002,0,0,0.0001,0,0,0.0001,0,0,0.0,0,0,0.0001,ik ik
0,0,0.0005,0,0,0.0002,0,0,0.0001,0,0,0.0001,0,0,0.0001,0,0,0.0001,phạm linh pham yen linh duy linh phạm cũng lâu r chị em mình chưa sát phạt nhau pham linh pham yen linh duy linh pham cung lau r chi em minh chua sat phat nhau
0,0,0.0005,0,0,0.0002,0,0,0.0001,0,0,0.0001,0,0,0.0001,0,0,0.0001,trùm venus đây sao trum venus ay sao
0,0,0.0272,0,0,0.0011,0,0,0.0001,0,0,0.0,0,0,0.0,0,0,0.0001,muốn lên hn mà toàn bất thành chán muon len hn ma toan bat thanh chan
0,0,0.0008,0,0,0.0002,0,0,0.0001,0,0,0.0001,0,0,0.0,0,0,0.0001,linh vật đại diện thầy ba con cac linh vat ai dien thay ba con cac
0,0,0.0052,0,0,0.0003,0,0,0.0,0,0,0.0,0,0,0.0,0,0,0.0001,z ae trai con cac z ae trai con cac
0,0,0.0007,0,0,0.0002,0,0,0.0001,0,0,0.0001,0,0,0.0,0,0,0.0001,tụi bay like trang này chưa vậy con cac tui bay like trang nay chua vay con cac
1,1,0.9951,1,1,0.9565,0,0,0.0003,0,0,0.0003,0,0,0.0004,0,0,0.0003,con bóng ngu ngục minh hiếu con bong ngu nguc minh hieu
0,0,0.0005,0,0,0.0002,0,0,0.0001,0,0,0.0001,0,0,0.0001,0,0,0.0001,chất từng câu nói của cô mẹ mình hiếu i chat tung cau noi cua co me minh hieu i
0,0,0.0009,0,0,0.0002,0,0,0.0001,0,0,0.0001,0,0,0.0,0,0,0.0001,hòa duy dth vai lon e hoa duy dth vai lon e
0,0,0.0005,0,0,0.0002,0,0,0.0001,0,0,0.0001,0,0,0.0001,0,0,0.0001,làm cứu trợ phải được công nhận mới chịu hả ccc lam cuu tro phai uoc cong nhan moi chiu ha ccc
1,1,0.9924,0,0,0.4481,0,0,0.0002,0,0,0.0002,0,0,0.0002,0,0,0.0002,sạo lol hổng có gì vui nên chúng ta đừng nên sạo lol sao lol hong co gi vui nen chung ta ung nen sao lol
0,0,0.0005,0,0,0.0002,0,0,0.0001,0,0,0.0001,0,0,0.0001,0,0,0.0001,hồi những năm về trước mình coi phim vũ điệu hoang dã của cô ấy cô ấy rất đẹp xứng đáng được gọi là mỹ nhân hoi nhung nam ve truoc minh coi phim vu ieu hoang da cua co ay co ay rat ep xung ang uoc goi la my nhan
0,0,0.0005,0,0,0.0002,0,0,0.0001,0,0,0.0001,0,0,0.0001,0,0,0.0001,chúng nó nhập viện để chữa tai rồi thầy à chung no nhap vien e chua tai roi thay a
0,0,0.0005,0,0,0.0002,0,0,0.0001,0,0,0.0001,0,0,0.0001,0,0,0.0001,chào anh gil xô chao anh gil xo
0,0,0.0006,0,0,0.0002,0,0,0.0001,0,0,0.0001,0,0,0.0001,0,0,0.0001,hằng nguyễn hang nguyen
0,0,0.0006,0,0,0.0002,0,0,0.0001,0,0,0.0001,0,0,0.0001,0,0,0.0001,nghe rất yếu sinh lý nhưng yếu cả toán văn anh nghe rat yeu sinh ly nhung yeu ca toan van anh
1,1,0.9749,1,0,0.2248,0,0,0.0001,0,0,0.0001,0,0,0.0001,0,0,0.0001,bố cáu thằng ăn bám váy đàn bà bo cau thang an bam vay an ba
1,0,0.017,0,0,0.0008,0,0,0.0,0,0,0.0,0,0,0.0,0,0,0.0001,ko cộng thì cho biết đề đáp án trc đâu cũng vào đó thôii đời ko cong thi cho biet e ap an trc au cung vao o thoii oi
1,0,0.0005,1,0,0.0002,0,0,0.0001,0,0,0.0001,0,0,0.0001,0,0,0.0001,bác nói thế nhưng cấp dưới bác họ có làm theo hay không thôi mà hay nại đục nước béo cò bac noi the nhung cap duoi bac ho co lam theo hay khong thoi ma hay nai uc nuoc beo co
1,1,0.9877,0,0,0.0282,0,0,0.0006,0,0,0.0004,0,0,0.0004,0,0,0.0005,clm ccc clm ccc
1,0,0.1493,1,0,0.0066,0,0,0.0001,0,0,0.0,0,0,0.0001,0,0,0.0001,ông già hay xaolon phết tùng sói said con cac ong gia hay xaolon phet tung soi said con cac
1,1,0.9851,0,0,0.4764,0,0,0.0002,0,0,0.0001,0,0,0.0001,0,0,0.0001,tuổi lol ăn anh t tuoi lol an anh t
1,1,0.9924,1,0,0.3888,0,0,0.0003,0,0,0.0002,0,0,0.0002,0,0,0.0002,chôn sống nó đi chon song no i
0,0,0.1274,0,0,0.0092,0,0,0.0001,0,0,0.0,0,0,0.0001,0,0,0.0001,nói chuyện thì nghe đạo đức mà nghe ai xuối là đi chửi người ta nghe nói buồn cười noi chuyen thi nghe ao uc ma nghe ai xuoi la i chui nguoi ta nghe noi buon cuoi
0,0,0.0009,0,0,0.0001,0,0,0.0001,0,0,0.0001,0,0,0.0,0,0,0.0001,giây phút tôi không nghĩ mình còn tồn tại giay phut toi khong nghi minh con ton tai
0,0,0.0005,0,0,0.0002,0,0,0.0001,0,0,0.0001,0,0,0.0001,0,0,0.0001,làm thật đó hả thầy con cac lam that o ha thay con cac
0,0,0.0047,0,0,0.0004,0,0,0.0,0,0,0.0,0,0,0.0,0,0,0.0,sao cái huy hiệu thần binh bữa thầy kêu nhận h vẫn ko có trong game vạy sao cai huy hieu than binh bua thay keu nhan h van ko co trong game vay
0,1,0.9567,0,1,0.6637,0,0,0.0001,0,0,0.0001,0,0,0.0001,0,0,0.0001,ra chỗ trc t học là đc mà m con cac a ấy cắt đẹp mà rẻ nữa con cac ra cho trc t hoc la c ma m con cac a ay cat ep ma re nua con cac
0,0,0.0005,0,0,0.0002,0,0,0.0001,0,0,0.0001,0,0,0.0001,0,0,0.0001,thật sự kh hay bằng bài trước that su kh hay bang bai truoc
0,0,0.0006,0,0,0.0002,0,0,0.0001,0,0,0.0001,0,0,0.0001,0,0,0.0001,tin rằng việt nam chúng ta sẽ vượt qua bệnh dịch nhờ sự đoàn kết và nổ lực tin rang viet nam chung ta se vuot qua benh dich nho su oan ket va no luc
0,0,0.0008,0,0,0.0002,0,0,0.0001,0,0,0.0001,0,0,0.0,0,0,0.0001,không ngộ e như thế là ko đc rồi khong ngo e nhu the la ko c roi
0,0,0.0006,0,0,0.0001,0,0,0.0001,0,0,0.0001,0,0,0.0001,0,0,0.0001,đây hả ay ha
1,1,0.9948,1,1,0.944,0,0,0.0003,0,0,0.0003,0,0,0.0003,0,0,0.0003,con nay het thuoc chua roi con nay het thuoc chua roi
0,0,0.0231,0,0,0.001,0,0,0.0,0,0,0.0,0,0,0.0,0,0,0.0001,không muốn lớn thêm nữa muốn trở lại thời bé chưa biết mua sắm với làm đẹp là cái deo gì khong muon lon them nua muon tro lai thoi be chua biet mua sam voi lam ep la cai deo gi
0,0,0.001,0,0,0.0002,0,0,0.0,0,0,0.0001,0,0,0.0,0,0,0.0001,đúng chất vãi lũa anh ạ ung chat vai lua anh a
0,1,0.9958,0,1,0.7261,0,0,0.0003,0,0,0.0003,0,0,0.0003,0,0,0.0003,má mất dạy ma mat day
0,0,0.0005,0,0,0.0002,0,0,0.0001,0,0,0.0001,0,0,0.0001,0,0,0.0001,ccc ccc
0,0,0.0006,0,0,0.0002,0,0,0.0001,0,0,0.0001,0,0,0.0001,0,0,0.0001,quỳnh phạm thế còn chờ gì e quynh pham the con cho gi e
0,0,0.2814,0,0,0.0408,0,0,0.0001,0,0,0.0,0,0,0.0,0,0,0.0001,tren tuy ms ở hàn vs tên gọi cánh cmn hoa nhưng ở vn nó đã là trend từ thời ơ cmn kìa vs tên gọi lá cmn mít e tren tuy ms o han vs ten goi canh cmn hoa nhung o vn no a la trend tu thoi o cmn kia vs ten goi la cmn mit e
0,0,0.0005,0,0,0.0002,0,0,0.0001,0,0,0.0001,0,0,0.0001,0,0,0.0001,em đi viện bảo tàng ở vĩnh long thấy ông này trong hình sao giống thầy quá k biết có quan hệ gì k ạ em i vien bao tang o vinh long thay ong nay trong hinh sao giong thay qua k biet co quan he gi k a
0,0,0.0006,0,0,0.0002,0,0,0.0001,0,0,0.0001,0,0,0.0001,0,0,0.0001,t biết chứ bộ nên t mới làm cành hoa cho m đó con cac t biet chu bo nen t moi lam canh hoa cho m o con cac
0,0,0.1179,0,0,0.0143,0,0,0.0001,0,0,0.0,0,0,0.0,0,0,0.0001,cá chết dân đói ca chet dan oi
0,0,0.0006,0,0,0.0002,0,0,0.0001,0,0,0.0001,0,0,0.0001,0,0,0.0001,tao ko thấy j cả tao ko thay j ca
0,0,0.0006,0,0,0.0002,0,0,0.0001,0,0,0.0001,0,0,0.0001,0,0,0.0001,giận tím người gian tim nguoi
0,0,0.0005,0,0,0.0002,0,0,0.0001,0,0,0.0001,0,0,0.0001,0,0,0.0001,nể nhất mấy bác giờ còn thả haha được ne nhat may bac gio con tha haha uoc
1,0,0.0014,1,0,0.0003,0,0,0.0,0,0,0.0,0,0,0.0,0,0,0.0001,mấy đứa ngồi hóng đi anh sẽ tận thu tận gốc và chúng mày phải chịu cho điều đó tất cả vì con cái và dòng họ của tao nghe chưa thằng nào không chấp nhận tao cho ung thư và tai nạn hết may ua ngoi hong i anh se tan thu tan goc va chung may phai chiu cho ieu o tat ca vi con cai va dong ho cua tao nghe chua thang nao khong chap nhan tao cho ung thu va tai nan het
0,0,0.0005,0,0,0.0002,0,0,0.0001,0,0,0.0001,0,0,0.0001,0,0,0.0001,quang hải công khai ở đâu thế ạ quang hai cong khai o au the a
0,0,0.0006,0,0,0.0002,0,0,0.0001,0,0,0.0001,0,0,0.0001,0,0,0.0001,chủ tiệm mà chu tiem ma
0,0,0.0007,0,0,0.0002,0,0,0.0001,0,0,0.0001,0,0,0.0001,0,0,0.0001,sống chậm song cham
0,0,0.0006,0,0,0.0002,0,0,0.0001,0,0,0.0001,0,0,0.0001,0,0,0.0001,cúm mùa thoi không sao đâu các cháu cum mua thoi khong sao au cac chau
0,0,0.0255,0,0,0.0048,0,0,0.0,0,0,0.0,0,0,0.0,0,0,0.0,trần dần là cộng sản nằm vùng ở mỹ đấy thưa quí vị tran dan la cong san nam vung o my ay thua qui vi
0,0,0.0006,0,0,0.0002,0,0,0.0001,0,0,0.0001,0,0,0.0001,0,0,0.0001,ánh lêtrang ciuukhánh lylệ suri hnao đi ăn cưới nhớ make xa xa thế này nhéee anh letrang ciuukhanh lyle suri hnao i an cuoi nho make xa xa the nay nheee
0,0,0.0008,0,0,0.0002,0,0,0.0001,0,0,0.0001,0,0,0.0,0,0,0.0001,nghe thôi biết cội nguồn nơi nào nét đẹp của bản sắc văn hóa vùng miền nghe thoi biet coi nguon noi nao net ep cua ban sac van hoa vung mien
0,0,0.0027,0,0,0.0003,0,0,0.0,0,0,0.0,0,0,0.0,0,0,0.0001,ổ nhền nhện o nhen nhen
0,0,0.0005,0,0,0.0002,0,0,0.0001,0,0,0.0001,0,0,0.0001,0,0,0.0001,đẹp trai quá đi à ep trai qua i a
1,1,0.9945,0,1,0.934,0,0,0.0003,0,0,0.0002,0,0,0.0003,0,0,0.0002,con bóng chúa sẽ bị ma ám in bv con bong chua se bi ma am in bv
0,0,0.0005,0,0,0.0002,0,0,0.0001,0,0,0.0001,0,0,0.0001,0,0,0.0001,nguyễn thị mỹ linh phim về cá mập hay j vậy bạn nguyen thi my linh phim ve ca map hay j vay ban
0,0,0.0005,0,0,0.0002,0,0,0.0001,0,0,0.0001,0,0,0.0001,0,0,0.0001,có ai muốn mần thịt ông châu ko co ai muon man thit ong chau ko
1,1,0.9591,1,1,0.7041,0,0,0.0001,0,0,0.0001,0,0,0.0001,0,0,0.0001,có ai là quan chức mad ko lạm quyền đâu co ai la quan chuc mad ko lam quyen au
0,0,0.0006,0,0,0.0002,0,0,0.0001,0,0,0.0001,0,0,0.0001,0,0,0.0001,lê thanh thảo chị nhung lại còn đi ý nghỉ mát chứ lại con cac le thanh thao chi nhung lai con i y nghi mat chu lai con cac
1,1,0.9942,1,1,0.8585,0,0,0.0002,0,0,0.0002,0,0,0.0002,0,0,0.0002,ad ăn phân con j mà ngu thế ad an phan con j ma ngu the
0,0,0.0008,0,0,0.0002,0,0,0.0001,0,0,0.0001,0,0,0.0,0,0,0.0001,thật ra cơ quan nhà nước ko có đứng về phía thp đâu họ troll đấyi nhà nước vn vui tính lắm v that ra co quan nha nuoc ko co ung ve phia thp au ho troll ayi nha nuoc vn vui tinh lam v
0,0,0.0007,0,0,0.0002,0,0,0.0001,0,0,0.0001,0,0,0.0001,0,0,0.0001,cung cấp sỉ lẻ cung cap si le
0,0,0.0888,0,0,0.0108,0,0,0.0001,0,0,0.0,0,0,0.0,0,0,0.0001,tui đổi hộ khẩu phải đổi cmnd kèm theo một tờ giấy aa xác nhận thay đổi số cmnd thiệt là rách việci vài bữa nữa nó lại đổi qua cccd tôi lại phải mang thêm i tờ aa nữa là chứng nhận số cmnd là kèm theo tờ giấy aa cũ chứng nhận số cmnd cũ tui oi ho khau phai oi cmnd kem theo mot to giay aa xac nhan thay oi so cmnd thiet la rach vieci vai bua nua no lai oi qua cccd toi lai phai mang them i to aa nua la chung nhan so cmnd la kem theo to giay aa cu chung nhan so cmnd cu
0,0,0.0006,0,0,0.0002,0,0,0.0001,0,0,0.0001,0,0,0.0001,0,0,0.0001,giang hồ cỏ cao bằng nhé con cac giang ho co cao bang nhe con cac
0,0,0.0005,0,0,0.0002,0,0,0.0001,0,0,0.0001,0,0,0.0001,0,0,0.0001,clip ngoại hình của em chắc đủ ứng tuyển clip ngoai hinh cua em chac u ung tuyen
0,0,0.0016,0,0,0.0002,0,0,0.0,0,0,0.0,0,0,0.0,0,0,0.0001,mưa gió bão bùng mua gio bao bung
0,0,0.0021,0,0,0.0002,0,0,0.0,0,0,0.0,0,0,0.0,0,0,0.0001,tức á ca ko đc tuc a ca ko c
0,0,0.0005,0,0,0.0002,0,0,0.0001,0,0,0.0001,0,0,0.0001,0,0,0.0001,kiểu đi làm về muộn cơm k muốn ăn có mỗi mình một phòng nằm lại suy nghĩ ltinh kieu i lam ve muon com k muon an co moi minh mot phong nam lai suy nghi ltinh
0,0,0.0005,0,0,0.0002,0,0,0.0001,0,0,0.0001,0,0,0.0001,0,0,0.0001,zh sáng nghe tới chữ long xuyên s năm trước mà rợn hết da gà do đang ở lx zh sang nghe toi chu long xuyen s nam truoc ma ron het da ga do ang o lx
0,0,0.0006,0,0,0.0002,0,0,0.0001,0,0,0.0001,0,0,0.0001,0,0,0.0001,cho em lên fan cứng cái anh êy cho em len fan cung cai anh ey
0,0,0.3557,0,0,0.0716,0,0,0.0001,0,0,0.0,0,0,0.0001,0,0,0.0001,quâ chuâne qua chuane
0,0,0.0005,0,0,0.0002,0,0,0.0001,0,0,0.0001,0,0,0.0001,0,0,0.0001,xin link xin link
1,1,0.9934,1,1,0.8862,0,0,0.0002,0,0,0.0002,0,0,0.0002,0,0,0.0002,quá troi xl đm bán hàng io năm bớt đi con dit oi qua troi xl m ban hang io nam bot i con dit oi
0,0,0.0005,0,0,0.0002,0,0,0.0001,0,0,0.0001,0,0,0.0001,0,0,0.0001,quang đạt lấy mà mua ip iz quang at lay ma mua ip iz
0,1,0.9599,0,0,0.0152,0,0,0.0003,0,0,0.0002,0,0,0.0002,0,0,0.0003,giọng anh trung bsz thánh thót vãi lon giong anh trung bsz thanh thot vai lon
0,0,0.0005,0,0,0.0002,0,0,0.0001,0,0,0.0001,0,0,0.0001,0,0,0.0001,sức khỏe vn suc khoe vn
0,0,0.001,0,0,0.0002,0,0,0.0001,0,0,0.0001,0,0,0.0,0,0,0.0001,vô nhân đạo hy vọng những sự việc như vậy sẽ không bị các tổ chức nhân đạo quốc tế bỏ qua vo nhan ao hy vong nhung su viec nhu vay se khong bi cac to chuc nhan ao quoc te bo qua
0,0,0.099,0,0,0.0082,0,0,0.0001,0,0,0.0,0,0,0.0,0,0,0.0001,vay rồi bán đảo bán biển bán sinh mạng của người dân vay roi ban ao ban bien ban sinh mang cua nguoi dan
1,0,0.0005,1,0,0.0002,0,0,0.0001,0,0,0.0001,0,0,0.0001,0,0,0.0001,con ruồi đàn bà đây à ccccc con ruoi an ba ay a ccccc
0,0,0.0006,0,0,0.0002,0,0,0.0001,0,0,0.0001,0,0,0.0001,0,0,0.0001,chi ba là số i chi ba la so i
1,1,0.8957,0,1,0.7167,0,0,0.0001,0,0,0.0001,0,0,0.0001,0,0,0.0001,bà này thèm chích thiệt ba nay them chich thiet
0,0,0.0005,0,0,0.0002,0,0,0.0001,0,0,0.0001,0,0,0.0001,0,0,0.0001,nguyễn thế vinh m chờ hết dịch chắc sang năm chạy grap nguyen the vinh m cho het dich chac sang nam chay grap
0,0,0.0007,0,0,0.0002,0,0,0.0001,0,0,0.0001,0,0,0.0001,0,0,0.0001,khoái ghê khoai ghe
0,0,0.1289,0,0,0.0179,0,0,0.0001,0,0,0.0,0,0,0.0,0,0,0.0001,phê lòi phe loi
0,0,0.0007,0,0,0.0002,0,0,0.0001,0,0,0.0001,0,0,0.0001,0,0,0.0001,bậy qua a âyy bay qua a ayy
0,0,0.0004,0,0,0.0002,0,0,0.0001,0,0,0.0001,0,0,0.0001,0,0,0.0001,lên thời sự nè ae êyyy len thoi su ne ae eyyy
0,0,0.0004,0,0,0.0002,0,0,0.0001,0,0,0.0001,0,0,0.0001,0,0,0.0001,hoàng minh xin video ông ey hoang minh xin video ong ey
0,0,0.0004,0,0,0.0002,0,0,0.0001,0,0,0.0001,0,0,0.0001,0,0,0.0001,chào bác tiên tri bác tiên tri ji mình đoán ngược lại tui cam đoan tấc nhiêng là đúng chao bac tien tri bac tien tri ji minh oan nguoc lai tui cam oan tac nhieng la ung
0,0,0.0008,0,0,0.0002,0,0,0.0001,0,0,0.0001,0,0,0.0,0,0,0.0001,bổng dưng muốn khóc à bong dung muon khoc a
0,0,0.156,0,0,0.013,0,0,0.0001,0,0,0.0001,0,0,0.0001,0,0,0.0001,du cho lam phuoc ma chuoi nhu vay cung bi khau nghiep du cho lam phuoc ma chuoi nhu vay cung bi khau nghiep
0,0,0.0005,0,0,0.0002,0,0,0.0001,0,0,0.0001,0,0,0.0001,0,0,0.0001,đẹp qúa em ơi cho chị gửi và tác tay nhé ep qua em oi cho chi gui va tac tay nhe
0,0,0.0005,0,0,0.0002,0,0,0.0001,0,0,0.0001,0,0,0.0001,0,0,0.0001,ok fc ok fc
0,0,0.0005,0,0,0.0002,0,0,0.0001,0,0,0.0001,0,0,0.0001,0,0,0.0001,giúp người nghèo khổ là phúc lắm chị ạ giup nguoi ngheo kho la phuc lam chi a
0,0,0.0007,0,0,0.0002,0,0,0.0001,0,0,0.0001,0,0,0.0,0,0,0.0001,đừng có mà tiếp tay cho gian thương đầu cơ tích trữ ung co ma tiep tay cho gian thuong au co tich tru
0,0,0.0005,0,0,0.0002,0,0,0.0001,0,0,0.0001,0,0,0.0001,0,0,0.0001,sếp nhà người ta không làm mình thất vọng ccc sep nha nguoi ta khong lam minh that vong ccc
0,0,0.0005,0,0,0.0002,0,0,0.0001,0,0,0.0001,0,0,0.0001,0,0,0.0001,ngồi cười tấu hài để mus gánh mà hãnh diện j abe ngoi cuoi tau hai e mus ganh ma hanh dien j abe
0,0,0.0005,0,0,0.0002,0,0,0.0001,0,0,0.0001,0,0,0.0001,0,0,0.0001,tươi dị hả thầy yêu tuoi di ha thay yeu
0,0,0.0005,0,0,0.0002,0,0,0.0001,0,0,0.0001,0,0,0.0001,0,0,0.0001,thp vẫn sống và ngta vẫn uốg như thường thp van song va ngta van uog nhu thuong
0,0,0.0005,0,0,0.0002,0,0,0.0001,0,0,0.0001,0,0,0.0001,0,0,0.0001,bố ơi vào đây bố khều cho con ít donate bo oi vao ay bo kheu cho con it donate
0,0,0.0371,0,0,0.0032,0,0,0.0001,0,0,0.0,0,0,0.0,0,0,0.0001,cắt cho trẻ trâu bớt thui mà cat cho tre trau bot thui ma
0,0,0.0005,0,0,0.0002,0,0,0.0001,0,0,0.0001,0,0,0.0001,0,0,0.0001,hưng quang mai hung quang mai
1,0,0.0005,0,0,0.0002,0,0,0.0001,0,0,0.0001,0,0,0.0001,0,0,0.0001,review đề thi toán chiều nay phòng thi nóng vcc đc cái giám thị xinh và đề cx dễc hơn năm ngoái c nên cx khá ok review e thi toan chieu nay phong thi nong vcc c cai giam thi xinh va e cx dec hon nam ngoai c nen cx kha ok
0,0,0.0252,0,0,0.0021,0,0,0.0,0,0,0.0,0,0,0.0,0,0,0.0,cô gái nây nói quá có duyên chủi cũng quá đả co gai nay noi qua co duyen chui cung qua a
0,0,0.0008,0,0,0.0002,0,0,0.0001,0,0,0.0001,0,0,0.0,0,0,0.0001,khẩu xà tâm phật hay khẩu phật tâm xà đây hài khau xa tam phat hay khau phat tam xa ay hai
0,0,0.0006,0,0,0.0001,0,0,0.0001,0,0,0.0001,0,0,0.0001,0,0,0.0001,thế cơ á the co a
0,0,0.0005,0,0,0.0002,0,0,0.0001,0,0,0.0001,0,0,0.0001,0,0,0.0001,ổng nói đúng nhé đa số là thực phẩm an toàn mà nhà hàng s sao siêu thị lotte kfc tại dân nghèo không thèm ăn thôi v ai kiu họ nghèo làm gì v ong noi ung nhe a so la thuc pham an toan ma nha hang s sao sieu thi lotte kfc tai dan ngheo khong them an thoi v ai kiu ho ngheo lam gi v
1,0,0.307,1,0,0.0452,0,0,0.0001,0,0,0.0,0,0,0.0,0,0,0.0001,nhịn nói sẽ bớt ngu chú ạ hi nhin noi se bot ngu chu a hi
0,1,0.995,0,1,0.9498,0,0,0.0003,0,0,0.0003,0,0,0.0003,0,0,0.0002,như quỳnh điên khùng ksbsshhwwhsnhsjs nhu quynh ien khung ksbsshhwwhsnhsjs
0,0,0.0005,0,0,0.0002,0,0,0.0001,0,0,0.0001,0,0,0.0001,0,0,0.0001,mai thu hoàng tôi còn vừa bị chặn cmt rồi kia kìa đúng là đáng sợ hơn cả dịchhhh cccc mai thu hoang toi con vua bi chan cmt roi kia kia ung la ang so hon ca dichhhh cccc
1,1,0.994,1,1,0.9074,0,0,0.0002,0,0,0.0002,0,0,0.0002,0,0,0.0002,bà chị tao để quên tiền ở quán bị giấu đi du me ra báo công an nó đòi cưa đôi vkl ba chi tao e quen tien o quan bi giau i du me ra bao cong an no oi cua oi vkl
0,0,0.0009,0,0,0.0002,0,0,0.0001,0,0,0.0001,0,0,0.0,0,0,0.0001,toàn là người ở nc ngoài vềi và cuối cùng là chỉ có vn là đất nc nhân ái nhất thôiiii toan la nguoi o nc ngoai vei va cuoi cung la chi co vn la at nc nhan ai nhat thoiiii
0,0,0.0005,0,0,0.0002,0,0,0.0001,0,0,0.0001,0,0,0.0001,0,0,0.0001,linh hoàng thùy ủa gửi r nhưng k đk linh hoang thuy ua gui r nhung k k
1,1,0.98,0,0,0.1786,0,0,0.0001,0,0,0.0001,0,0,0.0001,0,0,0.0001,ơ cái đ ịt đang ngủ mê bị mẹ chửi bỗng zưng fb tn kêu mở za xem thấy cái page chửi thuê đọc vài tí nghe vui tai vãi lìu tóm lại là a xẽ đưa thắm zô idol o cai it ang ngu me bi me chui bong zung fb tn keu mo za xem thay cai page chui thue oc vai ti nghe vui tai vai liu tom lai la a xe ua tham zo idol
0,0,0.0005,0,0,0.0002,0,0,0.0001,0,0,0.0001,0,0,0.0001,0,0,0.0001,tú nguyễn đi văng đâu sai đâu bạn tu nguyen i vang au sai au ban
0,0,0.0005,0,0,0.0002,0,0,0.0001,0,0,0.0001,0,0,0.0001,0,0,0.0001,thầy ơi em để ý thấy tiểu tiểu giống vị tướng này e thay oi em e y thay tieu tieu giong vi tuong nay e
0,0,0.0005,0,0,0.0002,0,0,0.0001,0,0,0.0001,0,0,0.0001,0,0,0.0001,mình ở vườn mà nghe dễ thương ghê cô ơi e minh o vuon ma nghe de thuong ghe co oi e
0,0,0.0005,0,0,0.0002,0,0,0.0001,0,0,0.0001,0,0,0.0001,0,0,0.0001,cả nước đồng lòng riêng em thi ko ca nuoc ong long rieng em thi ko
1,1,0.9942,1,1,0.9257,0,0,0.0003,0,0,0.0002,0,0,0.0003,0,0,0.0002,còn mày có con cũng ngu lắm đẻ con ra cẩn thận đó con may co con cung ngu lam e con ra can than o
0,0,0.0006,0,0,0.0002,0,0,0.0001,0,0,0.0001,0,0,0.0001,0,0,0.0001,võ hậu vo hau
0,0,0.0005,0,0,0.0002,0,0,0.0001,0,0,0.0001,0,0,0.0001,0,0,0.0001,tui học trò cưng của thầy nè tui hoc tro cung cua thay ne
0,0,0.0009,0,0,0.0002,0,0,0.0001,0,0,0.0001,0,0,0.0,0,0,0.0001,chị gái à chi gai a
0,0,0.0005,0,0,0.0002,0,0,0.0001,0,0,0.0001,0,0,0.0001,0,0,0.0001,vừa nghe nhạc bạn này vốn không phải gu mình mấy bài trước nghe cũng được bài này không bằng mấy bài trước được cái mặt dễ thương nè vua nghe nhac ban nay von khong phai gu minh may bai truoc nghe cung uoc bai nay khong bang may bai truoc uoc cai mat de thuong ne
0,0,0.0533,0,0,0.0036,0,0,0.0001,0,0,0.0,0,0,0.0,0,0,0.0001,bánh mì thay đổi giọng giúp nhím hát hay hơn banh mi thay oi giong giup nhim hat hay hon
1,1,0.9909,1,1,0.631,0,0,0.0002,0,0,0.0002,0,0,0.0002,0,0,0.0002,sao làm chủ tịch mà ngu thế đc nhỉ sao lam chu tich ma ngu the c nhi
0,0,0.0068,0,0,0.0005,0,0,0.0,0,0,0.0,0,0,0.0,0,0,0.0,cái này bản quyền thuộc về việt nam cần tố cáo cai nay ban quyen thuoc ve viet nam can to cao
0,0,0.0005,0,0,0.0002,0,0,0.0001,0,0,0.0001,0,0,0.0001,0,0,0.0001,tình nghĩa anh em chắc có bền lâu tinh nghia anh em chac co ben lau
1,0,0.0012,1,0,0.0002,0,0,0.0,0,0,0.0001,0,0,0.0,0,0,0.0001,trung đầu bùi trung au bui
0,0,0.0006,0,0,0.0002,0,0,0.0001,0,0,0.0001,0,0,0.0001,0,0,0.0001,nói nhưng họ đâu có thích mình noi nhung ho au co thich minh
0,0,0.0005,0,0,0.0002,0,0,0.0001,0,0,0.0001,0,0,0.0001,0,0,0.0001,đi xe máy chứ nhìu khi ở nhà e a chiếc xe hơi thì sao bà chị cccc i xe may chu nhiu khi o nha e a chiec xe hoi thi sao ba chi cccc
0,0,0.0005,0,0,0.0002,0,0,0.0001,0,0,0.0001,0,0,0.0001,0,0,0.0001,trần tân kiệt đây là một lần thử sức với phong cách mới mà lời nếu ko bật sub thì hơi khó nghe thật nhưng mà bật sub lên lời vẫn rất hoa mĩ và đậm chất miền tây nhé tran tan kiet ay la mot lan thu suc voi phong cach moi ma loi neu ko bat sub thi hoi kho nghe that nhung ma bat sub len loi van rat hoa mi va am chat mien tay nhe
0,0,0.0007,0,0,0.0002,0,0,0.0001,0,0,0.0001,0,0,0.0001,0,0,0.0001,mà sợ r anh à ma so r anh a
0,0,0.0005,0,0,0.0002,0,0,0.0001,0,0,0.0001,0,0,0.0001,0,0,0.0001,ok thầy ok thay
0,0,0.0006,0,0,0.0001,0,0,0.0001,0,0,0.0001,0,0,0.0001,0,0,0.0001,hôm nào cũng gặp bọn cực kì thuyết phục hom nao cung gap bon cuc ki thuyet phuc
0,0,0.0005,0,0,0.0002,0,0,0.0001,0,0,0.0001,0,0,0.0001,0,0,0.0001,ứng tuyển ở đâu nhỉ ung tuyen o au nhi
0,0,0.0005,0,0,0.0002,0,0,0.0001,0,0,0.0001,0,0,0.0001,0,0,0.0001,tộc mixi assemble iiiii toc mixi assemble iiiii
0,0,0.1345,0,0,0.0171,0,0,0.0001,0,0,0.0,0,0,0.0,0,0,0.0001,nguyễn viết tuyên chơi cả chửi à em i a cũng trong số chúng nó đấy i hic i con cac chyền vãi cả chyền i nguyen viet tuyen choi ca chui a em i a cung trong so chung no ay i hic i con cac chyen vai ca chyen i
0,0,0.0005,0,0,0.0002,0,0,0.0001,0,0,0.0001,0,0,0.0001,0,0,0.0001,rất chi là đẹp trai rat chi la ep trai
1,1,0.9837,1,0,0.1218,0,0,0.0002,0,0,0.0002,0,0,0.0001,0,0,0.0002,cho liếm hậu mn cái abe con cac cho liem hau mn cai abe con cac
0,0,0.0005,0,0,0.0002,0,0,0.0001,0,0,0.0001,0,0,0.0001,0,0,0.0001,về bờ thôi ae ơi vì tết có bánh chưng nhân thịt iii ve bo thoi ae oi vi tet co banh chung nhan thit iii
0,0,0.0005,0,0,0.0002,0,0,0.0001,0,0,0.0001,0,0,0.0001,0,0,0.0001,alo đc bạn alo c ban
0,0,0.0005,0,0,0.0002,0,0,0.0001,0,0,0.0001,0,0,0.0001,0,0,0.0001,nghe vô lý nhưng cực kỳ thuyết phục nghe vo ly nhung cuc ky thuyet phuc
0,0,0.0005,0,0,0.0002,0,0,0.0001,0,0,0.0001,0,0,0.0001,0,0,0.0001,mong bác yên nghỉ mong bac yen nghi
0,0,0.001,0,0,0.0002,0,0,0.0,0,0,0.0001,0,0,0.0,0,0,0.0001,đặc điểm nhận dạng người tăng động ac iem nhan dang nguoi tang ong
1,1,0.9909,1,1,0.9192,0,0,0.0002,0,0,0.0002,0,0,0.0002,0,0,0.0002,tau khửa ghét kpop lại còn nhãy trc mặt bác mao như z là bôi nhọ chính quyền xử ngay v tau khua ghet kpop lai con nhay trc mat bac mao nhu z la boi nho chinh quyen xu ngay v
1,0,0.0059,0,0,0.0003,0,0,0.0,0,0,0.0,0,0,0.0,0,0,0.0001,chào con cac ccc chao con cac ccc
0,0,0.0006,0,0,0.0001,0,0,0.0001,0,0,0.0001,0,0,0.0001,0,0,0.0001,kể kiểu tóc mà nó chi tiết bánh cuốn vai lon a ạ v ke kieu toc ma no chi tiet banh cuon vai lon a a v
0,0,0.0008,0,0,0.0002,0,0,0.0001,0,0,0.0001,0,0,0.0,0,0,0.0001,phong cách hở rais của người giàu phong cach ho rais cua nguoi giau
0,0,0.0006,0,0,0.0002,0,0,0.0001,0,0,0.0001,0,0,0.0001,0,0,0.0001,g zt g zt
1,1,0.8739,0,0,0.0455,0,0,0.0001,0,0,0.0001,0,0,0.0001,0,0,0.0001,lại hợp sâm clm đến v thì ff lai hop sam clm en v thi ff
0,0,0.0006,0,0,0.0002,0,0,0.0001,0,0,0.0001,0,0,0.0001,0,0,0.0001,hai cái bánh mỳ tại sài gòn hai cai banh my tai sai gon
0,1,0.994,0,1,0.5867,0,0,0.0002,0,0,0.0002,0,0,0.0002,0,0,0.0002,no no chỉ có bắc kì thôi nhé nam k kì no no chi co bac ki thoi nhe nam k ki
0,0,0.0006,0,0,0.0001,0,0,0.0001,0,0,0.0001,0,0,0.0001,0,0,0.0001,ghép chuẩn nhỉ ghep chuan nhi
0,0,0.0021,0,0,0.0003,0,0,0.0,0,0,0.0,0,0,0.0,0,0,0.0001,chung tiến suc vat ig hay it gì đó nằm ở cuối góc trái bản đồ chung tien suc vat ig hay it gi o nam o cuoi goc trai ban o
0,0,0.0005,0,0,0.0002,0,0,0.0001,0,0,0.0001,0,0,0.0001,0,0,0.0001,được anh ưi uoc anh ui
0,0,0.0005,0,0,0.0002,0,0,0.0001,0,0,0.0001,0,0,0.0001,0,0,0.0001,phương thảo sao mày không bảo stylish kéo cho anh tao cái khoá quần lên quần bên trong vội quá lấy của ông mà cứ khoe ra phuong thao sao may khong bao stylish keo cho anh tao cai khoa quan len quan ben trong voi qua lay cua ong ma cu khoe ra
1,0,0.0925,1,0,0.0123,0,0,0.0001,0,0,0.0,0,0,0.0,0,0,0.0001,da n ban khong trung de bua nao qua cali thu pho i ong tr d coi trung khong co chem thi i nhat thi b tr d cung di doi thoi da n ban khong trung de bua nao qua cali thu pho i ong tr d coi trung khong co chem thi i nhat thi b tr d cung di doi thoi
0,0,0.002,0,0,0.0003,0,0,0.0,0,0,0.0,0,0,0.0,0,0,0.0,zoo tỷ này tao mà là nhà nước tao đem tao nghiên cứu xe chạy gas hoặc solar xog tao mở nhà mày rồi cho công nhân vô làm vậy mỗi tháng công nhân gửi về quê đc ít nhất atriệu con cac vẫn hơn thằng ad rồi v zoo ty nay tao ma la nha nuoc tao em tao nghien cuu xe chay gas hoac solar xog tao mo nha may roi cho cong nhan vo lam vay moi thang cong nhan gui ve que c it nhat atrieu con cac van hon thang ad roi v
0,0,0.0005,0,0,0.0002,0,0,0.0001,0,0,0.0001,0,0,0.0001,0,0,0.0001,học sinh nam định lúc này hoc sinh nam inh luc nay
0,0,0.0008,0,0,0.0002,0,0,0.0001,0,0,0.0001,0,0,0.0,0,0,0.0001,không sợ địch mạnh sợ đồng đội thiếu suy nghĩ khong so ich manh so ong oi thieu suy nghi
1,1,0.9025,1,0,0.1401,0,0,0.0001,0,0,0.0001,0,0,0.0001,0,0,0.0001,đổi cờ hay kỳ gì cũng không đổi cái rẻ rách e đâu nha bác c oi co hay ky gi cung khong oi cai re rach e au nha bac c
0,0,0.0005,0,0,0.0002,0,0,0.0001,0,0,0.0001,0,0,0.0001,0,0,0.0001,trăm năm kiều vẫn là kiều tram nam kieu van la kieu
0,0,0.0005,0,0,0.0002,0,0,0.0001,0,0,0.0001,0,0,0.0001,0,0,0.0001,seri ảnh cưới đc nhiều người xem nhất seri anh cuoi c nhieu nguoi xem nhat
0,0,0.0005,0,0,0.0002,0,0,0.0001,0,0,0.0001,0,0,0.0001,0,0,0.0001,thinh nguyen con tinh chứ đâu má tự cách ly rồi thinh nguyen con tinh chu au ma tu cach ly roi
0,0,0.0005,0,0,0.0002,0,0,0.0001,0,0,0.0001,0,0,0.0001,0,0,0.0001,linh chi zề là duii rùiiii kakaa linh chi ze la duii ruiiii kakaa
0,0,0.0005,0,0,0.0002,0,0,0.0001,0,0,0.0001,0,0,0.0001,0,0,0.0001,nghe có vẻ mina nhưng lại là abe con cac nghe co ve mina nhung lai la abe con cac
0,0,0.0005,0,0,0.0002,0,0,0.0001,0,0,0.0001,0,0,0.0001,0,0,0.0001,quá đáng ccccc qua ang ccccc
0,0,0.0005,0,0,0.0002,0,0,0.0001,0,0,0.0001,0,0,0.0001,0,0,0.0001,nhũ kim duyên trần việt trần mấy ông có công nhận anh mixi độ của tui giống bạn chinh văn không t thề là t xem ông này nhiều thấy giống vãi nhu kim duyen tran viet tran may ong co cong nhan anh mixi o cua tui giong ban chinh van khong t the la t xem ong nay nhieu thay giong vai
0,0,0.0005,0,0,0.0002,0,0,0.0001,0,0,0.0001,0,0,0.0001,0,0,0.0001,đập bộ pc lấy j stream ap bo pc lay j stream
0,0,0.0005,0,0,0.0002,0,0,0.0001,0,0,0.0001,0,0,0.0001,0,0,0.0001,da đen vậy tộc trưởng ccc da en vay toc truong ccc
0,0,0.0005,0,0,0.0002,0,0,0.0001,0,0,0.0001,0,0,0.0001,0,0,0.0001,ruby đen mua đâu đấy e ơi bảo a cái ruby en mua au ay e oi bao a cai
1,1,0.8021,1,0,0.2906,0,0,0.0001,0,0,0.0001,0,0,0.0001,0,0,0.0001,mấy thằng cứ cực kì thuyết phục k chán à hay là k có não vậy iii may thang cu cuc ki thuyet phuc k chan a hay la k co nao vay iii
1,0,0.0872,0,0,0.0036,0,0,0.0001,0,0,0.0001,0,0,0.0001,0,0,0.0001,lưu bảo toàn đọc hại não vai ca lon luu bao toan oc hai nao vai ca lon
0,0,0.0005,0,0,0.0002,0,0,0.0001,0,0,0.0001,0,0,0.0001,0,0,0.0001,nguyen cao tuan hay nguyen cao tuan hay
0,0,0.0007,0,0,0.0003,0,0,0.0001,0,0,0.0001,0,0,0.0001,0,0,0.0001,bác đã già hơn quá nhiều rồi mong bác mạnh khỏe bac a gia hon qua nhieu roi mong bac manh khoe
0,0,0.0004,0,0,0.0002,0,0,0.0001,0,0,0.0001,0,0,0.0001,0,0,0.0001,huan ngoc nguyen trang ko lên được nửa ông giáo ạ huan ngoc nguyen trang ko len uoc nua ong giao a
0,0,0.274,0,0,0.015,0,0,0.0001,0,0,0.0001,0,0,0.0001,0,0,0.0001,bệnh ngề nghiệp thôi mà benh nge nghiep thoi ma
0,0,0.0005,0,0,0.0002,0,0,0.0001,0,0,0.0001,0,0,0.0001,0,0,0.0001,chương trình quảng cáo xin đc bắt đầu chuong trinh quang cao xin c bat au
0,0,0.0006,0,0,0.0002,0,0,0.0001,0,0,0.0001,0,0,0.0001,0,0,0.0001,minh hieu kg thich chi noi vay kg can tien cua chi đau minh hieu kg thich chi noi vay kg can tien cua chi au
0,0,0.0005,0,0,0.0002,0,0,0.0001,0,0,0.0001,0,0,0.0001,0,0,0.0001,vực kì hợp lí và đầy thuyết phục vuc ki hop li va ay thuyet phuc
1,1,0.9942,1,1,0.9584,0,0,0.0003,0,0,0.0003,0,0,0.0003,0,0,0.0002,thời đại h làm j còn giang hồ toàn tụi lưu manh chó sai cho công an vì đồng bạc bán rẽ lương tâm dùng từ giang hồ thì xa xỉ quá thoi ai h lam j con giang ho toan tui luu manh cho sai cho cong an vi ong bac ban re luong tam dung tu giang ho thi xa xi qua
0,0,0.0112,0,0,0.0008,0,0,0.0,0,0,0.0,0,0,0.0,0,0,0.0,phạm trần nhật quang anime đã vào đâu mà đòi rút chắc có nả hay bi rồng gì thôi pham tran nhat quang anime a vao au ma oi rut chac co na hay bi rong gi thoi
0,0,0.0005,0,0,0.0002,0,0,0.0001,0,0,0.0001,0,0,0.0001,0,0,0.0001,đôi lúc trong lòng đầy tâm sự nhưng biết nói cùng ai và hiện tại cũng thế có lúc mong thời gian trôi thật nhanh rồi có lúc mog thời gian chậm lại oi luc trong long ay tam su nhung biet noi cung ai va hien tai cung the co luc mong thoi gian troi that nhanh roi co luc mog thoi gian cham lai
0,0,0.0015,0,0,0.0003,0,0,0.0,0,0,0.0001,0,0,0.0,0,0,0.0001,nguyễn kim sale mà nhìn chiếc ảnh tưởng thầy sale sox ạ con cac nguyen kim sale ma nhin chiec anh tuong thay sale sox a con cac
1,0,0.0005,1,0,0.0002,0,0,0.0001,0,0,0.0001,0,0,0.0001,0,0,0.0001,bo truong cho bo truong cho
1,1,0.9886,1,0,0.4231,0,0,0.0002,0,0,0.0001,0,0,0.0001,0,0,0.0002,avõ xuân hoan m làm như có mình ên mặt m xài ròi mình ên mày khen nhưng nhìu ng thấy đéo tốt thì ng ta nói mất cai lon gì căng avo xuan hoan m lam nhu co minh en mat m xai roi minh en may khen nhung nhiu ng thay eo tot thi ng ta noi mat cai lon gi cang
1,0,0.0052,0,0,0.0004,0,0,0.0,0,0,0.0,0,0,0.0,0,0,0.0001,thông đít hàng ngày c thong it hang ngay c
0,0,0.0006,0,0,0.0002,0,0,0.0001,0,0,0.0001,0,0,0.0001,0,0,0.0001,edit sợ thế con cac edit so the con cac
0,0,0.0005,0,0,0.0002,0,0,0.0001,0,0,0.0001,0,0,0.0001,0,0,0.0001,ở nhà cho lành o nha cho lanh
0,0,0.0044,0,0,0.0005,0,0,0.0,0,0,0.0,0,0,0.0,0,0,0.0001,tô tô gu cậu à to to gu cau a
0,0,0.0005,0,0,0.0002,0,0,0.0001,0,0,0.0001,0,0,0.0001,0,0,0.0001,nói chuyện chân thật chất phát thik noi chuyen chan that chat phat thik
0,0,0.0005,0,0,0.0002,0,0,0.0001,0,0,0.0001,0,0,0.0001,0,0,0.0001,sếp nghèo là em đào đất ăn đóa sep ngheo la em ao at an oa
1,0,0.0022,0,0,0.0002,0,0,0.0,0,0,0.0,0,0,0.0,0,0,0.0001,ủa nó đẹp chỗ nào vậy ua no ep cho nao vay
0,0,0.0005,0,0,0.0002,0,0,0.0001,0,0,0.0001,0,0,0.0001,0,0,0.0001,em nhin ok em nhin ok
0,0,0.0008,0,0,0.0002,0,0,0.0001,0,0,0.0001,0,0,0.0,0,0,0.0001,phúc ngô mịnh tông ccc phuc ngo minh tong ccc
1,0,0.003,0,0,0.0003,0,0,0.0,0,0,0.0,0,0,0.0,0,0,0.0,cái mặt trông như côn đồ vậy cai mat trong nhu con o vay
0,1,0.5464,0,0,0.028,0,0,0.0001,0,0,0.0001,0,0,0.0001,0,0,0.0001,nhôn lùng ngôn lù nhon lung ngon lu
0,0,0.0026,0,0,0.0003,0,0,0.0,0,0,0.0,0,0,0.0,0,0,0.0001,sang quốc fan nhiều thể loại lắm ô sang quoc fan nhieu the loai lam o
0,0,0.0005,0,0,0.0002,0,0,0.0001,0,0,0.0001,0,0,0.0001,0,0,0.0001,abe ngầu lòi abe ngau loi
0,0,0.0005,0,0,0.0002,0,0,0.0001,0,0,0.0001,0,0,0.0001,0,0,0.0001,thời xưa thầy có chơi bờ chơi bụi không vậy thoi xua thay co choi bo choi bui khong vay
0,0,0.0006,0,0,0.0002,0,0,0.0001,0,0,0.0001,0,0,0.0001,0,0,0.0001,van nguyen gia chiến truoc an ne con cac van nguyen gia chien truoc an ne con cac
0,0,0.0008,0,0,0.0002,0,0,0.0001,0,0,0.0001,0,0,0.0,0,0,0.0001,phát võ hút cho lắm vào phat vo hut cho lam vao
0,0,0.0005,0,0,0.0002,0,0,0.0001,0,0,0.0001,0,0,0.0001,0,0,0.0001,nàng rêu ccccc nang reu ccccc
0,0,0.0006,0,0,0.0002,0,0,0.0001,0,0,0.0001,0,0,0.0001,0,0,0.0001,chào các bạn quay trở lại với tòi súng vờ lốc con cac chao cac ban quay tro lai voi toi sung vo loc con cac
0,0,0.0007,0,0,0.0001,0,0,0.0001,0,0,0.0001,0,0,0.0001,0,0,0.0001,lêu lêu leu leu
0,0,0.0005,0,0,0.0002,0,0,0.0001,0,0,0.0001,0,0,0.0001,0,0,0.0001,không biết anh tuân có ngy chưa nữa mê ảnh quá khong biet anh tuan co ngy chua nua me anh qua
0,1,0.5515,0,0,0.1585,0,0,0.0001,0,0,0.0,0,0,0.0001,0,0,0.0001,ông này diễn hài xàm hay nhất ong nay dien hai xam hay nhat
0,0,0.0005,0,0,0.0002,0,0,0.0001,0,0,0.0001,0,0,0.0001,0,0,0.0001,nguyễn hoàng anh tú huhu sợ qá k chạy grap nữa về phog ăn ngủ đủ giấc nguyen hoang anh tu huhu so qa k chay grap nua ve phog an ngu u giac
0,0,0.0029,0,0,0.0003,0,0,0.0,0,0,0.0,0,0,0.0,0,0,0.0001,thấy anh cmt mà buồn lây c thay anh cmt ma buon lay c
0,0,0.0006,0,0,0.0002,0,0,0.0001,0,0,0.0001,0,0,0.0001,0,0,0.0001,nguyễn đình tuyên hahaa lạc hậu nguyen inh tuyen hahaa lac hau
1,1,0.9947,1,1,0.9515,0,0,0.0003,0,0,0.0003,0,0,0.0003,0,0,0.0002,thoại trần đã không nói được lời nào lời nào hay ho xin câm con mẹ nó mồm vào thoai tran a khong noi uoc loi nao loi nao hay ho xin cam con me no mom vao
0,0,0.0005,0,0,0.0002,0,0,0.0001,0,0,0.0001,0,0,0.0001,0,0,0.0001,giang hồ hải phòng sau khi xem giang hồ bắc ninh dạy dỗ đàn em và cái kết giang ho hai phong sau khi xem giang ho bac ninh day do an em va cai ket
0,0,0.0007,0,0,0.0002,0,0,0.0001,0,0,0.0001,0,0,0.0,0,0,0.0001,anh ba hút rất nhiều thuốc chị panda đơm bể đầu yeah anh ba hut rat nhieu thuoc chi panda om be au yeah
0,0,0.0005,0,0,0.0002,0,0,0.0001,0,0,0.0001,0,0,0.0001,0,0,0.0001,mong ck mình nỗ lực xíu nha con cac mong ck minh no luc xiu nha con cac
0,0,0.0005,0,0,0.0002,0,0,0.0001,0,0,0.0001,0,0,0.0001,0,0,0.0001,cho con i tỉ đi cô cho con i ti i co
0,0,0.0005,0,0,0.0001,0,0,0.0001,0,0,0.0001,0,0,0.0001,0,0,0.0001,chăm chỉ cmt để giữ fan cứng mà ảnh ngầu thặc sự cham chi cmt e giu fan cung ma anh ngau thac su
0,0,0.0006,0,0,0.0002,0,0,0.0001,0,0,0.0001,0,0,0.0001,0,0,0.0001,mã hà cho vao voi ma ha cho vao voi
0,0,0.0006,0,0,0.0002,0,0,0.0001,0,0,0.0001,0,0,0.0001,0,0,0.0001,gặp main rồi ccc gap main roi ccc
0,0,0.0005,0,0,0.0002,0,0,0.0001,0,0,0.0001,0,0,0.0001,0,0,0.0001,mời cô hòe ăn cơm hay s ấy mà nghe ra mời con mèo ăn cơm moi co hoe an com hay s ay ma nghe ra moi con meo an com
0,0,0.0004,0,0,0.0002,0,0,0.0001,0,0,0.0001,0,0,0.0001,0,0,0.0001,phương trang dạ chiều nay tớ cũng mới xem thời sự rồi ạ phuong trang da chieu nay to cung moi xem thoi su roi a
1,1,0.9952,1,1,0.9509,0,0,0.0003,0,0,0.0004,0,0,0.0004,0,0,0.0003,ba bá dơ con cac ba ba do con cac
0,0,0.0006,0,0,0.0002,0,0,0.0001,0,0,0.0001,0,0,0.0001,0,0,0.0001,hài cấp liên thiên hà i hai cap lien thien ha i
0,0,0.0005,0,0,0.0002,0,0,0.0001,0,0,0.0001,0,0,0.0001,0,0,0.0001,vì sao redbull thắng thế vi sao redbull thang the
0,0,0.0908,0,0,0.0115,0,0,0.0,0,0,0.0,0,0,0.0,0,0,0.0001,có dạy làm ngành k thầy con cac co day lam nganh k thay con cac
0,0,0.0005,0,0,0.0002,0,0,0.0001,0,0,0.0001,0,0,0.0001,0,0,0.0001,hhh h ké hhh h ke
0,0,0.0021,0,0,0.0002,0,0,0.0,0,0,0.0,0,0,0.0,0,0,0.0001,nguyễn bích hằng hoang mang sờ tai nguyen bich hang hoang mang so tai
0,0,0.0005,0,0,0.0002,0,0,0.0001,0,0,0.0001,0,0,0.0001,0,0,0.0001,cực kỳ thuyết phục cuc ky thuyet phuc
0,0,0.0005,0,0,0.0002,0,0,0.0001,0,0,0.0001,0,0,0.0001,0,0,0.0001,vãi cả anh tèo cũng sang đây hóng vai ca anh teo cung sang ay hong
0,0,0.0005,0,0,0.0002,0,0,0.0001,0,0,0.0001,0,0,0.0001,0,0,0.0001,một góc ảnh khác rộng hơn mot goc anh khac rong hon
0,0,0.0005,0,0,0.0002,0,0,0.0001,0,0,0.0001,0,0,0.0001,0,0,0.0001,e chủ tiệm nói chuyện rất dễ thương e chu tiem noi chuyen rat de thuong
0,0,0.0005,0,0,0.0002,0,0,0.0001,0,0,0.0001,0,0,0.0001,0,0,0.0001,xin clip ban oi xin clip ban oi
0,1,0.7963,0,0,0.0116,0,0,0.0001,0,0,0.0001,0,0,0.0001,0,0,0.0002,vai lon tên ạ con cac vai lon ten a con cac
0,0,0.0005,0,0,0.0002,0,0,0.0001,0,0,0.0001,0,0,0.0001,0,0,0.0001,còn giúp chúng ta thành đạt nữaii con giup chung ta thanh at nuaii
0,0,0.0005,0,0,0.0002,0,0,0.0001,0,0,0.0001,0,0,0.0001,0,0,0.0001,và ở i nơi nào đó nhân dân của quốc gia caliphot luôn ủng hộ hk e va o i noi nao o nhan dan cua quoc gia caliphot luon ung ho hk e
0,0,0.002,0,0,0.0002,0,0,0.0,0,0,0.0001,0,0,0.0,0,0,0.0001,đừng tự sướng nữa ung tu suong nua
1,0,0.0006,1,0,0.0002,0,0,0.0001,0,0,0.0001,0,0,0.0001,0,0,0.0001,thằng ca chắc học võ công của võ đang ấy mà thang ca chac hoc vo cong cua vo ang ay ma
0,0,0.0005,0,0,0.0002,0,0,0.0001,0,0,0.0001,0,0,0.0001,0,0,0.0001,có sợ cô vy khong gai oi co so co vy khong gai oi
0,0,0.0005,0,0,0.0002,0,0,0.0001,0,0,0.0001,0,0,0.0001,0,0,0.0001,việt nam lúc này viet nam luc nay
0,0,0.0008,0,0,0.0002,0,0,0.0001,0,0,0.0001,0,0,0.0,0,0,0.0001,bà này chơi thiệt tình nên bị con kia lừa tiền ba nay choi thiet tinh nen bi con kia lua tien
0,0,0.0007,0,0,0.0002,0,0,0.0001,0,0,0.0001,0,0,0.0001,0,0,0.0001,phải biết như thế nào thì người ta mới tình nguyện đi hiến máu bạn ak bạn biết ao cũng có i cái đầu để suy nghĩ cơ mà đâu ai như trẻ con nghĩ gì làm vậy đâu phai biet nhu the nao thi nguoi ta moi tinh nguyen i hien mau ban ak ban biet ao cung co i cai au e suy nghi co ma au ai nhu tre con nghi gi lam vay au
1,1,0.9936,1,1,0.9433,0,0,0.0003,0,0,0.0002,0,0,0.0003,0,0,0.0002,thằng này đéo hiểu tiếng người rồi ở trên nó có để link vào đọc cho hiểu đi ngu mà gáy to thang nay eo hieu tieng nguoi roi o tren no co e link vao oc cho hieu i ngu ma gay to
0,0,0.0005,0,0,0.0002,0,0,0.0001,0,0,0.0001,0,0,0.0001,0,0,0.0001,anh độ mixi chưa bao giờ là hết deep anh o mixi chua bao gio la het deep
0,0,0.0009,0,0,0.0002,0,0,0.0001,0,0,0.0001,0,0,0.0,0,0,0.0001,thu nhài thế thì cách ly nó thu nhai the thi cach ly no
0,1,0.9801,0,1,0.6876,0,0,0.0001,0,0,0.0001,0,0,0.0001,0,0,0.0001,nguyễn văn nam cái đó gọi là ngu đấy bạn và chắc ở đây cũng có nhìu ae giống vậy nguyen van nam cai o goi la ngu ay ban va chac o ay cung co nhiu ae giong vay
0,1,0.9389,0,0,0.2675,0,0,0.0001,0,0,0.0001,0,0,0.0001,0,0,0.0001,nam quảng việc gì b phải cmt và nhấn mạnh là hay ho đéo j bài này hay lại câu like mất facebook ạ như vậy là ko hay rồi chứ hay hay ko hay là ý kiến riêng của mỗi người rồi ý bọn mình chỉ muốn b cmt lich sự hơn thôi ạ nam quang viec gi b phai cmt va nhan manh la hay ho eo j bai nay hay lai cau like mat facebook a nhu vay la ko hay roi chu hay hay ko hay la y kien rieng cua moi nguoi roi y bon minh chi muon b cmt lich su hon thoi a
1,1,0.9947,1,1,0.9541,0,0,0.0003,0,0,0.0003,0,0,0.0003,0,0,0.0002,lớn mấy tuổi đầu rồi nói cho như thằng ko não vẫn cố làm trò ngu si của mik để câu view não cá vàng éo hiểu sao đc lm youtuber con cac bệnh hoạn vkl chửi cho càng bị bệnh nặng con cac lon may tuoi au roi noi cho nhu thang ko nao van co lam tro ngu si cua mik e cau view nao ca vang eo hieu sao c lm youtuber con cac benh hoan vkl chui cho cang bi benh nang con cac
1,1,0.9929,0,0,0.3361,0,0,0.0002,0,0,0.0002,0,0,0.0002,0,0,0.0002,nghe mà thấy nhục nhã ăn nói vô học nghe ma thay nhuc nha an noi vo hoc
0,0,0.0024,0,0,0.0003,0,0,0.0,0,0,0.0001,0,0,0.0,0,0,0.0001,qua qua
0,0,0.0012,0,0,0.0002,0,0,0.0,0,0,0.0001,0,0,0.0,0,0,0.0001,anh lấy súng ra bắn là nó sợ à anh lay sung ra ban la no so a
1,1,0.9714,1,1,0.7066,0,0,0.0001,0,0,0.0001,0,0,0.0001,0,0,0.0001,lũ chó pít là động chạm nhưng tao thjk chửi đấy lu cho pit la ong cham nhung tao thjk chui ay
0,0,0.0583,0,0,0.0064,0,0,0.0,0,0,0.0,0,0,0.0,0,0,0.0001,t vào đọc cmt chúng mày buồn cười chết mẹ cccc t vao oc cmt chung may buon cuoi chet me cccc
0,0,0.0085,0,0,0.0005,0,0,0.0,0,0,0.0,0,0,0.0,0,0,0.0001,kristen stewart mà đóng vai chính thì tao thấy phim sẽ chẳng có ji là hay lắm kristen stewart ma ong vai chinh thi tao thay phim se chang co ji la hay lam
0,0,0.0005,0,0,0.0002,0,0,0.0001,0,0,0.0001,0,0,0.0001,0,0,0.0001,nhìn chị sang quá đẹp nhin chi sang qua ep
0,0,0.0006,0,0,0.0002,0,0,0.0001,0,0,0.0001,0,0,0.0001,0,0,0.0001,lan bánh bèo chỗ c gần đây k xế lan banh beo cho c gan ay k xe
0,0,0.0008,0,0,0.0002,0,0,0.0001,0,0,0.0001,0,0,0.0,0,0,0.0001,neu đang j từ mình sáng tạo hay thi đó mới hoi là tai năng cua mình con này đang tạo lao anh hưởng thế hệ trẻ nhỏ mo phật neu ang j tu minh sang tao hay thi o moi hoi la tai nang cua minh con nay ang tao lao anh huong the he tre nho mo phat
0,0,0.0005,0,0,0.0002,0,0,0.0001,0,0,0.0001,0,0,0.0001,0,0,0.0001,cuốn sách này còn không mọi người mình muốn mua về đọc con cac cuon sach nay con khong moi nguoi minh muon mua ve oc con cac
0,0,0.0007,0,0,0.0002,0,0,0.0001,0,0,0.0001,0,0,0.0001,0,0,0.0001,anh độ gáy thử xem nào anh o gay thu xem nao
0,0,0.0005,0,0,0.0002,0,0,0.0001,0,0,0.0001,0,0,0.0001,0,0,0.0001,ủa cây atm là ca sĩ hả ua cay atm la ca si ha
1,0,0.0005,1,0,0.0002,0,0,0.0001,0,0,0.0001,0,0,0.0001,0,0,0.0001,minh tuấn tổ sư màiiii minh tuan to su maiiii
0,0,0.0005,0,0,0.0001,0,0,0.0001,0,0,0.0001,0,0,0.0001,0,0,0.0001,mong ngày em ra đi của cô có trapmix mong ngay em ra i cua co co trapmix
0,0,0.0005,0,0,0.0002,0,0,0.0001,0,0,0.0001,0,0,0.0001,0,0,0.0001,mai quach ok hoa rơi cửa phật mai quach ok hoa roi cua phat
0,0,0.0005,0,0,0.0002,0,0,0.0001,0,0,0.0001,0,0,0.0001,0,0,0.0001,giọng bắc em xin dự đoán là thiên trâm ạ giong bac em xin du oan la thien tram a
0,0,0.0005,0,0,0.0002,0,0,0.0001,0,0,0.0001,0,0,0.0001,0,0,0.0001,ngô tấn hưng ông đang nâng trình thầy ba hay kéo trình duke xuống vậy ngo tan hung ong ang nang trinh thay ba hay keo trinh duke xuong vay
0,0,0.0825,0,0,0.0119,0,0,0.0001,0,0,0.0,0,0,0.0,0,0,0.0001,đúng rồi phải cùng nhau chống giặc chống cướp ngày cướp trắng trợn chứ ung roi phai cung nhau chong giac chong cuop ngay cuop trang tron chu
0,0,0.0005,0,0,0.0002,0,0,0.0001,0,0,0.0001,0,0,0.0001,0,0,0.0001,nhìn vậy thôi chứ thanh niên ở nhà chín chắn lắm đây nhin vay thoi chu thanh nien o nha chin chan lam ay
0,0,0.0005,0,0,0.0002,0,0,0.0001,0,0,0.0001,0,0,0.0001,0,0,0.0001,hóng abe làm game thêm hard cho học sinh mãn nhãn hong abe lam game them hard cho hoc sinh man nhan
0,0,0.0005,0,0,0.0002,0,0,0.0001,0,0,0.0001,0,0,0.0001,0,0,0.0001,nhìn có vẻ vô lý nhưng rất thuyết phục nhin co ve vo ly nhung rat thuyet phuc
0,0,0.0005,0,0,0.0002,0,0,0.0001,0,0,0.0001,0,0,0.0001,0,0,0.0001,đà nẵng thì nghĩ đầu tuần roi a nang thi nghi au tuan roi
0,0,0.0005,0,0,0.0002,0,0,0.0001,0,0,0.0001,0,0,0.0001,0,0,0.0001,thế anh đã là fan cứng của theanhzb rồi làng nước ơi the anh a la fan cung cua theanhzb roi lang nuoc oi
0,0,0.0142,0,0,0.001,0,0,0.0,0,0,0.0,0,0,0.0,0,0,0.0001,may đi ở trọ và làm giúp việc có ngon gì mà nói phách may i o tro va lam giup viec co ngon gi ma noi phach
0,1,0.9942,0,1,0.9449,0,0,0.0003,0,0,0.0002,0,0,0.0003,0,0,0.0002,được gs triệu sud ik ròi sủa tiêpa nhe uoc gs trieu sud ik roi sua tiepa nhe
0,0,0.001,0,0,0.0002,0,0,0.0001,0,0,0.0001,0,0,0.0,0,0,0.0001,vội vàng làm gì con cac voi vang lam gi con cac
0,0,0.0006,0,0,0.0002,0,0,0.0001,0,0,0.0001,0,0,0.0001,0,0,0.0001,mi rose no mi rose no
0,0,0.0005,0,0,0.0002,0,0,0.0001,0,0,0.0001,0,0,0.0001,0,0,0.0001,lời xin lỗi muộn màng từ bố độ gửi đến tùng sói loi xin loi muon mang tu bo o gui en tung soi
0,0,0.0006,0,0,0.0002,0,0,0.0001,0,0,0.0001,0,0,0.0001,0,0,0.0001,tớ xin cái ảnh này nhé to xin cai anh nay nhe
0,0,0.0005,0,0,0.0001,0,0,0.0001,0,0,0.0001,0,0,0.0001,0,0,0.0001,hay vai lon hay vai lon
0,0,0.0004,0,0,0.0002,0,0,0.0001,0,0,0.0001,0,0,0.0001,0,0,0.0001,duy trần xin link ytb duy tran xin link ytb
0,0,0.0005,0,0,0.0002,0,0,0.0001,0,0,0.0001,0,0,0.0001,0,0,0.0001,chu gia bảo ơ không trả lời được à chu gia bao o khong tra loi uoc a
1,0,0.0005,0,0,0.0002,0,0,0.0001,0,0,0.0001,0,0,0.0001,0,0,0.0001,mac ia qua mac ia qua
1,1,0.9945,0,1,0.9666,0,0,0.0004,0,0,0.0003,0,0,0.0004,0,0,0.0003,cũng nhờ có quan chúng bây mới ko là itỉnh của tàu khựa or làm chó ngoan của mỹ cung nho co quan chung bay moi ko la itinh cua tau khua or lam cho ngoan cua my
0,0,0.0007,0,0,0.0002,0,0,0.0001,0,0,0.0001,0,0,0.0001,0,0,0.0001,ngô kỷ về vn lánh nạn covidig rồii ngo ky ve vn lanh nan covidig roii
0,0,0.0005,0,0,0.0002,0,0,0.0001,0,0,0.0001,0,0,0.0001,0,0,0.0001,đây là táo liên quân ad ơi nhầm sang táo quân năm nào cũng lèo trẻ con vậy ay la tao lien quan ad oi nham sang tao quan nam nao cung leo tre con vay
0,0,0.0005,0,0,0.0002,0,0,0.0001,0,0,0.0001,0,0,0.0001,0,0,0.0001,sim số đẹp ib e nha sim so ep ib e nha
0,0,0.0005,0,0,0.0002,0,0,0.0001,0,0,0.0001,0,0,0.0001,0,0,0.0001,nhật anh vui thôi đừng có vui quá hong thôi lại mất vui nheee ccccc nhat anh vui thoi ung co vui qua hong thoi lai mat vui nheee ccccc
0,0,0.0005,0,0,0.0002,0,0,0.0001,0,0,0.0001,0,0,0.0001,0,0,0.0001,lê nhật khoa đem qua cmt bên lộc sting v le nhat khoa em qua cmt ben loc sting v
0,0,0.0005,0,0,0.0002,0,0,0.0001,0,0,0.0001,0,0,0.0001,0,0,0.0001,ủa ghế kia thì ngồi kiểu gì hả mn ua ghe kia thi ngoi kieu gi ha mn
1,1,0.9948,1,1,0.8339,0,0,0.0002,0,0,0.0002,0,0,0.0002,0,0,0.0002,huy hoàng xàm lon ít thôi huy hoang xam lon it thoi
0,0,0.0012,0,0,0.0002,0,0,0.0,0,0,0.0001,0,0,0.0,0,0,0.0001,vũ thanh huyền đang ăn tí sặc vu thanh huyen ang an ti sac
1,1,0.9672,1,1,0.8551,0,0,0.0001,0,0,0.0001,0,0,0.0001,0,0,0.0001,gi vay ba cung nho no di an cap do ba moi co sai do ba hieu oi kkkk chua thay ai khung nhu ba vay gi vay ba cung nho no di an cap do ba moi co sai do ba hieu oi kkkk chua thay ai khung nhu ba vay
0,0,0.0006,0,0,0.0002,0,0,0.0001,0,0,0.0001,0,0,0.0001,0,0,0.0001,phương thảo chắc để đi vệ sinh cho tịn đó mà phuong thao chac e i ve sinh cho tin o ma
0,0,0.0005,0,0,0.0002,0,0,0.0001,0,0,0.0001,0,0,0.0001,0,0,0.0001,lê quang huấn tôi tin bạn le quang huan toi tin ban
0,0,0.0005,0,0,0.0002,0,0,0.0001,0,0,0.0001,0,0,0.0001,0,0,0.0001,mong trần dần vượt qua đc mùa dịch và vẫn còn sống để diễn hài cho đồng bào vn xem ông mà mất thì thui buồn lắm đó mong tran dan vuot qua c mua dich va van con song e dien hai cho ong bao vn xem ong ma mat thi thui buon lam o
0,0,0.0005,0,0,0.0002,0,0,0.0001,0,0,0.0001,0,0,0.0001,0,0,0.0001,chị lệ này thì ai chả biết ở hn chi le nay thi ai cha biet o hn
0,0,0.0005,0,0,0.0002,0,0,0.0001,0,0,0.0001,0,0,0.0001,0,0,0.0001,mình hạ hoà này gần ngay chỗ mình oét mà vẫn phải đi học minh ha hoa nay gan ngay cho minh oet ma van phai i hoc
0,0,0.273,0,0,0.0858,0,0,0.0001,0,0,0.0,0,0,0.0001,0,0,0.0001,có i sự thật rằng nếu thp ko có nhiều tiền thì anh minh sẽ ko ngồi tù i oke inếu thp ko có nhiều tiền thì giám định cái chai nó khác đi i co i su that rang neu thp ko co nhieu tien thi anh minh se ko ngoi tu i oke ineu thp ko co nhieu tien thi giam inh cai chai no khac i i
0,0,0.0005,0,0,0.0002,0,0,0.0001,0,0,0.0001,0,0,0.0001,0,0,0.0001,duyên quá cô ơi duyen qua co oi
0,0,0.001,0,0,0.0002,0,0,0.0,0,0,0.0001,0,0,0.0,0,0,0.0001,có s loại xe ưu tiên thứ i xe cứu hỏa thứ z xe quân sự và xe công an thứ e xe cứu thương thứ a xe hộ đê thứ s xe có đoàn cảnh sát dẫn đường vậy trong hình này z xe biển xanh nhà nước nếu mà có xe csgt dẫn đường mới là xe ưu tiên thứ s nhưng mà ko có xe csgt dẫn đường nên z xe này vi phạm nơi đỗ xe co s loai xe uu tien thu i xe cuu hoa thu z xe quan su va xe cong an thu e xe cuu thuong thu a xe ho e thu s xe co oan canh sat dan uong vay trong hinh nay z xe bien xanh nha nuoc neu ma co xe csgt dan uong moi la xe uu tien thu s nhung ma ko co xe csgt dan uong nen z xe nay vi pham noi o xe
0,0,0.0006,0,0,0.0002,0,0,0.0001,0,0,0.0001,0,0,0.0001,0,0,0.0001,tròi má cười xỉu á troi ma cuoi xiu a
1,1,0.9072,0,0,0.0499,0,0,0.0001,0,0,0.0001,0,0,0.0001,0,0,0.0001,dơ quá do qua
0,0,0.0028,0,0,0.0002,0,0,0.0,0,0,0.0,0,0,0.0,0,0,0.0001,chuẩn luôn ko thích theo dõi fb thì bỏ theo dõi đi theo dõi ng ta mà ko chấp nhận những gì ng ta đăng vậy hoá là sống giả tạo ah chuan luon ko thich theo doi fb thi bo theo doi i theo doi ng ta ma ko chap nhan nhung gi ng ta ang vay hoa la song gia tao ah
0,0,0.0004,0,0,0.0002,0,0,0.0001,0,0,0.0001,0,0,0.0001,0,0,0.0001,nana nguyễn cánh hoa đây nha nana nguyen canh hoa ay nha
1,1,0.9871,1,1,0.8749,0,0,0.0002,0,0,0.0001,0,0,0.0002,0,0,0.0001,paula lưu người miền đéo nào mà chả ăn cơm ông này bị hài à dựa vào thịt chó chỉ là cái cớ để phân biệt vùng miền không bằng cả con chó rách paula luu nguoi mien eo nao ma cha an com ong nay bi hai a dua vao thit cho chi la cai co e phan biet vung mien khong bang ca con cho rach
0,0,0.0005,0,0,0.0002,0,0,0.0001,0,0,0.0001,0,0,0.0001,0,0,0.0001,e cười e sỉu e cuoi e siu
0,0,0.0005,0,0,0.0002,0,0,0.0001,0,0,0.0001,0,0,0.0001,0,0,0.0001,nay chị dẹp quá nay chi dep qua
0,0,0.0005,0,0,0.0002,0,0,0.0001,0,0,0.0001,0,0,0.0001,0,0,0.0001,chui bac ki coi chừng hôi hân ko kip chui bac ki coi chung hoi han ko kip
0,0,0.0005,0,0,0.0001,0,0,0.0001,0,0,0.0001,0,0,0.0001,0,0,0.0001,no ko co o vn lam sao ma cao dc ban oi no ko co o vn lam sao ma cao dc ban oi
0,0,0.0006,0,0,0.0002,0,0,0.0001,0,0,0.0001,0,0,0.0001,0,0,0.0001,trung tùng trung tung
0,1,0.9245,0,1,0.5283,0,0,0.0002,0,0,0.0001,0,0,0.0002,0,0,0.0002,trường hợp này nên tử hình truong hop nay nen tu hinh
0,0,0.0005,0,0,0.0002,0,0,0.0001,0,0,0.0001,0,0,0.0001,0,0,0.0001,đào đứcanh ao ucanh
0,0,0.0011,0,0,0.0002,0,0,0.0001,0,0,0.0001,0,0,0.0,0,0,0.0001,vũ đạo dink kout thật vu ao dink kout that
0,0,0.0005,0,0,0.0002,0,0,0.0001,0,0,0.0001,0,0,0.0001,0,0,0.0001,lê thành le thanh
0,1,0.9828,0,1,0.6577,0,0,0.0001,0,0,0.0001,0,0,0.0001,0,0,0.0001,đm bẹp dúm oto thế kia còn j là người thanh niên bây h hết việc làm toàn ra đường quậy phá xong lên mạng đòi tự do aa m bep dum oto the kia con j la nguoi thanh nien bay h het viec lam toan ra uong quay pha xong len mang oi tu do aa
1,0,0.0035,1,0,0.0004,0,0,0.0,0,0,0.0,0,0,0.0,0,0,0.0,mai ông hùng king về bẻ cổ chúng nó i mai ong hung king ve be co chung no i
0,0,0.0007,0,0,0.0002,0,0,0.0001,0,0,0.0001,0,0,0.0001,0,0,0.0001,nguoi mien trung nhu e chi ngoi xem cac bac chui nhau thoi con cac nguoi mien trung nhu e chi ngoi xem cac bac chui nhau thoi con cac
0,0,0.0005,0,0,0.0002,0,0,0.0001,0,0,0.0001,0,0,0.0001,0,0,0.0001,bổ sung thêm cho bình luận vừa nãy of anh em chợt thấy cái này rất hợp hoàn cảnh harry lê bo sung them cho binh luan vua nay of anh em chot thay cai nay rat hop hoan canh harry le
0,0,0.0005,0,0,0.0002,0,0,0.0001,0,0,0.0001,0,0,0.0001,0,0,0.0001,dược duoc
0,0,0.0005,0,0,0.0002,0,0,0.0001,0,0,0.0001,0,0,0.0001,0,0,0.0001,úi tốt nghiệp còn không đỗ thì làm được gì các em ơiii ui tot nghiep con khong o thi lam uoc gi cac em oiii
0,0,0.0006,0,0,0.0002,0,0,0.0001,0,0,0.0001,0,0,0.0001,0,0,0.0001,anh xin lỗi tùng đi sữa cho tùng tháng này thế nào anh xin loi tung i sua cho tung thang nay the nao
0,0,0.0005,0,0,0.0002,0,0,0.0001,0,0,0.0001,0,0,0.0001,0,0,0.0001,đêm nay hoạ mi cao bằng gáy to lắm em nay hoa mi cao bang gay to lam
1,1,0.9953,1,1,0.9472,0,0,0.0003,0,0,0.0003,0,0,0.0003,0,0,0.0003,lao gia khung tien tri cai con c lao gia khung tien tri cai con c
1,1,0.9947,1,1,0.965,0,0,0.0004,0,0,0.0004,0,0,0.0004,0,0,0.0003,tuổi tre vn chỉ chờ cơ hội để loã thể mất phẩm giá con người tuổi trẻ vn bây giờ chỉ muốn làm thú thờ ơ tất cả mọi thứ nước mất nhà tan cho tụi bây tha hồ ở chuồng làm nô lệ cho tàu cộng uổng công cha mẹ tuoi tre vn chi cho co hoi e loa the mat pham gia con nguoi tuoi tre vn bay gio chi muon lam thu tho o tat ca moi thu nuoc mat nha tan cho tui bay tha ho o chuong lam no le cho tau cong uong cong cha me
0,1,0.9941,0,1,0.9409,0,0,0.0003,0,0,0.0002,0,0,0.0003,0,0,0.0002,anh trung bóng lộn sa đéc anh trung bong lon sa ec
0,0,0.0006,0,0,0.0002,0,0,0.0001,0,0,0.0001,0,0,0.0001,0,0,0.0001,quỷ gọi quỷ gọi abe ơi quy goi quy goi abe oi
0,0,0.4453,0,0,0.04,0,0,0.0001,0,0,0.0001,0,0,0.0001,0,0,0.0001,abe căng con cac abe cang con cac
0,0,0.001,0,0,0.0002,0,0,0.0001,0,0,0.0001,0,0,0.0,0,0,0.0001,rồi dân tộc sẽ đi về đâu roi dan toc se i ve au
1,0,0.0072,1,0,0.0007,0,0,0.0,0,0,0.0,0,0,0.0,0,0,0.0,loại này thả nó và khu bảo tồn thiên nhiên cho về với giống loài của nó chứ ng việt nam ta có cùng giống loài vời hắn dc đâu loai nay tha no va khu bao ton thien nhien cho ve voi giong loai cua no chu ng viet nam ta co cung giong loai voi han dc au
0,0,0.0004,0,0,0.0002,0,0,0.0001,0,0,0.0001,0,0,0.0001,0,0,0.0001,nguyễn quốc huy thiện style à nguyen quoc huy thien style a
0,0,0.0007,0,0,0.0002,0,0,0.0001,0,0,0.0001,0,0,0.0001,0,0,0.0001,quản lí fan cứng quan li fan cung
0,0,0.0005,0,0,0.0002,0,0,0.0001,0,0,0.0001,0,0,0.0001,0,0,0.0001,cô có duyên lắm luôn à thương cô có gì nói đó nhìn mến lắm luôn co co duyen lam luon a thuong co co gi noi o nhin men lam luon
0,0,0.2968,0,0,0.0079,0,0,0.0001,0,0,0.0001,0,0,0.0001,0,0,0.0001,không được đẹp mà kệ zạy khong uoc ep ma ke zay
0,0,0.0006,0,0,0.0002,0,0,0.0001,0,0,0.0001,0,0,0.0001,0,0,0.0001,phan trung hiếu thế bài sao em vô tình như thế nào có đỉnh như bp với sg không phan trung hieu the bai sao em vo tinh nhu the nao co inh nhu bp voi sg khong
0,0,0.0006,0,0,0.0002,0,0,0.0001,0,0,0.0001,0,0,0.0001,0,0,0.0001,cực kì thuyết phụccc cuc ki thuyet phuccc
0,0,0.0005,0,0,0.0002,0,0,0.0001,0,0,0.0001,0,0,0.0001,0,0,0.0001,huyền khánh phùng giống bố hồi nhỏ phết huyen khanh phung giong bo hoi nho phet
0,0,0.0005,0,0,0.0002,0,0,0.0001,0,0,0.0001,0,0,0.0001,0,0,0.0001,thi ribi thi ribi
0,0,0.0006,0,0,0.0002,0,0,0.0001,0,0,0.0001,0,0,0.0001,0,0,0.0001,bà này đỉnh thật nữ tướng đáng khâm phục giá như mà việt nami có sự lãnh đạo của bà thay cho ntkn thì hay cho đất nước ba nay inh that nu tuong ang kham phuc gia nhu ma viet nami co su lanh ao cua ba thay cho ntkn thi hay cho at nuoc
1,1,0.9958,0,1,0.9199,0,0,0.0003,0,0,0.0003,0,0,0.0003,0,0,0.0002,dân đen ăn lon hết rồi đkm d dan en an lon het roi km d
0,1,0.8924,0,0,0.1185,0,0,0.0001,0,0,0.0001,0,0,0.0001,0,0,0.0001,hãy tỏ ra là não mình không phẳng đi các bạn hay to ra la nao minh khong phang i cac ban
0,1,0.9938,0,1,0.8543,0,0,0.0002,0,0,0.0002,0,0,0.0002,0,0,0.0002,kiên kiến đã nói đúng còn sủa to kien kien a noi ung con sua to
1,1,0.9949,1,1,0.9486,0,0,0.0003,0,0,0.0003,0,0,0.0003,0,0,0.0002,đòi bằng được mẹ sang mỹ bây giờ lại muốn đuổi mẹ ra khỏi nước mỹ bọn mất dạy oi bang uoc me sang my bay gio lai muon uoi me ra khoi nuoc my bon mat day
0,0,0.0004,0,0,0.0002,0,0,0.0001,0,0,0.0001,0,0,0.0001,0,0,0.0001,vy mai trần hiền mỹ phương mới hôm qua ccc vy mai tran hien my phuong moi hom qua ccc
1,1,0.9949,1,1,0.8633,0,0,0.0002,0,0,0.0002,0,0,0.0002,0,0,0.0002,trương duy lon mẹ truong duy lon me
0,1,0.9513,0,1,0.7614,0,0,0.0001,0,0,0.0001,0,0,0.0001,0,0,0.0001,s ông g tổ dcc s ong g to dcc
0,0,0.001,0,0,0.0002,0,0,0.0001,0,0,0.0001,0,0,0.0,0,0,0.0001,nhà tiên tri đã làm bao nhiêu diễn viên mất việc nha tien tri a lam bao nhieu dien vien mat viec
0,0,0.0005,0,0,0.0002,0,0,0.0001,0,0,0.0001,0,0,0.0001,0,0,0.0001,nhưng tha cho thpt nha c nhung tha cho thpt nha c
0,1,0.9017,0,0,0.417,0,0,0.0001,0,0,0.0001,0,0,0.0001,0,0,0.0001,có sela k thầy nghe bảo sela chơi g hải tặc kinh lắm co sela k thay nghe bao sela choi g hai tac kinh lam
0,0,0.0004,0,0,0.0002,0,0,0.0001,0,0,0.0001,0,0,0.0001,0,0,0.0001,hoàng quốc trọng ok hahah hoang quoc trong ok hahah
1,0,0.0006,1,0,0.0002,0,0,0.0001,0,0,0.0001,0,0,0.0001,0,0,0.0001,dẫn độ tội phạm tc rất hoành tráng dan o toi pham tc rat hoanh trang
0,0,0.0009,0,0,0.0002,0,0,0.0001,0,0,0.0001,0,0,0.0,0,0,0.0001,cứ mơ đi vì cuộc đời cho phép cu mo i vi cuoc oi cho phep
0,0,0.0005,0,0,0.0002,0,0,0.0001,0,0,0.0001,0,0,0.0001,0,0,0.0001,an cư lập nghiệp có vẻ hợpnlys an cu lap nghiep co ve hopnlys
0,0,0.0244,0,0,0.0019,0,0,0.0,0,0,0.0,0,0,0.0,0,0,0.0,tưởng đi diễn hài hải ngoại nữa chứ con cac tuong i dien hai hai ngoai nua chu con cac
1,1,0.995,1,1,0.9392,0,0,0.0003,0,0,0.0003,0,0,0.0003,0,0,0.0002,thằng điên văn vở câu like rẻ tiền cút thang ien van vo cau like re tien cut
0,0,0.0005,0,0,0.0002,0,0,0.0001,0,0,0.0001,0,0,0.0001,0,0,0.0001,dòng cap khá là thuyết phục dong cap kha la thuyet phuc
0,0,0.0006,0,0,0.0002,0,0,0.0001,0,0,0.0001,0,0,0.0001,0,0,0.0001,sống chậm đi các pro song cham i cac pro
0,0,0.0118,0,0,0.0005,0,0,0.0,0,0,0.0,0,0,0.0,0,0,0.0001,tui chết với sự đáng eooo này tui chet voi su ang eooo nay
0,0,0.0607,0,0,0.0021,0,0,0.0001,0,0,0.0,0,0,0.0,0,0,0.0001,buồn buon
1,0,0.1227,0,0,0.0026,0,0,0.0001,0,0,0.0001,0,0,0.0001,0,0,0.0001,thuyết phục vai ca lon cccc thuyet phuc vai ca lon cccc
1,1,0.9955,1,1,0.9184,0,0,0.0003,0,0,0.0003,0,0,0.0003,0,0,0.0002,hát như cái đách lon dị đó abe c hat nhu cai ach lon di o abe c
0,0,0.0004,0,0,0.0002,0,0,0.0001,0,0,0.0001,0,0,0.0001,0,0,0.0001,nghe có vẻ thuyết phục thôi chúc nốt đã rồi tính tiếp nghe co ve thuyet phuc thoi chuc not a roi tinh tiep
0,0,0.0009,0,0,0.0002,0,0,0.0001,0,0,0.0001,0,0,0.0,0,0,0.0001,thà ngủ sớm để đỡ phải rep tin nhắn tha ngu som e o phai rep tin nhan
0,0,0.0006,0,0,0.0002,0,0,0.0001,0,0,0.0001,0,0,0.0001,0,0,0.0001,hn thu nguyên nói câu mát hết cả lòng con cac hn thu nguyen noi cau mat het ca long con cac
1,0,0.0228,1,0,0.0029,0,0,0.0,0,0,0.0,0,0,0.0,0,0,0.0,hoangphat nguyen hơi trách đâu trách bà quỷ này bạn ơi mình người miền nam nhưng nghe còn mệt hả luôn hoangphat nguyen hoi trach au trach ba quy nay ban oi minh nguoi mien nam nhung nghe con met ha luon
0,0,0.1101,0,0,0.0084,0,0,0.0001,0,0,0.0001,0,0,0.0001,0,0,0.0001,ơ bàn phím bị gì mà viết nhầm dấu gạch ngang thế kia o ban phim bi gi ma viet nham dau gach ngang the kia
1,1,0.6803,0,0,0.0064,0,0,0.0001,0,0,0.0001,0,0,0.0001,0,0,0.0002,cáu vai lon cau vai lon
0,0,0.0005,0,0,0.0002,0,0,0.0001,0,0,0.0001,0,0,0.0001,0,0,0.0001,kì tích rồi anh ạ ki tich roi anh a
0,0,0.0005,0,0,0.0002,0,0,0.0001,0,0,0.0001,0,0,0.0001,0,0,0.0001,luôn ủng hộ thầy luon ung ho thay
1,1,0.9959,1,1,0.9433,0,0,0.0003,0,0,0.0004,0,0,0.0004,0,0,0.0003,du ma may du ma may
0,0,0.0006,0,0,0.0002,0,0,0.0001,0,0,0.0001,0,0,0.0001,0,0,0.0001,nhanh ề xoá kênh nhanh e xoa kenh
1,1,0.9945,1,1,0.9452,0,0,0.0003,0,0,0.0003,0,0,0.0003,0,0,0.0002,vậy đù má thằng ad chó đẻ ko có trái tim vì ko cứu đứa bé ko báo ca ko kêu báo đăng đù má thằng ad vay u ma thang ad cho e ko co trai tim vi ko cuu ua be ko bao ca ko keu bao ang u ma thang ad
1,1,0.6307,1,0,0.2417,0,0,0.0001,0,0,0.0,0,0,0.0001,0,0,0.0001,trần lâm vậy bác sĩ bên đó ngu quá biết đang dịch vậy mà vẫn cầm ống hút đi lấy máu tran lam vay bac si ben o ngu qua biet ang dich vay ma van cam ong hut i lay mau
0,0,0.0007,0,0,0.0002,0,0,0.0001,0,0,0.0001,0,0,0.0001,0,0,0.0001,lag rất đúng lúc lag rat ung luc
0,0,0.0006,0,0,0.0001,0,0,0.0001,0,0,0.0001,0,0,0.0001,0,0,0.0001,tại không phá đảo được game này nên mới bảo là game cho con nít chứ phá đảo được thì lại ghi là game dành cho độ tai khong pha ao uoc game nay nen moi bao la game cho con nit chu pha ao uoc thi lai ghi la game danh cho o
1,1,0.9753,1,1,0.7522,0,0,0.0001,0,0,0.0001,0,0,0.0001,0,0,0.0001,cắn ko đúng định hướng ko đủ số lượng là nó đuổi chứ ko phải lấy e củ của nó mà dễ đâu mấy ông phản động ơi can ko ung inh huong ko u so luong la no uoi chu ko phai lay e cu cua no ma de au may ong phan ong oi
0,0,0.0008,0,0,0.0002,0,0,0.0001,0,0,0.0001,0,0,0.0,0,0,0.0001,khổ thân a người ta lương t btr thù ăn mì tôm thôi còn a lương t btr phải ăn mì cua hoàng đế kho than a nguoi ta luong t btr thu an mi tom thoi con a luong t btr phai an mi cua hoang e
0,0,0.0007,0,0,0.0002,0,0,0.0001,0,0,0.0001,0,0,0.0001,0,0,0.0001,bên anh nó đợi người chết gần bằng bệnh cúm ấy thì mới quan tâm qua bên đó đeo khẩu trang nó kỳ thị khỏi nói ben anh no oi nguoi chet gan bang benh cum ay thi moi quan tam qua ben o eo khau trang no ky thi khoi noi
1,0,0.001,1,0,0.0002,0,0,0.0001,0,0,0.0001,0,0,0.0,0,0,0.0001,trần minh hoài là hình cánh hoa nha c k phải cailoncat hihi tran minh hoai la hinh canh hoa nha c k phai cailoncat hihi
0,0,0.0009,0,0,0.0002,0,0,0.0001,0,0,0.0001,0,0,0.0,0,0,0.0001,oce a nhõ oce a nho
0,0,0.0019,0,0,0.0002,0,0,0.0,0,0,0.0,0,0,0.0,0,0,0.0001,đc vai lon lun kk c vai lon lun kk
0,1,0.68,0,0,0.158,0,0,0.0001,0,0,0.0001,0,0,0.0001,0,0,0.0001,chết rồi tình báo cộng sản bị lộ rồi chet roi tinh bao cong san bi lo roi
0,0,0.0006,0,0,0.0002,0,0,0.0001,0,0,0.0001,0,0,0.0001,0,0,0.0001,cuong viet quốc sư vẫn hài hơn ngô kỷ i bậc cuong viet quoc su van hai hon ngo ky i bac
0,0,0.0011,0,0,0.0002,0,0,0.0,0,0,0.0001,0,0,0.0,0,0,0.0001,theo thông tin câph nhật thì dòng sông hương đã đưa iz thí sinh ra xa bờ còn iz còn lại đã bị đè chớt bên tích phân theo thong tin caph nhat thi dong song huong a ua iz thi sinh ra xa bo con iz con lai a bi e chot ben tich phan
0,0,0.0007,0,0,0.0002,0,0,0.0001,0,0,0.0001,0,0,0.0001,0,0,0.0001,ngủ làm sao đc khi bh là csgo time chứ con cac ngu lam sao c khi bh la csgo time chu con cac
1,0,0.0005,0,0,0.0002,0,0,0.0001,0,0,0.0001,0,0,0.0001,0,0,0.0001,trả lại để ông khác còn ăn chứ chia sẻ cho nhau là hp mà disaa tra lai e ong khac con an chu chia se cho nhau la hp ma disaa
1,0,0.0005,1,0,0.0002,0,0,0.0001,0,0,0.0001,0,0,0.0001,0,0,0.0001,hoàng xuân tâm mày muốn đợi tùng ra mv thì mày phải ráng chờ anh gd tung sản phẩm đã khi đó tùng mới có ý tưởng ra mv cho mày xem hoang xuan tam may muon oi tung ra mv thi may phai rang cho anh gd tung san pham a khi o tung moi co y tuong ra mv cho may xem
0,0,0.0006,0,0,0.0001,0,0,0.0001,0,0,0.0001,0,0,0.0001,0,0,0.0001,e cảm thấy rất bất công khi nhận được danh hiệu fan cứng mà k làm gì cả e cam thay rat bat cong khi nhan uoc danh hieu fan cung ma k lam gi ca
1,1,0.9893,1,1,0.9304,0,0,0.0002,0,0,0.0002,0,0,0.0002,0,0,0.0002,đáng lẽ nhà nước tong chúng nó ra đảo hết mới phải mang tiền đi du lịch rồi mang virut báo hại nhà nước ang le nha nuoc tong chung no ra ao het moi phai mang tien i du lich roi mang virut bao hai nha nuoc
1,1,0.9949,1,1,0.8884,0,0,0.0002,0,0,0.0002,0,0,0.0002,0,0,0.0002,đập ngu như thầy thì mãi mãi cx deo lên đc t e thề ap ngu nhu thay thi mai mai cx deo len c t e the
0,0,0.0005,0,0,0.0002,0,0,0.0001,0,0,0.0001,0,0,0.0001,0,0,0.0001,tuyen nguyen tuyen nguyen
0,0,0.0008,0,0,0.0002,0,0,0.0001,0,0,0.0001,0,0,0.0,0,0,0.0001,nhiều đồ giá trị quá cafe bao cấp mà thấy bức ảnh này chắc thích mê các món đồ quá nhieu o gia tri qua cafe bao cap ma thay buc anh nay chac thich me cac mon o qua
0,0,0.0005,0,0,0.0002,0,0,0.0001,0,0,0.0001,0,0,0.0001,0,0,0.0001,ôi hoàng tử hãy tha thứ cho thầy của em bị dính lời nguyền oi hoang tu hay tha thu cho thay cua em bi dinh loi nguyen
0,0,0.0005,0,0,0.0002,0,0,0.0001,0,0,0.0001,0,0,0.0001,0,0,0.0001,chị của t dễ thương quá chi cua t de thuong qua
0,0,0.0005,0,0,0.0002,0,0,0.0001,0,0,0.0001,0,0,0.0001,0,0,0.0001,hồ sỹ hải do bạn nói đúng ho sy hai do ban noi ung
0,1,0.9915,0,0,0.4513,0,0,0.0002,0,0,0.0002,0,0,0.0002,0,0,0.0002,gro annie xàm chỗ méo nào hả bro gro annie xam cho meo nao ha bro
0,0,0.0005,0,0,0.0002,0,0,0.0001,0,0,0.0001,0,0,0.0001,0,0,0.0001,rich quá thầy ơi rich qua thay oi
1,1,0.9947,1,1,0.9493,0,0,0.0003,0,0,0.0003,0,0,0.0003,0,0,0.0003,xe cong tuc la cong tac con xe dan tuc la dan den bon bao ve chi la may con cho giu cua neu dan cho an thi no theo con quan cho no an thi no theo thoi bon cho hua ma xe cong tuc la cong tac con xe dan tuc la dan den bon bao ve chi la may con cho giu cua neu dan cho an thi no theo con quan cho no an thi no theo thoi bon cho hua ma
0,0,0.0005,0,0,0.0002,0,0,0.0001,0,0,0.0001,0,0,0.0001,0,0,0.0001,from đồng nai with love v chúc anh chị nghĩ lễ vv from ong nai with love v chuc anh chi nghi le vv
0,0,0.0006,0,0,0.0002,0,0,0.0001,0,0,0.0001,0,0,0.0001,0,0,0.0001,tịch an chuẩn tich an chuan
0,0,0.0006,0,0,0.0001,0,0,0.0001,0,0,0.0001,0,0,0.0001,0,0,0.0001,mới mần xog lun moi man xog lun
0,0,0.0005,0,0,0.0002,0,0,0.0001,0,0,0.0001,0,0,0.0001,0,0,0.0001,abe của tôi abe cua toi
0,0,0.0006,0,0,0.0002,0,0,0.0001,0,0,0.0001,0,0,0.0001,0,0,0.0001,tứt nhiên là ông chỉ là một diễn viên hài nghe ông nói tui mắc cười quá việt nam tôi không thích dựa vào ai cả trung quốc cũng như mỹ tut nhien la ong chi la mot dien vien hai nghe ong noi tui mac cuoi qua viet nam toi khong thich dua vao ai ca trung quoc cung nhu my
1,1,0.9945,1,1,0.9617,0,0,0.0003,0,0,0.0003,0,0,0.0004,0,0,0.0003,m lên báo cáo tài chính hợp nhất đó mà xemi nói ra đã thấy mày óc chó ntn rồii lũ thổ dân mồm vẩui m len bao cao tai chinh hop nhat o ma xemi noi ra a thay may oc cho ntn roii lu tho dan mom vaui
0,0,0.0011,0,0,0.0002,0,0,0.0,0,0,0.0001,0,0,0.0,0,0,0.0001,bạn nào bị thâm môi mắt chân tay thâm do ngứa bỏng ngã xe dị ứng ib mình nhé ban nao bi tham moi mat chan tay tham do ngua bong nga xe di ung ib minh nhe
0,0,0.0004,0,0,0.0002,0,0,0.0001,0,0,0.0001,0,0,0.0001,0,0,0.0001,đừng nhắc làm tui thèm chứ cô ahuhu ung nhac lam tui them chu co ahuhu
0,1,0.9728,0,0,0.0691,0,0,0.0002,0,0,0.0002,0,0,0.0001,0,0,0.0002,ý thức y thuc
1,0,0.0005,0,0,0.0002,0,0,0.0001,0,0,0.0001,0,0,0.0001,0,0,0.0001,tôi xin rút kinh nguyệt nhé mợ mỗi tháng rút i lần nhể toi xin rut kinh nguyet nhe mo moi thang rut i lan nhe
0,0,0.0006,0,0,0.0002,0,0,0.0001,0,0,0.0001,0,0,0.0001,0,0,0.0001,nó triết lý lắm nhưng từ ngữ lại ứ thể share được no triet ly lam nhung tu ngu lai u the share uoc
0,0,0.0007,0,0,0.0002,0,0,0.0001,0,0,0.0001,0,0,0.0,0,0,0.0001,bt các bạn phan cuồng chửi vậy mik đã ko nêu ra ý kiến cá nhân bt cac ban phan cuong chui vay mik a ko neu ra y kien ca nhan
0,0,0.0005,0,0,0.0002,0,0,0.0001,0,0,0.0001,0,0,0.0001,0,0,0.0001,ad chứ kh fải add nha a ơi ccc ad chu kh fai add nha a oi ccc
1,1,0.9951,1,1,0.9663,0,0,0.0004,0,0,0.0004,0,0,0.0005,0,0,0.0003,mấy thằng thằng bóng lộn xàm lòn may thang thang bong lon xam lon
0,0,0.2193,0,0,0.0225,0,0,0.0001,0,0,0.0,0,0,0.0001,0,0,0.0001,nguyễn văn tường nghe nhiều mà t cũng thuộc mẹ nó luốn nguyen van tuong nghe nhieu ma t cung thuoc me no luon
0,0,0.0005,0,0,0.0002,0,0,0.0001,0,0,0.0001,0,0,0.0001,0,0,0.0001,khôi rainy toang không khác hn rồi nhé khoi rainy toang khong khac hn roi nhe
0,0,0.0005,0,0,0.0002,0,0,0.0001,0,0,0.0001,0,0,0.0001,0,0,0.0001,vậy chị cho em z tỉ ik vay chi cho em z ti ik
0,0,0.0183,0,0,0.0011,0,0,0.0,0,0,0.0,0,0,0.0,0,0,0.0001,coi kênh thầy đéo bh bật loa ngoài con cac coi kenh thay eo bh bat loa ngoai con cac
0,0,0.0006,0,0,0.0002,0,0,0.0001,0,0,0.0001,0,0,0.0001,0,0,0.0001,ngưng ngược đãi vacxin ha c ngung nguoc ai vacxin ha c
0,0,0.0005,0,0,0.0002,0,0,0.0001,0,0,0.0001,0,0,0.0001,0,0,0.0001,khanh huyen vuu ok ảnh này thì công nhận ccc khanh huyen vuu ok anh nay thi cong nhan ccc
0,0,0.0009,0,0,0.0002,0,0,0.0001,0,0,0.0001,0,0,0.0,0,0,0.0001,nhạc với lời hoàn toàn k hợp với nhau như kiểu nghe lần đầu k hiểu càng nghe nhiều lần càng k hiểu gì luôn nhac voi loi hoan toan k hop voi nhau nhu kieu nghe lan au k hieu cang nghe nhieu lan cang k hieu gi luon
1,1,0.9781,1,1,0.8314,0,0,0.0001,0,0,0.0001,0,0,0.0001,0,0,0.0001,abình nguyễntôi biết mà bạn chửi sỏ nó đó chứ nó sao đẻ được bạn abinh nguyentoi biet ma ban chui so no o chu no sao e uoc ban
1,1,0.9576,1,0,0.3923,0,0,0.0001,0,0,0.0001,0,0,0.0001,0,0,0.0001,xl la xong sao de nghi gia dinh xum lai nho nuoc bot uot het nguoi no moi chiu xl la xong sao de nghi gia dinh xum lai nho nuoc bot uot het nguoi no moi chiu
0,0,0.0011,0,0,0.0002,0,0,0.0,0,0,0.0001,0,0,0.0,0,0,0.0001,thảo đào văn nghèo có nhau ý nói đang lúc dịch bệnh cho dù cty thu lỗ nói thu lỗ hơi quá thật ra đang lúc dịch bệnh kinh doanh khó khăn thôi a ấy vẫn không đuổi ccắt giảm nhân sực bất cứ ai vậy chưa đủ hay sao thao ao van ngheo co nhau y noi ang luc dich benh cho du cty thu lo noi thu lo hoi qua that ra ang luc dich benh kinh doanh kho khan thoi a ay van khong uoi ccat giam nhan suc bat cu ai vay chua u hay sao
0,0,0.001,0,0,0.0002,0,0,0.0,0,0,0.0001,0,0,0.0,0,0,0.0001,hoàng xuân tâm mắc cưòi quá haha cmt này thật hài hước hoang xuan tam mac cuoi qua haha cmt nay that hai huoc
0,0,0.0007,0,0,0.0002,0,0,0.0001,0,0,0.0001,0,0,0.0,0,0,0.0001,trư bát giới đi vùng dịch về ko chịu cách ly tru bat gioi i vung dich ve ko chiu cach ly
0,0,0.0005,0,0,0.0002,0,0,0.0001,0,0,0.0001,0,0,0.0001,0,0,0.0001,thương cô quá à thuong co qua a
0,0,0.0004,0,0,0.0002,0,0,0.0001,0,0,0.0001,0,0,0.0001,0,0,0.0001,cho hỏi admin của mixi gồm những ai vậy cho hoi admin cua mixi gom nhung ai vay
0,0,0.0008,0,0,0.0002,0,0,0.0001,0,0,0.0001,0,0,0.0,0,0,0.0001,sếp lên live đi sep len live i
0,0,0.0005,0,0,0.0002,0,0,0.0001,0,0,0.0001,0,0,0.0001,0,0,0.0001,đón tết tây sớm nè các bạn on tet tay som ne cac ban
0,0,0.0006,0,0,0.0002,0,0,0.0001,0,0,0.0001,0,0,0.0001,0,0,0.0001,blue nó cũng bt chọn thằng nào hay để trao cho con cac blue no cung bt chon thang nao hay e trao cho con cac
0,0,0.0007,0,0,0.0002,0,0,0.0001,0,0,0.0001,0,0,0.0,0,0,0.0001,quỳnh bé quỳnhh như ánh cass sếp nhà người ta quynh be quynhh nhu anh cass sep nha nguoi ta
0,1,0.9951,0,1,0.926,0,0,0.0003,0,0,0.0003,0,0,0.0003,0,0,0.0002,đút vào mồm thầy ut vao mom thay
1,0,0.3498,0,0,0.0102,0,0,0.0001,0,0,0.0001,0,0,0.0001,0,0,0.0001,sắp xuống lỗ rồi sap xuong lo roi
0,1,0.6707,0,0,0.0284,0,0,0.0001,0,0,0.0001,0,0,0.0001,0,0,0.0001,k biết bỏ ra bn tiền để bài này đc đăng nhỉ k biet bo ra bn tien e bai nay c ang nhi
1,1,0.9927,0,0,0.0816,0,0,0.0005,0,0,0.0004,0,0,0.0003,0,0,0.0004,bị chịch bi chich
0,0,0.0006,0,0,0.0002,0,0,0.0001,0,0,0.0001,0,0,0.0001,0,0,0.0001,hà nguyễn ha nguyen
0,0,0.0006,0,0,0.0002,0,0,0.0001,0,0,0.0001,0,0,0.0001,0,0,0.0001,kiểu này là toang thật rồi kieu nay la toang that roi
0,0,0.1041,0,0,0.005,0,0,0.0001,0,0,0.0,0,0,0.0001,0,0,0.0001,đặng ngọc hà làm youtobe nói đơ vai ca lon nhạt nữa huhu ang ngoc ha lam youtobe noi o vai ca lon nhat nua huhu
0,0,0.0375,0,0,0.0025,0,0,0.0,0,0,0.0,0,0,0.0,0,0,0.0001,phim mới buồn mà có abe thì cũng cừi ỉa ccc phim moi buon ma co abe thi cung cui ia ccc
1,1,0.9948,1,1,0.9685,0,0,0.0004,0,0,0.0004,0,0,0.0005,0,0,0.0003,bất đồng chính kiến là tụi thân trung cộng ghép tội vn phản động khốn nạn bọn chósvn bat ong chinh kien la tui than trung cong ghep toi vn phan ong khon nan bon chosvn
0,0,0.0005,0,0,0.0002,0,0,0.0001,0,0,0.0001,0,0,0.0001,0,0,0.0001,trí kiệt lên cả báo ý chớ bạn i không chính xác sao giám đăng bạn i tri kiet len ca bao y cho ban i khong chinh xac sao giam ang ban i
0,0,0.1241,0,0,0.0068,0,0,0.0001,0,0,0.0,0,0,0.0001,0,0,0.0001,tôi thề luôn là đèo gió các ông ạ đi từ hà nội lên cao bằng mà nghỉ ở đây là cảm giác healthy and balance vãi lon luôn toi the luon la eo gio cac ong a i tu ha noi len cao bang ma nghi o ay la cam giac healthy and balance vai lon luon
0,0,0.3187,0,0,0.0186,0,0,0.0001,0,0,0.0001,0,0,0.0001,0,0,0.0001,đăng quang charlie trần ý thức ghê ang quang charlie tran y thuc ghe
0,0,0.0546,0,0,0.002,0,0,0.0001,0,0,0.0,0,0,0.0,0,0,0.0001,thầy giáo lu vai ca lon thấy giáo lu ccc thay giao lu vai ca lon thay giao lu ccc
1,0,0.0485,1,0,0.0059,0,0,0.0001,0,0,0.0,0,0,0.0,0,0,0.0001,chú toàn ơi video con còn nha con ác phủ vậy chết luôn đi cho đỡ kẹp đất chu toan oi video con con nha con ac phu vay chet luon i cho o kep at
1,1,0.9952,1,1,0.9555,0,0,0.0003,0,0,0.0003,0,0,0.0004,0,0,0.0003,nhin guong mat sang lan cai dau trong rong o ben trong cai gi cung thui mo mieng ra cai gi cung thui dat nuoc oiiiiiiiii nhin guong mat sang lan cai dau trong rong o ben trong cai gi cung thui mo mieng ra cai gi cung thui dat nuoc oiiiiiiiii
0,0,0.0092,0,0,0.0013,0,0,0.0,0,0,0.0,0,0,0.0,0,0,0.0,tôi biết ngay kiểu j page đông lên thì cũng có mấy bọn ngã cây làm tụt hứng mà toi biet ngay kieu j page ong len thi cung co may bon nga cay lam tut hung ma
0,0,0.011,0,0,0.0009,0,0,0.0,0,0,0.0,0,0,0.0,0,0,0.0,dân tuiiii dan tuiiii
0,0,0.0005,0,0,0.0002,0,0,0.0001,0,0,0.0001,0,0,0.0001,0,0,0.0001,ae ysl ib e tư vấn nhé ae ysl ib e tu van nhe
0,0,0.0005,0,0,0.0002,0,0,0.0001,0,0,0.0001,0,0,0.0001,0,0,0.0001,thầy duo với levi để tú bơ vơ thay duo voi levi e tu bo vo
0,0,0.0005,0,0,0.0002,0,0,0.0001,0,0,0.0001,0,0,0.0001,0,0,0.0001,mấy đứa đừng khen thầy nữa nha thầy không thích vậy đâu may ua ung khen thay nua nha thay khong thich vay au
0,0,0.0005,0,0,0.0002,0,0,0.0001,0,0,0.0001,0,0,0.0001,0,0,0.0001,thôi xong thoi xong
1,1,0.9892,1,0,0.0429,0,0,0.0005,0,0,0.0004,0,0,0.0003,0,0,0.0004,eo oe con đ ĩ l oz thúi eo oe con i l oz thui
1,1,0.8174,0,0,0.0708,0,0,0.0001,0,0,0.0001,0,0,0.0001,0,0,0.0001,nhin mat la biet đai du roi chư đai gia noi j vang da thi có no wa pd oi nhin mat la biet ai du roi chu ai gia noi j vang da thi co no wa pd oi
0,0,0.0007,0,0,0.0002,0,0,0.0001,0,0,0.0001,0,0,0.0001,0,0,0.0001,sĩ tiến bữa bảo ở hải châu à si tien bua bao o hai chau a
1,1,0.9906,1,1,0.936,0,0,0.0003,0,0,0.0002,0,0,0.0002,0,0,0.0002,ở vn có z thằng trung khựa thì ác với vn còn thằng hàn thì coi thường khinh vn thì kết quả là o vn co z thang trung khua thi ac voi vn con thang han thi coi thuong khinh vn thi ket qua la
0,0,0.0006,0,0,0.0002,0,0,0.0001,0,0,0.0001,0,0,0.0001,0,0,0.0001,lương văn thắng mình thấy không hay thì mình ấn dlike luong van thang minh thay khong hay thi minh an dlike
0,0,0.0008,0,0,0.0002,0,0,0.0001,0,0,0.0001,0,0,0.0,0,0,0.0001,bác bên trên nói đúng vai lon con cac bac ben tren noi ung vai lon con cac
0,0,0.0006,0,0,0.0002,0,0,0.0001,0,0,0.0001,0,0,0.0001,0,0,0.0001,zk còn k ăn thua nữ là zoo ccc zk con k an thua nu la zoo ccc
0,0,0.0006,0,0,0.0002,0,0,0.0001,0,0,0.0001,0,0,0.0001,0,0,0.0001,linh huỳnh lê thảo à há mà biểu hiện bệnh này thất thường quá mấy má ôi có tiếp xúc vs ng bệnh là hên xui so so chứ hỏng biết triệu chứng s luôn linh huynh le thao a ha ma bieu hien benh nay that thuong qua may ma oi co tiep xuc vs ng benh la hen xui so so chu hong biet trieu chung s luon
0,0,0.0005,0,0,0.0002,0,0,0.0001,0,0,0.0001,0,0,0.0001,0,0,0.0001,cám ơn thầy con cac cam on thay con cac
0,0,0.2467,0,0,0.0576,0,0,0.0001,0,0,0.0,0,0,0.0,0,0,0.0001,các bạn xem tin tức nên chọn lọc kỹ đừng thấy topic rồi bay vào chém gió xem ngày đăng tin còn bác thăng cũng chỉ là con người không phải là thần thánh nên không i lúc mà giải quyết hết được mọi sự vụ page này dạo này post bài mang tính khiêu khích quái cac ban xem tin tuc nen chon loc ky ung thay topic roi bay vao chem gio xem ngay ang tin con bac thang cung chi la con nguoi khong phai la than thanh nen khong i luc ma giai quyet het uoc moi su vu page nay dao nay post bai mang tinh khieu khich quai
0,0,0.0005,0,0,0.0002,0,0,0.0001,0,0,0.0001,0,0,0.0001,0,0,0.0001,hoặc cho ngồi vài tháng cho có lệ chăng v hoac cho ngoi vai thang cho co le chang v
0,0,0.0006,0,0,0.0002,0,0,0.0001,0,0,0.0001,0,0,0.0001,0,0,0.0001,pr liên quân à pr lien quan a
0,0,0.0008,0,0,0.0002,0,0,0.0001,0,0,0.0001,0,0,0.0,0,0,0.0001,có str ko e co str ko e
0,0,0.0005,0,0,0.0002,0,0,0.0001,0,0,0.0001,0,0,0.0001,0,0,0.0001,quang minh quang quang minh quang
0,0,0.001,0,0,0.0002,0,0,0.0,0,0,0.0001,0,0,0.0,0,0,0.0001,rất thuyết phục con cac rat thuyet phuc con cac
0,0,0.0007,0,0,0.0002,0,0,0.0001,0,0,0.0001,0,0,0.0001,0,0,0.0001,oce oce
0,0,0.0006,0,0,0.0002,0,0,0.0001,0,0,0.0001,0,0,0.0001,0,0,0.0001,già làng lại chế truyện của ng ta ri gia lang lai che truyen cua ng ta ri
1,1,0.9955,1,1,0.8257,0,0,0.0003,0,0,0.0003,0,0,0.0002,0,0,0.0002,a xamlol qua a xamlol qua
0,0,0.0005,0,0,0.0002,0,0,0.0001,0,0,0.0001,0,0,0.0001,0,0,0.0001,càng tới dịp lễ tết hay gì đó là càng muốn về nhà chơi với ba mẹ con cac cang toi dip le tet hay gi o la cang muon ve nha choi voi ba me con cac
0,1,0.9926,0,0,0.4165,0,0,0.0002,0,0,0.0002,0,0,0.0002,0,0,0.0002,ngu mới tới những chỗ này ngu moi toi nhung cho nay
0,0,0.0005,0,0,0.0002,0,0,0.0001,0,0,0.0001,0,0,0.0001,0,0,0.0001,góp vui một tí e gop vui mot ti e
0,0,0.0005,0,0,0.0002,0,0,0.0001,0,0,0.0001,0,0,0.0001,0,0,0.0001,nguyễn quốc an một giọt là nước suối tinh khiết nguyen quoc an mot giot la nuoc suoi tinh khiet
0,0,0.0005,0,0,0.0002,0,0,0.0001,0,0,0.0001,0,0,0.0001,0,0,0.0001,kiểu tóc ko bao h lỗi mốt kieu toc ko bao h loi mot
0,0,0.018,0,0,0.0008,0,0,0.0,0,0,0.0,0,0,0.0,0,0,0.0001,tự khen mình đẹp quỷ tu khen minh ep quy
0,0,0.0006,0,0,0.0002,0,0,0.0001,0,0,0.0001,0,0,0.0001,0,0,0.0001,mười cân có biểu hiện thì phải tham khảo cơ sở y tế gần nhất đã rồi mới đến bệnh viện nhé chứ không phải tự ý đến rồi lại tiếp xúc bao nhiêu người muoi can co bieu hien thi phai tham khao co so y te gan nhat a roi moi en benh vien nhe chu khong phai tu y en roi lai tiep xuc bao nhieu nguoi
0,0,0.0005,0,0,0.0002,0,0,0.0001,0,0,0.0001,0,0,0.0001,0,0,0.0001,lê văn đạt cô giáo tự ở nhà luôn ko dám ra ngoài cửa nhà nửa bc le van at co giao tu o nha luon ko dam ra ngoai cua nha nua bc
0,0,0.0006,0,0,0.0001,0,0,0.0001,0,0,0.0001,0,0,0.0001,0,0,0.0001,giàu như miến vãi nhà t giau nhu mien vai nha t
0,0,0.0006,0,0,0.0002,0,0,0.0001,0,0,0.0001,0,0,0.0001,0,0,0.0001,vinaphone vinaphone
0,0,0.001,0,0,0.0002,0,0,0.0001,0,0,0.0001,0,0,0.0,0,0,0.0001,nhẹ nhe
1,1,0.9637,0,0,0.0248,0,0,0.0002,0,0,0.0002,0,0,0.0001,0,0,0.0002,đéo hiểu nổi style kiểu gì con c hưng phấn hay gì eo hieu noi style kieu gi con c hung phan hay gi
0,0,0.3273,0,0,0.0162,0,0,0.0001,0,0,0.0001,0,0,0.0001,0,0,0.0001,no banh xac no banh xac
0,0,0.0022,0,0,0.0002,0,0,0.0,0,0,0.0,0,0,0.0,0,0,0.0001,ăn hết trừ con gì nằm ngửa là không ăn an het tru con gi nam ngua la khong an
0,0,0.0006,0,0,0.0002,0,0,0.0001,0,0,0.0001,0,0,0.0001,0,0,0.0001,công nhận giống y đúc khác mỗi cái mặt cong nhan giong y uc khac moi cai mat
0,0,0.0005,0,0,0.0002,0,0,0.0001,0,0,0.0001,0,0,0.0001,0,0,0.0001,dung junn chuẩn đấy chị buồn cho nữ chính dung junn chuan ay chi buon cho nu chinh
0,0,0.0005,0,0,0.0001,0,0,0.0001,0,0,0.0001,0,0,0.0001,0,0,0.0001,trước e xem anh trúng cái chuột mà z tháng r còn chả thấy họ gửi truoc e xem anh trung cai chuot ma z thang r con cha thay ho gui
1,1,0.9254,0,0,0.0094,0,0,0.0002,0,0,0.0002,0,0,0.0002,0,0,0.0002,nhạt vai lon nhat vai lon
0,0,0.0007,0,0,0.0002,0,0,0.0001,0,0,0.0001,0,0,0.0001,0,0,0.0001,tịch an cu quan điểm tich an cu quan iem
0,0,0.0005,0,0,0.0002,0,0,0.0001,0,0,0.0001,0,0,0.0001,0,0,0.0001,mong thầy show các giáo án chuẩn chỉ c mong thay show cac giao an chuan chi c
0,0,0.0005,0,0,0.0002,0,0,0.0001,0,0,0.0001,0,0,0.0001,0,0,0.0001,nguyễn trương luân cung kiera ăn nữa hong mọi người nguyen truong luan cung kiera an nua hong moi nguoi
0,0,0.0005,0,0,0.0002,0,0,0.0001,0,0,0.0001,0,0,0.0001,0,0,0.0001,cố lên các bạn ơi co len cac ban oi
0,0,0.0005,0,0,0.0002,0,0,0.0001,0,0,0.0001,0,0,0.0001,0,0,0.0001,cẩm thuý nguyễn hữu đức huyền trân bún bean mắm shrimp cam thuy nguyen huu uc huyen tran bun bean mam shrimp
0,0,0.0007,0,0,0.0002,0,0,0.0001,0,0,0.0001,0,0,0.0,0,0,0.0001,ngửi cho tỉnh đi e gòa ngui cho tinh i e goa
0,0,0.0005,0,0,0.0002,0,0,0.0001,0,0,0.0001,0,0,0.0001,0,0,0.0001,nh ông kbt chất lg giày cứ cmt ý ạ rep thường rep i i sf khác nhau đấy ạ nh ong kbt chat lg giay cu cmt y a rep thuong rep i i sf khac nhau ay a
0,0,0.0006,0,0,0.0002,0,0,0.0001,0,0,0.0001,0,0,0.0001,0,0,0.0001,xài chị trang phá thế kia ai cho hôn nữa xai chi trang pha the kia ai cho hon nua
1,1,0.9903,1,1,0.7734,0,0,0.0002,0,0,0.0002,0,0,0.0002,0,0,0.0001,vẫn biết là cái gì cũng không thể tuyệt đối được nhưng nói như vậy hoá ra người ta mổ chết là do thiếu may mắn à địt mịa chúng nó nữa làm đéo có trách nhiện gì cả mổ thì chết người tiêm phòng trẻ em cũng vậy định trốn tránh trách nhiệm đến bao giờ bảo sao người nhà hành hung bác sĩ làm ăn tắc trách vậy bố thằng nào chịu được van biet la cai gi cung khong the tuyet oi uoc nhung noi nhu vay hoa ra nguoi ta mo chet la do thieu may man a it mia chung no nua lam eo co trach nhien gi ca mo thi chet nguoi tiem phong tre em cung vay inh tron tranh trach nhiem en bao gio bao sao nguoi nha hanh hung bac si lam an tac trach vay bo thang nao chiu uoc
0,0,0.0006,0,0,0.0002,0,0,0.0001,0,0,0.0001,0,0,0.0001,0,0,0.0001,cay thật sự cay that su
0,0,0.0027,0,0,0.0004,0,0,0.0,0,0,0.0,0,0,0.0,0,0,0.0001,thái vũ như thần thai vu nhu than
1,1,0.9034,0,0,0.1978,0,0,0.0001,0,0,0.0001,0,0,0.0001,0,0,0.0001,võ ngọc mỹ duyên ừa haha mấy anh mấy chị hỏng biết đó nà cái lon đâu bécccccc vo ngoc my duyen ua haha may anh may chi hong biet o na cai lon au becccccc
0,0,0.0005,0,0,0.0002,0,0,0.0001,0,0,0.0001,0,0,0.0001,0,0,0.0001,thầy tui còn đi đóng phim nữa mờ ccc thay tui con i ong phim nua mo ccc
0,0,0.0007,0,0,0.0002,0,0,0.0001,0,0,0.0001,0,0,0.0001,0,0,0.0001,countdown cực mạnh con cac countdown cuc manh con cac
1,1,0.9871,1,1,0.9237,0,0,0.0002,0,0,0.0002,0,0,0.0002,0,0,0.0001,chiếm đoạt tiền dân thôi giờ toàn thề thốt chơi chữ tặng quà chứ không phải là hối lộ thằng cựu bộ trưởng đổ thằng thứ trưởng thằng thứ trưởng đổ thằng bộ trưởng một lũ lãnh đạo mà thua thằng giang hồ ra tòa hay những người chân chính bị bắt vì chống phá chế độ chiem oat tien dan thoi gio toan the thot choi chu tang qua chu khong phai la hoi lo thang cuu bo truong o thang thu truong thang thu truong o thang bo truong mot lu lanh ao ma thua thang giang ho ra toa hay nhung nguoi chan chinh bi bat vi chong pha che o
0,0,0.0007,0,0,0.0002,0,0,0.0001,0,0,0.0001,0,0,0.0,0,0,0.0001,khi bạn thích cái quần đó quá mà nó bị chật kéo không lên khi ban thich cai quan o qua ma no bi chat keo khong len
0,0,0.0005,0,0,0.0002,0,0,0.0001,0,0,0.0001,0,0,0.0001,0,0,0.0001,coi cười ỉa coi cuoi ia
0,0,0.0005,0,0,0.0002,0,0,0.0001,0,0,0.0001,0,0,0.0001,0,0,0.0001,iphone ii đồng hành cùng mixigaming cccc iphone ii ong hanh cung mixigaming cccc
0,0,0.004,0,0,0.0003,0,0,0.0,0,0,0.0,0,0,0.0,0,0,0.0001,lớn quá ko a lon qua ko a
0,0,0.0005,0,0,0.0002,0,0,0.0001,0,0,0.0001,0,0,0.0001,0,0,0.0001,trần nguyên khôi tran nguyen khoi
0,0,0.0005,0,0,0.0002,0,0,0.0001,0,0,0.0001,0,0,0.0001,0,0,0.0001,yen lyn hoang huyền trangngọc anh nhớ mãi quả báo của chú tùng yen lyn hoang huyen trangngoc anh nho mai qua bao cua chu tung
0,0,0.0006,0,0,0.0002,0,0,0.0001,0,0,0.0001,0,0,0.0001,0,0,0.0001,chào các bạn mình là bạch thái long lộn thái linh chao cac ban minh la bach thai long lon thai linh
0,0,0.0005,0,0,0.0002,0,0,0.0001,0,0,0.0001,0,0,0.0001,0,0,0.0001,ioo like rồi đập đi ioo like roi ap i
0,0,0.0005,0,0,0.0002,0,0,0.0001,0,0,0.0001,0,0,0.0001,0,0,0.0001,yêu gần còn bị huống chi yêu xa yeu gan con bi huong chi yeu xa
0,0,0.0006,0,0,0.0002,0,0,0.0001,0,0,0.0001,0,0,0.0001,0,0,0.0001,có chỗ nào bán tóc giả k anh em co cho nao ban toc gia k anh em
0,0,0.0005,0,0,0.0002,0,0,0.0001,0,0,0.0001,0,0,0.0001,0,0,0.0001,liêm sĩ ji tầm này abe ôi liem si ji tam nay abe oi
1,1,0.9931,1,1,0.9389,0,0,0.0003,0,0,0.0002,0,0,0.0003,0,0,0.0002,bóng gió sao nó hõn thấy ghê đã là người không được may mắn sao không biết tu bớt để an nhàn tâm hồn cứ sân si bởi vậy làm ảnh hưởng đến cộng đồng người đồng tính đa phần họ hiền lành dễ thương mà sao đám quỹ chửi mất dạy quá conquy già kim ngọc ngọc hiếu sao không biết nhục mà chương mặt ra bong gio sao no hon thay ghe a la nguoi khong uoc may man sao khong biet tu bot e an nhan tam hon cu san si boi vay lam anh huong en cong ong nguoi ong tinh a phan ho hien lanh de thuong ma sao am quy chui mat day qua conquy gia kim ngoc ngoc hieu sao khong biet nhuc ma chuong mat ra
0,0,0.0005,0,0,0.0002,0,0,0.0001,0,0,0.0001,0,0,0.0001,0,0,0.0001,trả fan cứng cho e a ơi tra fan cung cho e a oi
0,0,0.0006,0,0,0.0002,0,0,0.0001,0,0,0.0001,0,0,0.0001,0,0,0.0001,không có anh bọn em xem sờ trym làm saoooooooo khong co anh bon em xem so trym lam saoooooooo
0,0,0.0008,0,0,0.0002,0,0,0.0001,0,0,0.0001,0,0,0.0,0,0,0.0001,ra đường toàn khói bụi ra uong toan khoi bui
0,0,0.0007,0,0,0.0002,0,0,0.0001,0,0,0.0001,0,0,0.0001,0,0,0.0001,cute cute
1,1,0.9845,0,0,0.084,0,0,0.0002,0,0,0.0002,0,0,0.0002,0,0,0.0002,đúng quần què ung quan que
0,0,0.002,0,0,0.0003,0,0,0.0001,0,0,0.0001,0,0,0.0,0,0,0.0001,một triệu lai mot trieu lai
0,0,0.0016,0,0,0.0003,0,0,0.0,0,0,0.0,0,0,0.0,0,0,0.0,cặp đôi hoàn hảo là đây mà thích mr lân phỏng vấn quắc xư trằn dắn cap oi hoan hao la ay ma thich mr lan phong van quac xu tran dan
0,1,0.9944,0,1,0.9654,0,0,0.0004,0,0,0.0003,0,0,0.0004,0,0,0.0003,chị ba bản lĩnh con cháu hai bà trưng bà triệu chi ba ban linh con chau hai ba trung ba trieu
0,0,0.0005,0,0,0.0002,0,0,0.0001,0,0,0.0001,0,0,0.0001,0,0,0.0001,kkk xjn loj cho mjh hoj co mjh hjeu la aj zay kkk xjn loj cho mjh hoj co mjh hjeu la aj zay
0,0,0.0679,0,0,0.0035,0,0,0.0001,0,0,0.0,0,0,0.0,0,0,0.0001,yếu đuối vai lon thế thì sao bước qua nổi sóng gió cuộc đời yeu uoi vai lon the thi sao buoc qua noi song gio cuoc oi
0,0,0.0006,0,0,0.0001,0,0,0.0001,0,0,0.0001,0,0,0.0001,0,0,0.0001,vẫn cứ gọi là ok van cu goi la ok
0,0,0.0006,0,0,0.0002,0,0,0.0001,0,0,0.0001,0,0,0.0001,0,0,0.0001,nguyễn vỹ nguyen vy
0,0,0.0006,0,0,0.0002,0,0,0.0001,0,0,0.0001,0,0,0.0001,0,0,0.0001,cày nào mn top e rồi cay nao mn top e roi
0,0,0.0007,0,0,0.0002,0,0,0.0001,0,0,0.0001,0,0,0.0001,0,0,0.0001,cai miêng kiên cai thân cai mieng kien cai than
0,0,0.0006,0,0,0.0002,0,0,0.0001,0,0,0.0001,0,0,0.0001,0,0,0.0001,quá qua
1,0,0.2202,0,0,0.0545,0,0,0.0001,0,0,0.0001,0,0,0.0001,0,0,0.0001,mày chửi đi ad đúng nghề chửi đấy may chui i ad ung nghe chui ay
0,0,0.0005,0,0,0.0002,0,0,0.0001,0,0,0.0001,0,0,0.0001,0,0,0.0001,chi ba cuu kho cuu nan cho em cho em so tien lam von ngheo kho wa chi ba cuu kho cuu nan cho em cho em so tien lam von ngheo kho wa
0,0,0.0006,0,0,0.0002,0,0,0.0001,0,0,0.0001,0,0,0.0001,0,0,0.0001,phan eric đang zẩy vợ nhìn phát im luông cccc phan eric ang zay vo nhin phat im luong cccc
0,0,0.0006,0,0,0.0001,0,0,0.0001,0,0,0.0001,0,0,0.0001,0,0,0.0001,xã hội à mà thôi xa hoi a ma thoi
0,0,0.0009,0,0,0.0002,0,0,0.0001,0,0,0.0001,0,0,0.0,0,0,0.0001,chỗ này tao kiểm soát rồi tụi bây đi chỗ khác đi cho nay tao kiem soat roi tui bay i cho khac i
0,0,0.001,0,0,0.0002,0,0,0.0001,0,0,0.0001,0,0,0.0,0,0,0.0001,chạy đi rồi trượt i xải dài chay i roi truot i xai dai
0,0,0.0005,0,0,0.0002,0,0,0.0001,0,0,0.0001,0,0,0.0001,0,0,0.0001,nge hay mà nge hay ma
0,0,0.0007,0,0,0.0002,0,0,0.0001,0,0,0.0001,0,0,0.0,0,0,0.0001,năm ngoái nơi tớ ở cũng có gd mua nhần con so này người mẹ nấu canh cho z đứa con ăn sau ngộ độc mất cả z cái anh bán con này cho người ta cũng bị bắt đi rồi nam ngoai noi to o cung co gd mua nhan con so nay nguoi me nau canh cho z ua con an sau ngo oc mat ca z cai anh ban con nay cho nguoi ta cung bi bat i roi
0,0,0.0005,0,0,0.0002,0,0,0.0001,0,0,0.0001,0,0,0.0001,0,0,0.0001,cần người hợp tác sản xuất can nguoi hop tac san xuat
0,0,0.0005,0,0,0.0002,0,0,0.0001,0,0,0.0001,0,0,0.0001,0,0,0.0001,tin zoie tin zoie
0,0,0.0007,0,0,0.0002,0,0,0.0001,0,0,0.0001,0,0,0.0001,0,0,0.0001,ấn tượng vs cái bút an tuong vs cai but
0,0,0.0005,0,0,0.0002,0,0,0.0001,0,0,0.0001,0,0,0.0001,0,0,0.0001,đến cả hoàng hôn đôi khi còn lỡ hẹn chân trời mà anh chúng ta vẫn là noi en ca hoang hon oi khi con lo hen chan troi ma anh chung ta van la noi
0,0,0.0007,0,0,0.0002,0,0,0.0001,0,0,0.0001,0,0,0.0001,0,0,0.0001,giống e gê nguyễn my kk giong e ge nguyen my kk
0,0,0.0005,0,0,0.0002,0,0,0.0001,0,0,0.0001,0,0,0.0001,0,0,0.0001,io đời chồng từ it it cho ai cần con cac io oi chong tu it it cho ai can con cac
1,1,0.522,1,0,0.146,0,0,0.0001,0,0,0.0,0,0,0.0001,0,0,0.0001,anh trung lòi dái con cac anh trung loi dai con cac
0,0,0.0007,0,0,0.0002,0,0,0.0001,0,0,0.0001,0,0,0.0001,0,0,0.0001,đọc cười như khùng giữa khuya ck tui mới tán tui sml kkkk oc cuoi nhu khung giua khuya ck tui moi tan tui sml kkkk
0,0,0.0005,0,0,0.0002,0,0,0.0001,0,0,0.0001,0,0,0.0001,0,0,0.0001,bác đam nói chuẩn quá bac am noi chuan qua
0,0,0.0005,0,0,0.0002,0,0,0.0001,0,0,0.0001,0,0,0.0001,0,0,0.0001,chu hoài tay hơi cứng chu hoai tay hoi cung
0,0,0.0006,0,0,0.0002,0,0,0.0001,0,0,0.0001,0,0,0.0001,0,0,0.0001,làm giàu không khó lam giau khong kho
1,0,0.0007,1,0,0.0002,0,0,0.0001,0,0,0.0001,0,0,0.0001,0,0,0.0001,tụi trung nó qua vn mặc áo dài luôn rồi ah các bạn bò vô cho mình tí ý kiến với iii thanks các bạn tui trung no qua vn mac ao dai luon roi ah cac ban bo vo cho minh ti y kien voi iii thanks cac ban
0,0,0.0005,0,0,0.0002,0,0,0.0001,0,0,0.0001,0,0,0.0001,0,0,0.0001,sống chậm lại tôi ơi ccccc song cham lai toi oi ccccc
0,0,0.0006,0,0,0.0002,0,0,0.0001,0,0,0.0001,0,0,0.0001,0,0,0.0001,bạn nhớ lì xì iii ban nho li xi iii
0,0,0.0008,0,0,0.0002,0,0,0.0001,0,0,0.0001,0,0,0.0001,0,0,0.0001,trung sonic con dit trung sonic con dit
0,0,0.0005,0,0,0.0002,0,0,0.0001,0,0,0.0001,0,0,0.0001,0,0,0.0001,ổn quá thầy on qua thay
0,0,0.0009,0,0,0.0002,0,0,0.0001,0,0,0.0001,0,0,0.0,0,0,0.0001,nam mô a di đà phật nam mo a di a phat
0,0,0.0005,0,0,0.0002,0,0,0.0001,0,0,0.0001,0,0,0.0001,0,0,0.0001,hay qa ci oi hay qa ci oi
1,1,0.9939,1,0,0.4861,0,0,0.0002,0,0,0.0002,0,0,0.0002,0,0,0.0002,già rồi còn đéo gì mà ráng nhoai lên chứ địt cụ gia roi con eo gi ma rang nhoai len chu it cu
0,0,0.0005,0,0,0.0002,0,0,0.0001,0,0,0.0001,0,0,0.0001,0,0,0.0001,cà khịa quá đáng ca khia qua ang
0,0,0.1566,0,0,0.0167,0,0,0.0001,0,0,0.0,0,0,0.0,0,0,0.0001,nếu nói củ nghệ dùng để kho cá sả nghệ thì hiểu ngay chứ nghệ thuật kiểu này là thua mình không hiểu gì cả hay đây là cái cớ để người giàu xài tiền mà thôi chứ sự thật thì chẳng có nghệ gì cả neu noi cu nghe dung e kho ca sa nghe thi hieu ngay chu nghe thuat kieu nay la thua minh khong hieu gi ca hay ay la cai co e nguoi giau xai tien ma thoi chu su that thi chang co nghe gi ca
0,0,0.0006,0,0,0.0002,0,0,0.0001,0,0,0.0001,0,0,0.0001,0,0,0.0001,cực kì cuc ki
0,0,0.0005,0,0,0.0002,0,0,0.0001,0,0,0.0001,0,0,0.0001,0,0,0.0001,anh sẽ dẫn các em đi đến vcsa anh se dan cac em i en vcsa
0,0,0.0016,0,0,0.0002,0,0,0.0,0,0,0.0,0,0,0.0,0,0,0.0,nhìn mà học tập nguyễn gia bảo cầu thủ hơn tỉ của thầy đấy nhin ma hoc tap nguyen gia bao cau thu hon ti cua thay ay
0,0,0.0005,0,0,0.0002,0,0,0.0001,0,0,0.0001,0,0,0.0001,0,0,0.0001,cực kì cute có nhiều tài lẻ nhất là cà khịa cuc ki cute co nhieu tai le nhat la ca khia
0,0,0.0005,0,0,0.0002,0,0,0.0001,0,0,0.0001,0,0,0.0001,0,0,0.0001,bang cali đang dịch kinh khủng cầu mong trần dần mạnh khỏe bang cali ang dich kinh khung cau mong tran dan manh khoe
0,1,0.9673,0,1,0.8194,0,0,0.0001,0,0,0.0001,0,0,0.0001,0,0,0.0001,do dat bọn cktp nó cmt trôi cả cmt của anh đi rồi con cac do dat bon cktp no cmt troi ca cmt cua anh i roi con cac
0,0,0.3508,0,0,0.0817,0,0,0.0001,0,0,0.0,0,0,0.0001,0,0,0.0001,giả vờ lấy sok của mình rồi nhét vào tay mấy người đi đường bảo tiền anh chị rơi này vậy mà ai cũng tin bị lừa mà còn quay lại cảm ơn mình rối riat haizz vai lon con cac gia vo lay sok cua minh roi nhet vao tay may nguoi i uong bao tien anh chi roi nay vay ma ai cung tin bi lua ma con quay lai cam on minh roi riat haizz vai lon con cac
0,0,0.0005,0,0,0.0002,0,0,0.0001,0,0,0.0001,0,0,0.0001,0,0,0.0001,học sinh xuất sắc hoc sinh xuat sac
0,0,0.0005,0,0,0.0002,0,0,0.0001,0,0,0.0001,0,0,0.0001,0,0,0.0001,trinh tú hà võ cánh hoa nè trinh tu ha vo canh hoa ne
0,0,0.0005,0,0,0.0002,0,0,0.0001,0,0,0.0001,0,0,0.0001,0,0,0.0001,hoàng văn hướng hoang van huong
1,1,0.9865,0,0,0.093,0,0,0.0002,0,0,0.0002,0,0,0.0002,0,0,0.0002,tai bã như tai trâu mắt thì mù nên ai nói gì mặc kệ v tai ba nhu tai trau mat thi mu nen ai noi gi mac ke v
0,0,0.0006,0,0,0.0002,0,0,0.0001,0,0,0.0001,0,0,0.0001,0,0,0.0001,hốt hụi rùi bỏ trốn voi sac đẹp hả bà hot hui rui bo tron voi sac ep ha ba
0,0,0.0005,0,0,0.0002,0,0,0.0001,0,0,0.0001,0,0,0.0001,0,0,0.0001,thay vì bình luận cực kỳ thuyết phục thì chúng ta có thể bình luận những lời yêu thương gửi tới nhau cơ màe thay vi binh luan cuc ky thuyet phuc thi chung ta co the binh luan nhung loi yeu thuong gui toi nhau co mae
0,1,0.9858,0,0,0.2845,0,0,0.0002,0,0,0.0001,0,0,0.0001,0,0,0.0002,đéo phải ông già mình đâu các bạn eo phai ong gia minh au cac ban
0,0,0.0006,0,0,0.0002,0,0,0.0001,0,0,0.0001,0,0,0.0001,0,0,0.0001,haiz haiz
1,1,0.9062,1,1,0.6624,0,0,0.0001,0,0,0.0001,0,0,0.0001,0,0,0.0001,quốc sư trần dần đổi màu quay về với cộng sản việt nam rồi i ông đã nhìn ra sự thật vì chính nghĩa ko thuộc về cờ vàng ba que họ là quân cờ của người mỹ thôi độc đảng nó có cái hay của nó chứ i mỹ xoá ván cờ bỏ rơi vnch thì phải ráng chịu thôi i chuẩn i kkkkkk quoc su tran dan oi mau quay ve voi cong san viet nam roi i ong a nhin ra su that vi chinh nghia ko thuoc ve co vang ba que ho la quan co cua nguoi my thoi oc ang no co cai hay cua no chu i my xoa van co bo roi vnch thi phai rang chiu thoi i chuan i kkkkkk
0,0,0.0005,0,0,0.0002,0,0,0.0001,0,0,0.0001,0,0,0.0001,0,0,0.0001,chuyên toán và rất xuất sắc môn anh văn chuyen toan va rat xuat sac mon anh van
0,0,0.0004,0,0,0.0002,0,0,0.0001,0,0,0.0001,0,0,0.0001,0,0,0.0001,thôi đừng chửi nữa em em bỏ công ra là em duoc phước rồi chị chúc em mạnh khỏe gia đình ấm no hạnh phúc thoi ung chui nua em em bo cong ra la em duoc phuoc roi chi chuc em manh khoe gia inh am no hanh phuc
0,0,0.0005,0,0,0.0002,0,0,0.0001,0,0,0.0001,0,0,0.0001,0,0,0.0001,huynh minh luc huynh minh luc
0,0,0.0007,0,0,0.0002,0,0,0.0001,0,0,0.0001,0,0,0.0,0,0,0.0001,như quỳnh kiều trinh tết nay tui hong dề đc ràu nhu quynh kieu trinh tet nay tui hong de c rau
0,0,0.0004,0,0,0.0002,0,0,0.0001,0,0,0.0001,0,0,0.0001,0,0,0.0001,thanh huyền bác be hôm đấy cũng đi qua thôi đấy sợ quá thanh huyen bac be hom ay cung i qua thoi ay so qua
0,0,0.0005,0,0,0.0002,0,0,0.0001,0,0,0.0001,0,0,0.0001,0,0,0.0001,điểm mặt các anh tài iem mat cac anh tai
0,0,0.0005,0,0,0.0002,0,0,0.0001,0,0,0.0001,0,0,0.0001,0,0,0.0001,ninh trần được ninh ơi ninh tran uoc ninh oi
0,0,0.0006,0,0,0.0002,0,0,0.0001,0,0,0.0001,0,0,0.0001,0,0,0.0001,tính tiền cho thầy v tinh tien cho thay v
0,0,0.0005,0,0,0.0002,0,0,0.0001,0,0,0.0001,0,0,0.0001,0,0,0.0001,mcdnab na kute làm cái talkshow chắc cháy vé luôn quá mcdnab na kute lam cai talkshow chac chay ve luon qua
0,0,0.0006,0,0,0.0002,0,0,0.0001,0,0,0.0001,0,0,0.0001,0,0,0.0001,sếp nhà người ta động viên thế này thì còn gì bằng nữa đã đẹp trai lại còn biết nói đạo lý nữa em yêu anh sep nha nguoi ta ong vien the nay thi con gi bang nua a ep trai lai con biet noi ao ly nua em yeu anh
1,1,0.9709,0,0,0.035,0,0,0.0002,0,0,0.0002,0,0,0.0001,0,0,0.0002,đang có cái game mua hàu tặng bút này a ei dùng cái của nợ chị vợ nói là đây nhé chich khỏe chich phê đê mê tối ngàyiii ang co cai game mua hau tang but nay a ei dung cai cua no chi vo noi la ay nhe chich khoe chich phe e me toi ngayiii
0,0,0.0009,0,0,0.0002,0,0,0.0001,0,0,0.0001,0,0,0.0,0,0,0.0001,nó bán khô cá lóc nữa nên mới có tên linh lóc nha no ban kho ca loc nua nen moi co ten linh loc nha
0,0,0.0009,0,0,0.0002,0,0,0.0001,0,0,0.0001,0,0,0.0,0,0,0.0001,chiếc túi dành cho mấy đứa hay ỉa dạo con cac chiec tui danh cho may ua hay ia dao con cac
0,0,0.0005,0,0,0.0002,0,0,0.0001,0,0,0.0001,0,0,0.0001,0,0,0.0001,trung cọc quá zậy ccc trung coc qua zay ccc
0,0,0.0019,0,0,0.0002,0,0,0.0,0,0,0.0,0,0,0.0,0,0,0.0001,lại chuẩn bị những giáo án mù mắt lai chuan bi nhung giao an mu mat
0,0,0.0008,0,0,0.0001,0,0,0.0001,0,0,0.0001,0,0,0.0001,0,0,0.0001,hihi đẹp trai vai lon hihi ep trai vai lon
0,0,0.0332,0,0,0.0026,0,0,0.0001,0,0,0.0,0,0,0.0,0,0,0.0001,paula lưu chó là bạn ko phải thức ăn thịt chó mới là thức ăn paula luu cho la ban ko phai thuc an thit cho moi la thuc an
1,1,0.6646,1,0,0.1843,0,0,0.0001,0,0,0.0001,0,0,0.0001,0,0,0.0001,face chỉ dành cho người nói chuyện với nhau sủa bị block là đúng rồi thắc mắc gì muốn tham gia thì đi học tiếng người đi ha cháu ngoan bhi face chi danh cho nguoi noi chuyen voi nhau sua bi block la ung roi thac mac gi muon tham gia thi i hoc tieng nguoi i ha chau ngoan bhi
0,0,0.0005,0,0,0.0002,0,0,0.0001,0,0,0.0001,0,0,0.0001,0,0,0.0001,huy hoàng huy hoang
0,0,0.0005,0,0,0.0002,0,0,0.0001,0,0,0.0001,0,0,0.0001,0,0,0.0001,dy dy em thấy nhiều ng khen nè cccc a đừng quan tâm em review mà nên đi xem thử đi dy dy em thay nhieu ng khen ne cccc a ung quan tam em review ma nen i xem thu i
0,0,0.0004,0,0,0.0002,0,0,0.0001,0,0,0.0001,0,0,0.0001,0,0,0.0001,nguyễn minh thu đây mới gọi là make up artist ccc nguyen minh thu ay moi goi la make up artist ccc
1,0,0.0056,1,0,0.0008,0,0,0.0,0,0,0.0,0,0,0.0,0,0,0.0,hy vọng bác ko bị chết đột ngột như bác thanh v hy vong bac ko bi chet ot ngot nhu bac thanh v
0,0,0.0005,0,0,0.0002,0,0,0.0001,0,0,0.0001,0,0,0.0001,0,0,0.0001,hoàng thịnh a về rồi đây hoang thinh a ve roi ay
0,0,0.0006,0,0,0.0002,0,0,0.0001,0,0,0.0001,0,0,0.0001,0,0,0.0001,con lợn này con lon nay
0,0,0.0008,0,0,0.0002,0,0,0.0001,0,0,0.0001,0,0,0.0,0,0,0.0001,ớ o
0,0,0.0188,0,0,0.0009,0,0,0.0,0,0,0.0,0,0,0.0,0,0,0.0001,nó bảo mk chờ r nó yêu thằng khác no bao mk cho r no yeu thang khac
0,0,0.0014,0,0,0.0002,0,0,0.0,0,0,0.0001,0,0,0.0,0,0,0.0001,liêm sỉ gì tầm này nữa liem si gi tam nay nua
1,0,0.2139,0,0,0.0099,0,0,0.0001,0,0,0.0001,0,0,0.0001,0,0,0.0001,kb đẹp ở chỗ nào mà phanh ra con cac kb ep o cho nao ma phanh ra con cac
0,0,0.0005,0,0,0.0002,0,0,0.0001,0,0,0.0001,0,0,0.0001,0,0,0.0001,tối nay abe stream kênh nào toi nay abe stream kenh nao
0,0,0.0007,0,0,0.0002,0,0,0.0001,0,0,0.0001,0,0,0.0,0,0,0.0001,hơi buồn nhưng mà k saoii vẫn mãi iu rf mai lại thấy a độ sờ chim rồi con cac hoi buon nhung ma k saoii van mai iu rf mai lai thay a o so chim roi con cac
0,0,0.0005,0,0,0.0002,0,0,0.0001,0,0,0.0001,0,0,0.0001,0,0,0.0001,cười xỉu cuoi xiu
0,0,0.0006,0,0,0.0002,0,0,0.0001,0,0,0.0001,0,0,0.0001,0,0,0.0001,mé ơi bã phun câu nào cười ỉa câu đó yêu cô hiếu me oi ba phun cau nao cuoi ia cau o yeu co hieu
0,0,0.0005,0,0,0.0002,0,0,0.0001,0,0,0.0001,0,0,0.0001,0,0,0.0001,nguyễn hoàng hoài thương nguyen hoang hoai thuong
0,0,0.0252,0,0,0.0012,0,0,0.0001,0,0,0.0,0,0,0.0,0,0,0.0001,viết thì ai mà ko viết được trừ người ko biết chữ đây biết là lời của ai viet thi ai ma ko viet uoc tru nguoi ko biet chu ay biet la loi cua ai
0,0,0.0005,0,0,0.0001,0,0,0.0001,0,0,0.0001,0,0,0.0001,0,0,0.0001,bạn muốn biết sam hay so thì hãy thử trc khi ăn nhá ban muon biet sam hay so thi hay thu trc khi an nha
0,0,0.0008,0,0,0.0002,0,0,0.0001,0,0,0.0001,0,0,0.0,0,0,0.0001,ko liên quan lắm ko lien quan lam
0,0,0.0005,0,0,0.0002,0,0,0.0001,0,0,0.0001,0,0,0.0001,0,0,0.0001,đã bắt đc susanoits v a bat c susanoits v
0,0,0.0005,0,0,0.0002,0,0,0.0001,0,0,0.0001,0,0,0.0001,0,0,0.0001,ủa kì vậy lisa nguyên về hát với lại nhảy mà còn cô mh dth và duyên thui lm sao so sánh hai cấp bật khác nhau nữa ua ki vay lisa nguyen ve hat voi lai nhay ma con co mh dth va duyen thui lm sao so sanh hai cap bat khac nhau nua
0,0,0.0006,0,0,0.0002,0,0,0.0001,0,0,0.0001,0,0,0.0001,0,0,0.0001,đoàn văn ngọc sơn abe nhái bản quyền rồi cụ tổ ơi i oan van ngoc son abe nhai ban quyen roi cu to oi i
0,0,0.0011,0,0,0.0002,0,0,0.0001,0,0,0.0001,0,0,0.0,0,0,0.0001,tạo nghiệp nhiều vá để dành cho đình cho chồng con và cả bản thân mình hưỡng tiền thì hết mà nghiệp vẫn mang theo suốt đời không có mất đâu tạo ngiep để răn hương tao nghiep nhieu va e danh cho inh cho chong con va ca ban than minh huong tien thi het ma nghiep van mang theo suot oi khong co mat au tao ngiep e ran huong
0,0,0.002,0,0,0.0002,0,0,0.0,0,0,0.0,0,0,0.0,0,0,0.0001,quynhanh dt thắng thì chia thua nó chịu hihi quynhanh dt thang thi chia thua no chiu hihi
0,0,0.0004,0,0,0.0002,0,0,0.0001,0,0,0.0001,0,0,0.0001,0,0,0.0001,kkkkkkkkk nghe chị nói chuyện làm đẹp hài quá em ngồi nghe cười mình kkkkkkkkk nghe chi noi chuyen lam ep hai qua em ngoi nghe cuoi minh
0,0,0.0005,0,0,0.0002,0,0,0.0001,0,0,0.0001,0,0,0.0001,0,0,0.0001,ngô sĩ phú ở nhà đi bạn eh ngo si phu o nha i ban eh
0,0,0.016,0,0,0.0008,0,0,0.0,0,0,0.0,0,0,0.0,0,0,0.0001,rồi bị pet nước đấm chưa abe con cac roi bi pet nuoc am chua abe con cac
0,1,0.9733,0,0,0.3348,0,0,0.0001,0,0,0.0001,0,0,0.0001,0,0,0.0001,lần đầu tiên trong đời đọc i bài văn bài giới thiệu cũng là cái điều lệ nó tục tĩu i cách nhân văn đến như thế xin lỗi chứ đm ad viết hay lắm tham gia page luôn v lan au tien trong oi oc i bai van bai gioi thieu cung la cai ieu le no tuc tiu i cach nhan van en nhu the xin loi chu m ad viet hay lam tham gia page luon v
0,0,0.0005,0,0,0.0002,0,0,0.0001,0,0,0.0001,0,0,0.0001,0,0,0.0001,tóc này đẹp hơn chứ con cac toc nay ep hon chu con cac
0,0,0.0005,0,0,0.0002,0,0,0.0001,0,0,0.0001,0,0,0.0001,0,0,0.0001,sống chậm lại c song cham lai c
0,0,0.0009,0,0,0.0002,0,0,0.0001,0,0,0.0001,0,0,0.0,0,0,0.0001,dương dương tôi tkấy bạn hơi vô duyên roi đo rũa ta coi chừng bạn ranh hết đo chỉ la hình bình luận chơi thoi ma làm quá duong duong toi tkay ban hoi vo duyen roi o rua ta coi chung ban ranh het o chi la hinh binh luan choi thoi ma lam qua
0,0,0.3553,0,0,0.0568,0,0,0.0001,0,0,0.0,0,0,0.0,0,0,0.0001,nhìn vợ anh lại nhầm sang diễn viên phụ trong phim về nhà đi con trong các tập trăng mật của vũ và thư bikini gạ thụt vũ nhin vo anh lai nham sang dien vien phu trong phim ve nha i con trong cac tap trang mat cua vu va thu bikini ga thut vu
0,0,0.0005,0,0,0.0002,0,0,0.0001,0,0,0.0001,0,0,0.0001,0,0,0.0001,túng sói bố mẹ tôi ngày xưa chụp hình vẫn ko quên quảng cáo thương hiệu các ông ạ tung soi bo me toi ngay xua chup hinh van ko quen quang cao thuong hieu cac ong a
0,0,0.0005,0,0,0.0002,0,0,0.0001,0,0,0.0001,0,0,0.0001,0,0,0.0001,đây là viêtj nam khi biết tin corona lại suất hiện ay la vietj nam khi biet tin corona lai suat hien
0,0,0.1004,0,0,0.0152,0,0,0.0,0,0,0.0,0,0,0.0,0,0,0.0001,chúng ta sắp lên thiên đàng dòi chung ta sap len thien ang doi
0,0,0.0005,0,0,0.0002,0,0,0.0001,0,0,0.0001,0,0,0.0001,0,0,0.0001,du học sinh úc đâí du hoc sinh uc ai
0,0,0.0005,0,0,0.0002,0,0,0.0001,0,0,0.0001,0,0,0.0001,0,0,0.0001,loan võ okeee xinh xắn nha e loan vo okeee xinh xan nha e
0,0,0.0004,0,0,0.0002,0,0,0.0001,0,0,0.0001,0,0,0.0001,0,0,0.0001,cười nhiều vào nhé anh em cuoi nhieu vao nhe anh em
0,0,0.0007,0,0,0.0001,0,0,0.0001,0,0,0.0001,0,0,0.0001,0,0,0.0001,tôi mệt đến nỗi ai muốn hiểu sao cũng đk chẳng buồn giải thích nữa toi met en noi ai muon hieu sao cung k chang buon giai thich nua
0,0,0.3318,0,0,0.0918,0,0,0.0001,0,0,0.0001,0,0,0.0001,0,0,0.0001,tien thinh lại cmt thể hiện à tien thinh lai cmt the hien a
0,0,0.0004,0,0,0.0002,0,0,0.0001,0,0,0.0001,0,0,0.0001,0,0,0.0001,chi vui qua ma co doyen nua chi vui qua ma co doyen nua
0,0,0.0005,0,0,0.0002,0,0,0.0001,0,0,0.0001,0,0,0.0001,0,0,0.0001,phạm cường hồi xưa nổ vui lắm pham cuong hoi xua no vui lam
1,1,0.9937,1,1,0.756,0,0,0.0002,0,0,0.0002,0,0,0.0002,0,0,0.0002,nghèo chết mẹ thiếu nợ người ta chết mẹ bộ mặt con mẹ gì nguỵ biện ngheo chet me thieu no nguoi ta chet me bo mat con me gi nguy bien
1,1,0.8918,0,0,0.0802,0,0,0.0001,0,0,0.0001,0,0,0.0001,0,0,0.0001,con chó phải không con cho phai khong
0,0,0.0005,0,0,0.0002,0,0,0.0001,0,0,0.0001,0,0,0.0001,0,0,0.0001,chịu á cccc chiu a cccc
0,0,0.0005,0,0,0.0002,0,0,0.0001,0,0,0.0001,0,0,0.0001,0,0,0.0001,ok tkask thấy dấu bé ba ok tkask thay dau be ba
0,0,0.0006,0,0,0.0002,0,0,0.0001,0,0,0.0001,0,0,0.0001,0,0,0.0001,nhism nhism
0,0,0.0006,0,0,0.0002,0,0,0.0001,0,0,0.0001,0,0,0.0001,0,0,0.0001,trong những ng biểu tình dĩ nhiên có những ng đi vs cái tâm rất tốt trong nhung ng bieu tinh di nhien co nhung ng i vs cai tam rat tot
0,0,0.2826,0,0,0.0082,0,0,0.0001,0,0,0.0001,0,0,0.0001,0,0,0.0001,đang buồn nghe tỉnh cmnl ang buon nghe tinh cmnl
0,0,0.0298,0,0,0.0018,0,0,0.0,0,0,0.0,0,0,0.0,0,0,0.0001,bởi vậy khi gậy như ý quẩy xuống biển cá tôm chết hết nghi án tôn ngộ k đang ở hà tĩnh boi vay khi gay nhu y quay xuong bien ca tom chet het nghi an ton ngo k ang o ha tinh
0,0,0.0005,0,0,0.0002,0,0,0.0001,0,0,0.0001,0,0,0.0001,0,0,0.0001,đã bảo hông xem hoạt hình a bao hong xem hoat hinh
0,0,0.0006,0,0,0.0002,0,0,0.0001,0,0,0.0001,0,0,0.0001,0,0,0.0001,vest độc nhất vô nhị chỉ có trên cao bằng mới có con cac vest oc nhat vo nhi chi co tren cao bang moi co con cac
0,0,0.0006,0,0,0.0002,0,0,0.0001,0,0,0.0001,0,0,0.0001,0,0,0.0001,đúng một quả ảnh hợp lí ung mot qua anh hop li
0,0,0.0013,0,0,0.0002,0,0,0.0,0,0,0.0001,0,0,0.0,0,0,0.0001,ai thích t nói đi t vã lắm rồi c ai thich t noi i t va lam roi c
0,0,0.0007,0,0,0.0002,0,0,0.0001,0,0,0.0001,0,0,0.0001,0,0,0.0001,cấm đứa nào like nữa v cam ua nao like nua v
0,0,0.0005,0,0,0.0002,0,0,0.0001,0,0,0.0001,0,0,0.0001,0,0,0.0001,cầu chúc cho bác dần sống thọ ioo tuổi để còn phục vụ nhân dân trong nước tuy bác ở hải ngoại rất thích bác dần luôn cau chuc cho bac dan song tho ioo tuoi e con phuc vu nhan dan trong nuoc tuy bac o hai ngoai rat thich bac dan luon
0,0,0.0049,0,0,0.0005,0,0,0.0,0,0,0.0,0,0,0.0,0,0,0.0,sao các nước không thi nhau xem ai bị bệnh nhiều hơn như lúc đấu tranh ý nhỉ sao cac nuoc khong thi nhau xem ai bi benh nhieu hon nhu luc au tranh y nhi
0,0,0.0005,0,0,0.0001,0,0,0.0001,0,0,0.0001,0,0,0.0001,0,0,0.0001,nghe có vẻ vô lí mà hết sức thuyết phục nghe co ve vo li ma het suc thuyet phuc
0,0,0.001,0,0,0.0002,0,0,0.0001,0,0,0.0001,0,0,0.0,0,0,0.0001,chả thế thì sao cha the thi sao
0,0,0.0007,0,0,0.0002,0,0,0.0001,0,0,0.0001,0,0,0.0,0,0,0.0001,kẻ tổn thương lại muốn tổn thương người khác ke ton thuong lai muon ton thuong nguoi khac
0,0,0.0004,0,0,0.0002,0,0,0.0001,0,0,0.0001,0,0,0.0001,0,0,0.0001,e trang điểm lại cho chị rồi giáng sinh vui vẻ c nhé e e trang iem lai cho chi roi giang sinh vui ve c nhe e
0,0,0.0005,0,0,0.0002,0,0,0.0001,0,0,0.0001,0,0,0.0001,0,0,0.0001,sau khi anh tôi tỉnh dậy sau khi anh toi tinh day
0,0,0.0004,0,0,0.0002,0,0,0.0001,0,0,0.0001,0,0,0.0001,0,0,0.0001,hi i chào cậu hi i chao cau
0,0,0.0005,0,0,0.0002,0,0,0.0001,0,0,0.0001,0,0,0.0001,0,0,0.0001,chú nói đúng chu noi ung
0,1,0.9945,0,1,0.9347,0,0,0.0003,0,0,0.0002,0,0,0.0003,0,0,0.0002,gõ chài đâm tiêu vô đầu nó đi cô go chai am tieu vo au no i co
1,1,0.9903,1,1,0.8932,0,0,0.0002,0,0,0.0002,0,0,0.0002,0,0,0.0001,mấy con cá đàn áp dân từ dân mà ra đc chính phủ trả tiền và trao quyền lực để quay lại đàn áp dân may con ca an ap dan tu dan ma ra c chinh phu tra tien va trao quyen luc e quay lai an ap dan
1,0,0.0655,1,0,0.0132,0,0,0.0001,0,0,0.0,0,0,0.0,0,0,0.0001,nha tien tri cung so virut hay sao tien tri noi cong san tieu tan ma noi lao nha tien tri cung so virut hay sao tien tri noi cong san tieu tan ma noi lao
0,0,0.003,0,0,0.0002,0,0,0.0,0,0,0.0,0,0,0.0,0,0,0.0001,dậy thì không thành công day thi khong thanh cong
0,0,0.0005,0,0,0.0002,0,0,0.0001,0,0,0.0001,0,0,0.0001,0,0,0.0001,mở khóa mo khoa
0,0,0.0007,0,0,0.0002,0,0,0.0001,0,0,0.0001,0,0,0.0,0,0,0.0001,viết sang đúng ời viet sang ung oi
0,0,0.0005,0,0,0.0002,0,0,0.0001,0,0,0.0001,0,0,0.0001,0,0,0.0001,mì tôm alaska nghèo mi tom alaska ngheo
0,0,0.0031,0,0,0.0002,0,0,0.0,0,0,0.0,0,0,0.0,0,0,0.0001,bích hường vai lon bich huong vai lon
0,0,0.0005,0,0,0.0002,0,0,0.0001,0,0,0.0001,0,0,0.0001,0,0,0.0001,nam linh bạn ko phải fan ko hiểu đc mình nghĩ bạn nên nghe lại để cảm nhận đừng vội phán xét nam linh ban ko phai fan ko hieu c minh nghi ban nen nghe lai e cam nhan ung voi phan xet
1,1,0.9822,1,1,0.7964,0,0,0.0002,0,0,0.0001,0,0,0.0001,0,0,0.0001,d m thắm ơi cho em vào lại không sợ chó đi em sai rồi hôm sau em k giám chúc mừng năm mới nữa huhu d m tham oi cho em vao lai khong so cho i em sai roi hom sau em k giam chuc mung nam moi nua huhu
0,0,0.0007,0,0,0.0002,0,0,0.0001,0,0,0.0001,0,0,0.0001,0,0,0.0001,khúc sau đâu abe khuc sau au abe
1,0,0.0108,1,0,0.0011,0,0,0.0,0,0,0.0,0,0,0.0,0,0,0.0,hàn quốc thuợng đẳng lắm mọi người đừng lo cho hàn quốc nha han quoc thuong ang lam moi nguoi ung lo cho han quoc nha
1,1,0.995,0,1,0.9222,0,0,0.0003,0,0,0.0003,0,0,0.0003,0,0,0.0002,dạng háng bắt sele bu cu chứ gì thầy dang hang bat sele bu cu chu gi thay
1,1,0.9939,1,1,0.9521,0,0,0.0003,0,0,0.0003,0,0,0.0003,0,0,0.0002,dou ma thầy dou ma thay
1,1,0.9954,1,1,0.9658,0,0,0.0005,0,0,0.0004,0,0,0.0004,0,0,0.0003,biết bao xương máu của con dân việt nam đã đổ xuống nhuộm đỏ mảnh đất này mới có được ngày hôm nay vì lòng tham không đáy mà bọn chó cộng sản tiếp tay cho trung cộng tàn phá đất nước rồi sau này con cháu sẽ đào mã chôn xác bọn mày cùng tổ tiên nhà bọn mày lên rủa bọn mày có chết cũng không được yên đâu biet bao xuong mau cua con dan viet nam a o xuong nhuom o manh at nay moi co uoc ngay hom nay vi long tham khong ay ma bon cho cong san tiep tay cho trung cong tan pha at nuoc roi sau nay con chau se ao ma chon xac bon may cung to tien nha bon may len rua bon may co chet cung khong uoc yen au
1,1,0.9943,0,1,0.8181,0,0,0.0002,0,0,0.0002,0,0,0.0002,0,0,0.0002,đánh con mẹ gì trúng zok xao lol con cac anh con me gi trung zok xao lol con cac
0,0,0.0005,0,0,0.0002,0,0,0.0001,0,0,0.0001,0,0,0.0001,0,0,0.0001,hic bác trần dần giác ngộ rồi mốt về việt nam dẫn ông đi ăn tui lê quang định nè về đi bác ơi kk hic bac tran dan giac ngo roi mot ve viet nam dan ong i an tui le quang inh ne ve i bac oi kk
0,0,0.0005,0,0,0.0002,0,0,0.0001,0,0,0.0001,0,0,0.0001,0,0,0.0001,cực kì đẹp trai con cac cuc ki ep trai con cac
0,0,0.0005,0,0,0.0002,0,0,0.0001,0,0,0.0001,0,0,0.0001,0,0,0.0001,chị ba vàng ngọc chụ thật lắm chị làm phúcv gửi cho bệnh nhi ung bướu ở bv ung bướu bình thạnh vì trăm triệu cho các con vô đủ toa thuốc kéo dài sinh mạng của các con với chi ba vang ngoc chu that lam chi lam phucv gui cho benh nhi ung buou o bv ung buou binh thanh vi tram trieu cho cac con vo u toa thuoc keo dai sinh mang cua cac con voi
0,0,0.0005,0,0,0.0002,0,0,0.0001,0,0,0.0001,0,0,0.0001,0,0,0.0001,nhìn chị sinh rồi giờ làm đẹp nữa thì chai việt kiều theo chỉ cả đoàn đây chỉ à nhin chi sinh roi gio lam ep nua thi chai viet kieu theo chi ca oan ay chi a
1,1,0.9945,0,0,0.4918,0,0,0.0003,0,0,0.0003,0,0,0.0002,0,0,0.0003,yeu nhau ko bao giờ được dụ nha anh nhưng mà phải liếm lôn nha a yeu nhau ko bao gio uoc du nha anh nhung ma phai liem lon nha a
0,0,0.0005,0,0,0.0002,0,0,0.0001,0,0,0.0001,0,0,0.0001,0,0,0.0001,cayyy cayyy
0,0,0.0005,0,0,0.0002,0,0,0.0001,0,0,0.0001,0,0,0.0001,0,0,0.0001,nam nay đã lớn update dmg d nam nay a lon update dmg d
0,0,0.0005,0,0,0.0002,0,0,0.0001,0,0,0.0001,0,0,0.0001,0,0,0.0001,anh sắp cover cô thắm không về ae nhớ ủng hộ anh sap cover co tham khong ve ae nho ung ho
1,0,0.0075,1,0,0.0006,0,0,0.0,0,0,0.0,0,0,0.0,0,0,0.0,phương minn giống nhau đến thế haha nhạc nhẽo nghe như con cac phuong minn giong nhau en the haha nhac nheo nghe nhu con cac
1,0,0.001,1,0,0.0002,0,0,0.0001,0,0,0.0001,0,0,0.0,0,0,0.0001,sela tuổi gì với abe ccc sela tuoi gi voi abe ccc
0,0,0.0017,0,0,0.0002,0,0,0.0,0,0,0.0001,0,0,0.0,0,0,0.0001,quần cao bằng ccc quan cao bang ccc
0,0,0.0005,0,0,0.0002,0,0,0.0001,0,0,0.0001,0,0,0.0001,0,0,0.0001,trần dần em yêu anh tran dan em yeu anh
0,0,0.4928,0,0,0.0159,0,0,0.0001,0,0,0.0001,0,0,0.0001,0,0,0.0001,nói thô thiển thì nghe như đấm vào tai ấy chưa bh nghe dc hết nửa bài sao giờ gu nghe nhạc của mng mặn thế cơ chứ lại noi tho thien thi nghe nhu am vao tai ay chua bh nghe dc het nua bai sao gio gu nghe nhac cua mng man the co chu lai
0,0,0.0004,0,0,0.0002,0,0,0.0001,0,0,0.0001,0,0,0.0001,0,0,0.0001,page có aoz fan cứng lận bao giờ ms tới lượt v page co aoz fan cung lan bao gio ms toi luot v
